{"mid": "4744335646000068", "mblogid": "LiBn6paTi", "uid": 5821227707, "name": "黑科李少侠", "data": {"visible_type": 0, "visible_list_id": 0, "time": "2022-03-07 10:47:06", "profile_image_url": "https://tvax3.sinaimg.cn/crop.0.0.640.640.50/006lXhftly8gy7fg2nqzjj30hs0hsdgp.jpg?KID=imgbed,tva&Expires=1646652108&ssig=GBzqgyvnKA", "profile_url": "/u/5821227707", "verified": false, "verified_type": -1, "domain": "", "weihao": "", "verified_type_ext": null, "avatar_large": "https://tvax3.sinaimg.cn/crop.0.0.640.640.180/006lXhftly8gy7fg2nqzjj30hs0hsdgp.jpg?KID=imgbed,tva&Expires=1646652108&ssig=FO4RQvhEHe", "avatar_hd": "https://tvax3.sinaimg.cn/crop.0.0.640.640.1024/006lXhftly8gy7fg2nqzjj30hs0hsdgp.jpg?KID=imgbed,tva&Expires=1646652108&ssig=idNJ1ZWLZb", "follow_me": false, "following": false, "mbrank": 1, "mbtype": 2, "planet_video": false, "icon_list": [], "can_edit": false, "textLength": 337, "source": "iPhone客户端", "favorited": false, "cardid": null, "pic_ids": ["006lXhftly1h014j8nhnyj30c80jrq5j"], "geo": null, "pic_num": 1, "is_paid": false, "mblog_vip_type": 0, "reposts_count": 309, "comments_count": 600, "attitudes_count": 2021, "attitudes_status": 0, "isLongText": true, "mlevel": 8388608, "content_auth": 0, "is_show_bulletin": 2, "mblogtype": 0, "showFeedRepost": false, "showFeedComment": false, "pictureViewerSign": false, "showPictureViewer": false, "repost_type": null, "share_repost_type": 0, "text": "【#苹果宣布暂停在俄销售产品并关闭部分功能#[汗]】\n美国苹果公司也参与了对俄罗斯的制裁，当地时间3月1日，美国苹果公司发表声明称，将暂停在俄罗斯销售苹果公司产品并限制苹果支付功能。\n苹果这个行为真是让大家深刻体会到，国家科技自主创新、有自己国产品牌的重要性，哪天中美有矛盾冲突了，美国企 ​​​"}}