{"mid": "4744362329901785", "mblogid": "LiC48FxUd", "uid": 2214257545, "name": "YouTube精选", "data": {"visible_type": 0, "visible_list_id": 0, "time": "2022-03-07 12:33:08", "profile_image_url": "https://tvax4.sinaimg.cn/crop.0.0.996.996.50/83fae389ly8gdikzc0shcj20ro0rot9f.jpg?KID=imgbed,tva&Expires=1646754286&ssig=vBXX8U3JiJ", "profile_url": "/u/2214257545", "verified": true, "verified_type": 0, "domain": "youtube", "weihao": "", "verified_type_ext": 1, "avatar_large": "https://tvax4.sinaimg.cn/crop.0.0.996.996.180/83fae389ly8gdikzc0shcj20ro0rot9f.jpg?KID=imgbed,tva&Expires=1646754286&ssig=1klRu4u3Dt", "avatar_hd": "https://tvax4.sinaimg.cn/crop.0.0.996.996.1024/83fae389ly8gdikzc0shcj20ro0rot9f.jpg?KID=imgbed,tva&Expires=1646754286&ssig=bgX4%2Be6ToS", "follow_me": false, "following": false, "mbrank": 7, "mbtype": 12, "planet_video": false, "icon_list": [{"type": "vip", "data": {"mbrank": 7, "mbtype": 12}}], "can_edit": false, "textLength": 358, "source": "微博视频号", "favorited": false, "cardid": null, "pic_ids": [], "geo": null, "pic_num": 0, "is_paid": false, "mblog_vip_type": 0, "reposts_count": 1166, "comments_count": 301, "attitudes_count": 3944, "attitudes_status": 0, "isLongText": true, "mlevel": 0, "content_auth": 0, "is_show_bulletin": 2, "mblogtype": 0, "showFeedRepost": false, "showFeedComment": false, "pictureViewerSign": false, "showPictureViewer": false, "repost_type": null, "share_repost_type": 0, "text": "【狗狗国王】\n13年前，塞尔维亚的电工 Sasha Pesic 在路边捡到了一条流浪的小狗，这场奇妙的相遇，唤醒了他内心深处的爱意，从此逐渐走上了救助流浪狗的人生。\n\n如今，大叔成立了自己的收容所“Sasha's Shelter”，总共救助了1700多只狗狗。而其中，已经有500多只狗狗找到了爱自己的家庭，也还有750只 ​​​"}}