{"mid": "4744405582350668", "mblogid": "LiDbU9Rw0", "uid": 6508016609, "name": "风闻社区", "data": {"visible_type": 0, "visible_list_id": 0, "time": "2022-03-07 15:25:00", "profile_image_url": "https://tvax2.sinaimg.cn/crop.0.0.1080.1080.50/0076qYpPly8gkbyy4v7rfj30u00u0q44.jpg?KID=imgbed,tva&Expires=1646717840&ssig=G4DyggUB7t", "profile_url": "/u/6508016609", "verified": true, "verified_type": 7, "domain": "", "weihao": "", "verified_type_ext": 0, "avatar_large": "https://tvax2.sinaimg.cn/crop.0.0.1080.1080.180/0076qYpPly8gkbyy4v7rfj30u00u0q44.jpg?KID=imgbed,tva&Expires=1646717840&ssig=n4J5mGP%2FTX", "avatar_hd": "https://tvax2.sinaimg.cn/crop.0.0.1080.1080.1024/0076qYpPly8gkbyy4v7rfj30u00u0q44.jpg?KID=imgbed,tva&Expires=1646717840&ssig=ZI40O%2FPAhr", "follow_me": false, "following": false, "mbrank": 6, "mbtype": 12, "planet_video": false, "icon_list": [{"type": "vip", "data": {"mbrank": 6, "mbtype": 12}}], "can_edit": false, "textLength": 54, "source": "微博 weibo.com", "favorited": false, "cardid": "star_583", "pic_ids": ["0076qYpPgy1h01c97cfozj30u01al45r", "0076qYpPgy1h01c9au4w7j30m80cijrr"], "geo": null, "pic_num": 2, "is_paid": false, "mblog_vip_type": 0, "reposts_count": 57, "comments_count": 46, "attitudes_count": 1407, "attitudes_status": 0, "isLongText": false, "mlevel": 0, "content_auth": 0, "is_show_bulletin": 2, "mblogtype": 0, "showFeedRepost": false, "showFeedComment": false, "pictureViewerSign": false, "showPictureViewer": false, "repost_type": null, "share_repost_type": 0, "text": "政协委员朱征夫：#被拐妇女对加害人的暴力行为应视为自卫# ​​​"}, "children": [{"mid": "4744406647440488", "mblogid": "LiDdCvdBS", "uid": 1849382690, "name": "-Aqualeaf-2045-", "data": {"visible_type": 0, "visible_list_id": 0, "time": "2022-03-07 15:29:14", "profile_image_url": "https://tvax3.sinaimg.cn/crop.0.0.896.896.50/6e3b5722ly8g1m8zd2zitj20ow0owwhi.jpg?KID=imgbed,tva&Expires=1646717853&ssig=cW45P0T1Y0", "profile_url": "/u/1849382690", "verified": false, "verified_type": -1, "domain": "nocturnerene", "weihao": "", "verified_type_ext": null, "avatar_large": "https://tvax3.sinaimg.cn/crop.0.0.896.896.180/6e3b5722ly8g1m8zd2zitj20ow0owwhi.jpg?KID=imgbed,tva&Expires=1646717853&ssig=8SLQOVadMT", "avatar_hd": "https://tvax3.sinaimg.cn/crop.0.0.896.896.1024/6e3b5722ly8g1m8zd2zitj20ow0owwhi.jpg?KID=imgbed,tva&Expires=1646717853&ssig=EMGzpkBl4s", "follow_me": false, "following": false, "mbrank": 0, "mbtype": 0, "planet_video": false, "icon_list": [], "can_edit": false, "textLength": null, "source": "iPhone客户端", "favorited": false, "cardid": null, "pic_ids": [], "geo": null, "pic_num": 0, "is_paid": false, "mblog_vip_type": 0, "reposts_count": 0, "comments_count": 0, "attitudes_count": 0, "attitudes_status": 0, "isLongText": false, "mlevel": 0, "content_auth": 0, "is_show_bulletin": 2, "mblogtype": 0, "showFeedRepost": false, "showFeedComment": false, "pictureViewerSign": false, "showPictureViewer": false, "repost_type": 1, "share_repost_type": 0, "text": "转发"}, "pid": "4744405582350668", "children": []}, {"mid": "4744406861876188", "mblogid": "LiDdY7S56", "uid": 6242892748, "name": "倒闭了搬家ing", "data": {"visible_type": 0, "visible_list_id": 0, "time": "2022-03-07 15:30:05", "profile_image_url": "https://tvax4.sinaimg.cn/crop.0.0.512.512.50/006OuxAwly8gn2j60vid3j30e80e8wi9.jpg?KID=imgbed,tva&Expires=1646717853&ssig=dUjxU9S9ok", "profile_url": "/u/6242892748", "verified": false, "verified_type": -1, "domain": "", "weihao": "", "verified_type_ext": null, "avatar_large": "https://tvax4.sinaimg.cn/crop.0.0.512.512.180/006OuxAwly8gn2j60vid3j30e80e8wi9.jpg?KID=imgbed,tva&Expires=1646717853&ssig=VyPVCbwYus", "avatar_hd": "https://tvax4.sinaimg.cn/crop.0.0.512.512.1024/006OuxAwly8gn2j60vid3j30e80e8wi9.jpg?KID=imgbed,tva&Expires=1646717853&ssig=Fqk5MFf5hP", "follow_me": false, "following": false, "mbrank": 1, "mbtype": 2, "planet_video": true, "icon_list": [], "can_edit": false, "textLength": null, "source": "微博国际版", "favorited": false, "cardid": null, "pic_ids": [], "geo": null, "pic_num": 0, "is_paid": false, "mblog_vip_type": 0, "reposts_count": 0, "comments_count": 0, "attitudes_count": 0, "attitudes_status": 0, "isLongText": false, "mlevel": 0, "content_auth": 0, "is_show_bulletin": 2, "mblogtype": 0, "showFeedRepost": false, "showFeedComment": false, "pictureViewerSign": false, "showPictureViewer": false, "repost_type": 1, "share_repost_type": 0, "text": "收买人是加害人"}, "pid": "4744405582350668", "children": []}, {"mid": "4744409385799417", "mblogid": "LiDi2okGZ", "uid": 1653863507, "name": "海底静默", "data": {"visible_type": 0, "visible_list_id": 0, "time": "2022-03-07 15:40:07", "profile_image_url": "https://tvax4.sinaimg.cn/crop.0.0.896.896.50/6293f453ly8gyer6a8zqej20ow0owgpm.jpg?KID=imgbed,tva&Expires=1646717853&ssig=O06U%2FB9PJx", "profile_url": "/u/1653863507", "verified": false, "verified_type": 220, "domain": "jingyaoyaoya", "weihao": "", "verified_type_ext": null, "avatar_large": "https://tvax4.sinaimg.cn/crop.0.0.896.896.180/6293f453ly8gyer6a8zqej20ow0owgpm.jpg?KID=imgbed,tva&Expires=1646717853&ssig=ucyYsEyE%2FW", "avatar_hd": "https://tvax4.sinaimg.cn/crop.0.0.896.896.1024/6293f453ly8gyer6a8zqej20ow0owgpm.jpg?KID=imgbed,tva&Expires=1646717853&ssig=1MuE9mh97E", "follow_me": false, "following": false, "mbrank": 0, "mbtype": 0, "planet_video": true, "icon_list": [{"type": "icon", "data": {"value": "1", "icon_img": "http://n.sinaimg.cn/www/ea31a93f/20220121/feed_icon_torch@2x.png", "title": "我是火炬网络护跑手", "url": ""}}, {"type": "icon", "data": {"value": "1", "icon_img": "https://h5.sinaimg.cn/upload/103/1651/2021/12/11/feed_icon_21wbnight32x28.png", "title": "微博之夜", "url": "https://huodong.weibo.com/netchina2021/index"}}], "can_edit": false, "textLength": null, "source": "新版微博 weibo.com", "favorited": false, "cardid": null, "pic_ids": [], "geo": null, "pic_num": 0, "is_paid": false, "mblog_vip_type": 0, "reposts_count": 0, "comments_count": 0, "attitudes_count": 0, "attitudes_status": 0, "isLongText": false, "mlevel": 0, "content_auth": 0, "is_show_bulletin": 2, "mblogtype": 0, "showFeedRepost": false, "showFeedComment": false, "pictureViewerSign": false, "showPictureViewer": false, "repost_type": 2, "share_repost_type": 0, "text": "快转微博"}, "pid": "4744405582350668", "children": []}, {"mid": "4744411344798328", "mblogid": "LiDlck8go", "uid": 1831836167, "name": "wsztg_zLdZ", "data": {"visible_type": 0, "visible_list_id": 0, "time": "2022-03-07 15:47:53", "profile_image_url": "https://tva2.sinaimg.cn/crop.0.0.180.180.50/6d2f9a07jw1e8qgp5bmzyj2050050aa8.jpg?KID=imgbed,tva&Expires=1646717852&ssig=Ys0s3OzlQ9", "profile_url": "/u/1831836167", "verified": false, "verified_type": -1, "domain": "", "weihao": "", "verified_type_ext": null, "avatar_large": "https://tva2.sinaimg.cn/crop.0.0.180.180.180/6d2f9a07jw1e8qgp5bmzyj2050050aa8.jpg?KID=imgbed,tva&Expires=1646717852&ssig=rpSS%2FVejHt", "avatar_hd": "https://tva2.sinaimg.cn/crop.0.0.180.180.1024/6d2f9a07jw1e8qgp5bmzyj2050050aa8.jpg?KID=imgbed,tva&Expires=1646717852&ssig=gvl%2B%2BAymTp", "follow_me": false, "following": false, "mbrank": 0, "mbtype": 0, "planet_video": true, "icon_list": [{"type": "icon", "data": {"value": "1", "icon_img": "http://n.sinaimg.cn/www/ea31a93f/20220213/feed_icon_BingDwenDwenShueyRhonRhon@2x.png", "title": "微博实现一墩一融", "url": "https://s.weibo.com/weibo?q=%23为中国冬奥健儿加油%23"}}], "can_edit": false, "textLength": null, "source": "iPhone客户端", "favorited": false, "cardid": null, "pic_ids": [], "geo": null, "pic_num": 0, "is_paid": false, "mblog_vip_type": 0, "reposts_count": 0, "comments_count": 0, "attitudes_count": 0, "attitudes_status": 0, "isLongText": false, "mlevel": 0, "content_auth": 0, "is_show_bulletin": 2, "mblogtype": 0, "showFeedRepost": false, "showFeedComment": false, "pictureViewerSign": false, "showPictureViewer": false, "repost_type": 1, "share_repost_type": 0, "text": "转发"}, "pid": "4744405582350668", "children": []}, {"mid": "4744413882352740", "mblogid": "LiDpi9S3q", "uid": 1073242730, "name": "平凡6889", "data": {"visible_type": 0, "visible_list_id": 0, "time": "2022-03-07 15:57:58", "profile_image_url": "https://tvax3.sinaimg.cn/crop.0.0.996.996.50/3ff8626aly8g71eb0cdocj20ro0ro0ul.jpg?KID=imgbed,tva&Expires=1646717852&ssig=89%2BEgVNaZb", "profile_url": "/u/1073242730", "verified": false, "verified_type": -1, "domain": "", "weihao": "", "verified_type_ext": null, "avatar_large": "https://tvax3.sinaimg.cn/crop.0.0.996.996.180/3ff8626aly8g71eb0cdocj20ro0ro0ul.jpg?KID=imgbed,tva&Expires=1646717852&ssig=KxIod8K%2Byo", "avatar_hd": "https://tvax3.sinaimg.cn/crop.0.0.996.996.1024/3ff8626aly8g71eb0cdocj20ro0ro0ul.jpg?KID=imgbed,tva&Expires=1646717852&ssig=yG%2FTX3Eubs", "follow_me": false, "following": false, "mbrank": 0, "mbtype": 0, "planet_video": true, "icon_list": [], "can_edit": false, "textLength": null, "source": "小米10", "favorited": false, "cardid": null, "pic_ids": [], "geo": null, "pic_num": 0, "is_paid": false, "mblog_vip_type": 0, "reposts_count": 0, "comments_count": 0, "attitudes_count": 0, "attitudes_status": 0, "isLongText": false, "mlevel": 0, "content_auth": 0, "is_show_bulletin": 2, "mblogtype": 0, "showFeedRepost": false, "showFeedComment": false, "pictureViewerSign": false, "showPictureViewer": false, "repost_type": 4, "share_repost_type": 0, "text": "朱征夫政协委员[good][good][good]"}, "pid": "4744405582350668", "children": []}, {"mid": "4744415186781599", "mblogid": "LiDrosscD", "uid": 2405370630, "name": "不科学产品说明书", "data": {"visible_type": 0, "visible_list_id": 0, "time": "2022-03-07 16:03:10", "profile_image_url": "https://tvax1.sinaimg.cn/crop.0.0.70.70.50/8f5f0b06ly8gzls8pdy3mj201y01ywe9.jpg?KID=imgbed,tva&Expires=1646717852&ssig=D5rbSW8slW", "profile_url": "/u/2405370630", "verified": false, "verified_type": -1, "domain": "himawariyayu", "weihao": "", "verified_type_ext": null, "avatar_large": "https://tvax1.sinaimg.cn/crop.0.0.70.70.180/8f5f0b06ly8gzls8pdy3mj201y01ywe9.jpg?KID=imgbed,tva&Expires=1646717852&ssig=DAP3VvEXcl", "avatar_hd": "https://tvax1.sinaimg.cn/crop.0.0.70.70.1024/8f5f0b06ly8gzls8pdy3mj201y01ywe9.jpg?KID=imgbed,tva&Expires=1646717852&ssig=XFuRyWg2Sf", "follow_me": false, "following": false, "mbrank": 1, "mbtype": 2, "planet_video": false, "icon_list": [{"type": "icon", "data": {"value": "1", "icon_img": "http://n.sinaimg.cn/www/ea31a93f/20220213/feed_icon_BingDwenDwenShueyRhonRhon@2x.png", "title": "微博实现一墩一融", "url": "https://s.weibo.com/weibo?q=%23为中国冬奥健儿加油%23"}}], "can_edit": false, "textLength": null, "source": "微博国际版", "favorited": false, "cardid": null, "pic_ids": [], "geo": null, "pic_num": 0, "is_paid": false, "mblog_vip_type": 0, "reposts_count": 0, "comments_count": 0, "attitudes_count": 0, "attitudes_status": 0, "isLongText": false, "mlevel": 0, "content_auth": 0, "is_show_bulletin": 2, "mblogtype": 0, "showFeedRepost": false, "showFeedComment": false, "pictureViewerSign": false, "showPictureViewer": false, "repost_type": 1, "share_repost_type": 0, "text": "转发微博"}, "pid": "4744405582350668", "children": []}, {"mid": "4744417422085624", "mblogid": "LiDv08Kz6", "uid": 3048299264, "name": "风轻不留痕", "data": {"visible_type": 0, "visible_list_id": 0, "time": "2022-03-07 16:12:03", "profile_image_url": "https://tvax4.sinaimg.cn/crop.157.21.533.533.50/b5b15b00ly8fr2qvajbztj20qo0m876f.jpg?KID=imgbed,tva&Expires=1646717852&ssig=bVjAoXGlpr", "profile_url": "/u/3048299264", "verified": false, "verified_type": -1, "domain": "", "weihao": "", "verified_type_ext": null, "avatar_large": "https://tvax4.sinaimg.cn/crop.157.21.533.533.180/b5b15b00ly8fr2qvajbztj20qo0m876f.jpg?KID=imgbed,tva&Expires=1646717852&ssig=HngfQg%2BZzv", "avatar_hd": "https://tvax4.sinaimg.cn/crop.157.21.533.533.1024/b5b15b00ly8fr2qvajbztj20qo0m876f.jpg?KID=imgbed,tva&Expires=1646717852&ssig=O0f8ihImus", "follow_me": false, "following": false, "mbrank": 0, "mbtype": 0, "planet_video": true, "icon_list": [], "can_edit": false, "textLength": null, "source": "小米8周年旗舰手机", "favorited": false, "cardid": null, "pic_ids": [], "geo": null, "pic_num": 0, "is_paid": false, "mblog_vip_type": 0, "reposts_count": 0, "comments_count": 0, "attitudes_count": 0, "attitudes_status": 0, "isLongText": false, "mlevel": 0, "content_auth": 0, "is_show_bulletin": 2, "mblogtype": 0, "showFeedRepost": false, "showFeedComment": false, "pictureViewerSign": false, "showPictureViewer": false, "repost_type": 5, "share_repost_type": 0, "text": "//@古狼雨:这个提议好，对于被拐女性，应该允许使用任何办法帮助自己解脱魔爪。"}, "pid": "4744405582350668", "children": []}, {"mid": "4744420072624031", "mblogid": "LiDzhb0D5", "uid": 7728280651, "name": "嘿嘿小脑斧-", "data": {"visible_type": 0, "visible_list_id": 0, "time": "2022-03-07 16:22:35", "profile_image_url": "https://tvax4.sinaimg.cn/crop.0.0.693.693.50/008r14PVly8gx7t2osjfkj30j90j9aaj.jpg?KID=imgbed,tva&Expires=1646717852&ssig=fILAZ1rXpb", "profile_url": "/u/7728280651", "verified": false, "verified_type": -1, "domain": "", "weihao": "", "verified_type_ext": null, "avatar_large": "https://tvax4.sinaimg.cn/crop.0.0.693.693.180/008r14PVly8gx7t2osjfkj30j90j9aaj.jpg?KID=imgbed,tva&Expires=1646717852&ssig=%2B772cYGsmz", "avatar_hd": "https://tvax4.sinaimg.cn/crop.0.0.693.693.1024/008r14PVly8gx7t2osjfkj30j90j9aaj.jpg?KID=imgbed,tva&Expires=1646717852&ssig=x9uQfaLJ8g", "follow_me": false, "following": false, "mbrank": 0, "mbtype": 0, "planet_video": true, "icon_list": [], "can_edit": false, "textLength": null, "source": "iPhone客户端", "favorited": false, "cardid": null, "pic_ids": [], "geo": null, "pic_num": 0, "is_paid": false, "mblog_vip_type": 0, "reposts_count": 0, "comments_count": 0, "attitudes_count": 0, "attitudes_status": 0, "isLongText": false, "mlevel": 0, "content_auth": 0, "is_show_bulletin": 2, "mblogtype": 0, "showFeedRepost": false, "showFeedComment": false, "pictureViewerSign": false, "showPictureViewer": false, "repost_type": 5, "share_repost_type": 0, "text": "//@马刀猛叔:合着原来都不算啊[费解]"}, "pid": "4744405582350668", "children": []}, {"mid": "4744420124003280", "mblogid": "LiDzmgNr2", "uid": 7728280651, "name": "嘿嘿小脑斧-", "data": {"visible_type": 0, "visible_list_id": 0, "time": "2022-03-07 16:22:47", "profile_image_url": "https://tvax4.sinaimg.cn/crop.0.0.693.693.50/008r14PVly8gx7t2osjfkj30j90j9aaj.jpg?KID=imgbed,tva&Expires=1646717852&ssig=fILAZ1rXpb", "profile_url": "/u/7728280651", "verified": false, "verified_type": -1, "domain": "", "weihao": "", "verified_type_ext": null, "avatar_large": "https://tvax4.sinaimg.cn/crop.0.0.693.693.180/008r14PVly8gx7t2osjfkj30j90j9aaj.jpg?KID=imgbed,tva&Expires=1646717852&ssig=%2B772cYGsmz", "avatar_hd": "https://tvax4.sinaimg.cn/crop.0.0.693.693.1024/008r14PVly8gx7t2osjfkj30j90j9aaj.jpg?KID=imgbed,tva&Expires=1646717852&ssig=x9uQfaLJ8g", "follow_me": false, "following": false, "mbrank": 0, "mbtype": 0, "planet_video": true, "icon_list": [], "can_edit": false, "textLength": null, "source": "iPhone客户端", "favorited": false, "cardid": null, "pic_ids": [], "geo": null, "pic_num": 0, "is_paid": false, "mblog_vip_type": 0, "reposts_count": 1, "comments_count": 0, "attitudes_count": 0, "attitudes_status": 0, "isLongText": false, "mlevel": 0, "content_auth": 0, "is_show_bulletin": 2, "mblogtype": 0, "showFeedRepost": false, "showFeedComment": false, "pictureViewerSign": false, "showPictureViewer": false, "repost_type": 5, "share_repost_type": 0, "text": "//@修成才:很奇怪，这个事还用有争议么？被压迫、被欺辱，反抗就是自卫，这玩意儿用讨论？还是好好讨论下自卫法律吧"}, "pid": "4744405582350668", "children": [{"mid": "4744429846398790", "mblogid": "LiDP2qQCi", "uid": 1740864917, "name": "寻找人生甜味的棉花糖", "data": {"visible_type": 0, "visible_list_id": 0, "time": "2022-03-07 17:01:25", "profile_image_url": "https://tva1.sinaimg.cn/crop.0.0.180.180.50/67c37d95jw1e8qgp5bmzyj2050050aa8.jpg?KID=imgbed,tva&Expires=1646717853&ssig=cOia1k4eyB", "profile_url": "/u/1740864917", "verified": false, "verified_type": -1, "domain": "", "weihao": "", "verified_type_ext": null, "avatar_large": "https://tva1.sinaimg.cn/crop.0.0.180.180.180/67c37d95jw1e8qgp5bmzyj2050050aa8.jpg?KID=imgbed,tva&Expires=1646717853&ssig=mrHyawYcYx", "avatar_hd": "https://tva1.sinaimg.cn/crop.0.0.180.180.1024/67c37d95jw1e8qgp5bmzyj2050050aa8.jpg?KID=imgbed,tva&Expires=1646717853&ssig=Ifj17j96kO", "follow_me": false, "following": false, "mbrank": 0, "mbtype": 0, "planet_video": true, "icon_list": [], "can_edit": false, "textLength": null, "source": "iPhone客户端", "favorited": false, "cardid": null, "pic_ids": [], "geo": null, "pic_num": 0, "is_paid": false, "mblog_vip_type": 0, "reposts_count": 0, "comments_count": 0, "attitudes_count": 0, "attitudes_status": 0, "isLongText": false, "mlevel": 0, "content_auth": 0, "is_show_bulletin": 2, "mblogtype": 0, "showFeedRepost": false, "showFeedComment": false, "pictureViewerSign": false, "showPictureViewer": false, "repost_type": 1, "share_repost_type": 0, "text": "难道法律里面对强奸 非法囚禁虐待等等这些犯罪行为没有相应的法律条款吗 可是明明已经发现是被拐卖的还能说是家庭成员 被强奸折磨还说她有暴力倾向拿铁链拴起来 最后却只说虐待罪啊//@://@修成才:很奇怪，这个事还用有争议么？被压迫、被欺辱，反抗就是自卫，这玩意儿用讨论？还是好好讨论下自卫法律吧"}, "pid": "4744420124003280"}]}, {"mid": "4744424698940677", "mblogid": "LiDGJBvSt", "uid": 5577365422, "name": "李雨鹤ll", "data": {"visible_type": 0, "visible_list_id": 0, "time": "2022-03-07 16:40:58", "profile_image_url": "https://tvax4.sinaimg.cn/crop.0.0.996.996.50/0065s3wOly8fz1hr0tytyj30ro0roab8.jpg?KID=imgbed,tva&Expires=1646717852&ssig=ZcAztB0Sg9", "profile_url": "/u/5577365422", "verified": false, "verified_type": -1, "domain": "", "weihao": "", "verified_type_ext": null, "avatar_large": "https://tvax4.sinaimg.cn/crop.0.0.996.996.180/0065s3wOly8fz1hr0tytyj30ro0roab8.jpg?KID=imgbed,tva&Expires=1646717852&ssig=kMeurJ%2Fsk2", "avatar_hd": "https://tvax4.sinaimg.cn/crop.0.0.996.996.1024/0065s3wOly8fz1hr0tytyj30ro0roab8.jpg?KID=imgbed,tva&Expires=1646717852&ssig=D6iCBohD%2Fg", "follow_me": false, "following": false, "mbrank": 0, "mbtype": 0, "planet_video": true, "icon_list": [], "can_edit": false, "textLength": null, "source": "HUAWEI Mate 40", "favorited": false, "cardid": null, "pic_ids": [], "geo": null, "pic_num": 0, "is_paid": false, "mblog_vip_type": 0, "reposts_count": 0, "comments_count": 0, "attitudes_count": 0, "attitudes_status": 0, "isLongText": false, "mlevel": 0, "content_auth": 0, "is_show_bulletin": 2, "mblogtype": 0, "showFeedRepost": false, "showFeedComment": false, "pictureViewerSign": false, "showPictureViewer": false, "repost_type": 2, "share_repost_type": 0, "text": "快转微博"}, "pid": "4744405582350668"}, {"mid": "4744428494787794", "mblogid": "LiDMRk5wu", "uid": 6512268985, "name": "犀牛biubiu", "data": {"visible_type": 0, "visible_list_id": 0, "time": "2022-03-07 16:56:03", "profile_image_url": "https://tvax4.sinaimg.cn/crop.0.0.1080.1080.50/0076IOExly8gzldn8puaej30u00u0jyd.jpg?KID=imgbed,tva&Expires=1646717852&ssig=v4qo1l4bOH", "profile_url": "/u/6512268985", "verified": false, "verified_type": -1, "domain": "", "weihao": "", "verified_type_ext": null, "avatar_large": "https://tvax4.sinaimg.cn/crop.0.0.1080.1080.180/0076IOExly8gzldn8puaej30u00u0jyd.jpg?KID=imgbed,tva&Expires=1646717852&ssig=RNrjBcs%2BRU", "avatar_hd": "https://tvax4.sinaimg.cn/crop.0.0.1080.1080.1024/0076IOExly8gzldn8puaej30u00u0jyd.jpg?KID=imgbed,tva&Expires=1646717852&ssig=vtHauow9gZ", "follow_me": false, "following": false, "mbrank": 0, "mbtype": 0, "planet_video": false, "icon_list": [], "can_edit": false, "textLength": null, "source": "vivo X27 Pro", "favorited": false, "cardid": null, "pic_ids": [], "geo": null, "pic_num": 0, "is_paid": false, "mblog_vip_type": 0, "reposts_count": 0, "comments_count": 0, "attitudes_count": 0, "attitudes_status": 0, "isLongText": false, "mlevel": 0, "content_auth": 0, "is_show_bulletin": 2, "mblogtype": 0, "showFeedRepost": false, "showFeedComment": false, "pictureViewerSign": false, "showPictureViewer": false, "repost_type": 2, "share_repost_type": 0, "text": "快转微博"}, "pid": "4744405582350668"}, {"mid": "4744432467316126", "mblogid": "LiDTguHg2", "uid": 7397315159, "name": "多喝热水吧1111", "data": {"visible_type": 0, "visible_list_id": 0, "time": "2022-03-07 17:11:50", "profile_image_url": "https://tvax1.sinaimg.cn/default/images/default_avatar_female_50.gif?KID=imgbed,tva&Expires=1646717852&ssig=ICT5bSwWyW", "profile_url": "/u/7397315159", "verified": false, "verified_type": -1, "domain": "", "weihao": "", "verified_type_ext": null, "avatar_large": "https://tvax1.sinaimg.cn/default/images/default_avatar_female_180.gif?KID=imgbed,tva&Expires=1646717852&ssig=7QUO%2Fx%2FUKN", "avatar_hd": "https://tvax1.sinaimg.cn/default/images/default_avatar_female_180.gif?KID=imgbed,tva&Expires=1646717852&ssig=7QUO%2Fx%2FUKN", "follow_me": false, "following": false, "mbrank": 0, "mbtype": 0, "planet_video": true, "icon_list": [], "can_edit": false, "textLength": null, "source": "新版微博 weibo.com", "favorited": false, "cardid": null, "pic_ids": [], "geo": null, "pic_num": 0, "is_paid": false, "mblog_vip_type": 0, "reposts_count": 0, "comments_count": 0, "attitudes_count": 0, "attitudes_status": 0, "isLongText": false, "mlevel": 0, "content_auth": 0, "is_show_bulletin": 2, "mblogtype": 0, "showFeedRepost": false, "showFeedComment": false, "pictureViewerSign": false, "showPictureViewer": false, "repost_type": 2, "share_repost_type": 0, "text": "快转微博"}, "pid": "4744405582350668"}, {"mid": "4744444660420788", "mblogid": "LiEcW1LsU", "uid": 1609557217, "name": "gewj53", "data": {"visible_type": 0, "visible_list_id": 0, "time": "2022-03-07 18:00:17", "profile_image_url": "https://tva4.sinaimg.cn/crop.0.0.180.180.50/5fefe4e1jw1e8qgp5bmzyj2050050aa8.jpg?KID=imgbed,tva&Expires=1646717852&ssig=22EED5R2cI", "profile_url": "/u/1609557217", "verified": false, "verified_type": -1, "domain": "", "weihao": "", "verified_type_ext": null, "avatar_large": "https://tva4.sinaimg.cn/crop.0.0.180.180.180/5fefe4e1jw1e8qgp5bmzyj2050050aa8.jpg?KID=imgbed,tva&Expires=1646717852&ssig=R10RQ7ejNg", "avatar_hd": "https://tva4.sinaimg.cn/crop.0.0.180.180.1024/5fefe4e1jw1e8qgp5bmzyj2050050aa8.jpg?KID=imgbed,tva&Expires=1646717852&ssig=Nn017nAOSU", "follow_me": false, "following": false, "mbrank": 0, "mbtype": 0, "planet_video": true, "icon_list": [{"type": "icon", "data": {"value": "1", "icon_img": "http://n.sinaimg.cn/www/ea31a93f/20220121/feed_icon_torch@2x.png", "title": "我是火炬网络护跑手", "url": ""}}, {"type": "icon", "data": {"value": "1", "icon_img": "http://n.sinaimg.cn/www/ea31a93f/20220213/feed_icon_BingDwenDwenShueyRhonRhon@2x.png", "title": "微博实现一墩一融", "url": "https://s.weibo.com/weibo?q=%23为中国冬奥健儿加油%23"}}], "can_edit": false, "textLength": null, "source": "小米Max2 大屏大电量", "favorited": false, "cardid": null, "pic_ids": [], "geo": null, "pic_num": 0, "is_paid": false, "mblog_vip_type": 0, "reposts_count": 0, "comments_count": 0, "attitudes_count": 0, "attitudes_status": 0, "isLongText": false, "mlevel": 0, "content_auth": 0, "is_show_bulletin": 2, "mblogtype": 0, "showFeedRepost": false, "showFeedComment": false, "pictureViewerSign": false, "showPictureViewer": false, "repost_type": 4, "share_repost_type": 0, "text": "真•人民代表[赞][赞][赞]"}, "pid": "4744405582350668"}, {"mid": "4744446711957656", "mblogid": "LiEgf8dh6", "uid": 5042345496, "name": "WallStreet倒计时", "data": {"visible_type": 0, "visible_list_id": 0, "time": "2022-03-07 18:08:26", "profile_image_url": "https://tvax3.sinaimg.cn/crop.0.0.996.996.50/005vfapaly8goe5uwalu8j30ro0rotai.jpg?KID=imgbed,tva&Expires=1646717852&ssig=AhEziRPVdd", "profile_url": "/u/5042345496", "verified": false, "verified_type": -1, "domain": "", "weihao": "", "verified_type_ext": null, "avatar_large": "https://tvax3.sinaimg.cn/crop.0.0.996.996.180/005vfapaly8goe5uwalu8j30ro0rotai.jpg?KID=imgbed,tva&Expires=1646717852&ssig=Q2bUSOwzB0", "avatar_hd": "https://tvax3.sinaimg.cn/crop.0.0.996.996.1024/005vfapaly8goe5uwalu8j30ro0rotai.jpg?KID=imgbed,tva&Expires=1646717852&ssig=3k2phWulse", "follow_me": false, "following": false, "mbrank": 0, "mbtype": 0, "planet_video": true, "icon_list": [{"type": "icon", "data": {"value": "1", "icon_img": "http://n.sinaimg.cn/www/ea31a93f/20220121/feed_icon_torch@2x.png", "title": "我是火炬网络护跑手", "url": ""}}], "can_edit": false, "textLength": null, "source": "OPPO超视野全面屏R15", "favorited": false, "cardid": null, "pic_ids": [], "geo": null, "pic_num": 0, "is_paid": false, "mblog_vip_type": 0, "reposts_count": 0, "comments_count": 0, "attitudes_count": 0, "attitudes_status": 0, "isLongText": false, "mlevel": 0, "content_auth": 0, "is_show_bulletin": 2, "mblogtype": 0, "showFeedRepost": false, "showFeedComment": false, "pictureViewerSign": false, "showPictureViewer": false, "repost_type": 1, "share_repost_type": 0, "text": "转发微博"}, "pid": "4744405582350668"}, {"mid": "4744454994661524", "mblogid": "LiEtBjyFS", "uid": 5928007679, "name": "cyming-cj", "data": {"visible_type": 0, "visible_list_id": 0, "time": "2022-03-07 18:41:21", "profile_image_url": "https://tvax1.sinaimg.cn/crop.0.0.1080.1080.50/006tbjB5ly8gtg9koxsq8j30u00u0jsn.jpg?KID=imgbed,tva&Expires=1646717841&ssig=08E6Tv74Lu", "profile_url": "/u/5928007679", "verified": false, "verified_type": -1, "domain": "", "weihao": "", "verified_type_ext": null, "avatar_large": "https://tvax1.sinaimg.cn/crop.0.0.1080.1080.180/006tbjB5ly8gtg9koxsq8j30u00u0jsn.jpg?KID=imgbed,tva&Expires=1646717841&ssig=xapMsiDV43", "avatar_hd": "https://tvax1.sinaimg.cn/crop.0.0.1080.1080.1024/006tbjB5ly8gtg9koxsq8j30u00u0jsn.jpg?KID=imgbed,tva&Expires=1646717841&ssig=JJHJxshXjk", "follow_me": false, "following": false, "mbrank": 0, "mbtype": 0, "planet_video": true, "icon_list": [], "can_edit": false, "textLength": null, "source": "华为手机", "favorited": false, "cardid": "star_11247_common", "pic_ids": [], "geo": null, "pic_num": 0, "is_paid": false, "mblog_vip_type": 0, "reposts_count": 0, "comments_count": 0, "attitudes_count": 0, "attitudes_status": 0, "isLongText": false, "mlevel": 0, "content_auth": 0, "is_show_bulletin": 2, "mblogtype": 0, "showFeedRepost": false, "showFeedComment": false, "pictureViewerSign": false, "showPictureViewer": false, "repost_type": 3, "share_repost_type": 0, "text": "@徐州发布 @平安徐州 @平安丰县 @徐州检察发布 #两会看检察# #丰县生育八孩女子事件十三问# #江苏省成立丰县生育八孩女子事件调查组# 同意朱征夫委员的提案！政府力量是用来解决民生事务的，不是用来解决发声的网民与志愿者的 @我能抱起120斤 "}, "pid": "4744405582350668"}, {"mid": "4744457990180208", "mblogid": "LiEyr0KSA", "uid": 1688417867, "name": "归去来兮归玉溪", "data": {"visible_type": 0, "visible_list_id": 0, "time": "2022-03-07 18:53:15", "profile_image_url": "https://tvax2.sinaimg.cn/crop.0.0.996.996.50/64a3364bly8gtiufm9o3wj20ro0ro0wo.jpg?KID=imgbed,tva&Expires=1646717841&ssig=cpB54mwh1u", "profile_url": "/u/1688417867", "verified": false, "verified_type": -1, "domain": "autumnql", "weihao": "", "verified_type_ext": null, "avatar_large": "https://tvax2.sinaimg.cn/crop.0.0.996.996.180/64a3364bly8gtiufm9o3wj20ro0ro0wo.jpg?KID=imgbed,tva&Expires=1646717841&ssig=J1odf1W6GH", "avatar_hd": "https://tvax2.sinaimg.cn/crop.0.0.996.996.1024/64a3364bly8gtiufm9o3wj20ro0ro0wo.jpg?KID=imgbed,tva&Expires=1646717841&ssig=v3x0bOqIpt", "follow_me": false, "following": false, "mbrank": 1, "mbtype": 2, "planet_video": false, "icon_list": [{"type": "icon", "data": {"value": "1", "icon_img": "http://n.sinaimg.cn/www/ea31a93f/20220121/feed_icon_torch@2x.png", "title": "我是火炬网络护跑手", "url": ""}}, {"type": "icon", "data": {"value": "1", "icon_img": "https://h5.sinaimg.cn/upload/103/1651/2021/12/11/feed_icon_21bobao.png", "title": "我的微博播报", "url": "https://huodong.weibo.com/netchina2021/memories"}}], "can_edit": false, "textLength": null, "source": "Neo5活力版 生而为赢", "favorited": false, "cardid": "star_1389", "pic_ids": [], "geo": null, "pic_num": 0, "is_paid": false, "mblog_vip_type": 0, "reposts_count": 0, "comments_count": 0, "attitudes_count": 0, "attitudes_status": 0, "isLongText": false, "mlevel": 0, "content_auth": 0, "is_show_bulletin": 2, "mblogtype": 0, "showFeedRepost": false, "showFeedComment": false, "pictureViewerSign": false, "showPictureViewer": false, "repost_type": 1, "share_repost_type": 0, "text": "[赞]正解支持"}, "pid": "4744405582350668"}, {"mid": "4744468878331076", "mblogid": "LiEPZyXic", "uid": 5696710004, "name": "一个没什么道德的小号", "data": {"visible_type": 0, "visible_list_id": 0, "time": "2022-03-07 19:36:31", "profile_image_url": "https://tvax4.sinaimg.cn/crop.0.0.1002.1002.50/006dwOvqly8g55q0lbhwqj30ru0rugn3.jpg?KID=imgbed,tva&Expires=1646717841&ssig=nGJ0c2ykIJ", "profile_url": "/u/5696710004", "verified": false, "verified_type": -1, "domain": "", "weihao": "", "verified_type_ext": null, "avatar_large": "https://tvax4.sinaimg.cn/crop.0.0.1002.1002.180/006dwOvqly8g55q0lbhwqj30ru0rugn3.jpg?KID=imgbed,tva&Expires=1646717841&ssig=W8rP6RrwC1", "avatar_hd": "https://tvax4.sinaimg.cn/crop.0.0.1002.1002.1024/006dwOvqly8g55q0lbhwqj30ru0rugn3.jpg?KID=imgbed,tva&Expires=1646717841&ssig=pfjNddMZh2", "follow_me": false, "following": false, "mbrank": 1, "mbtype": 2, "planet_video": true, "icon_list": [], "can_edit": false, "textLength": null, "source": "iPhone客户端", "favorited": false, "cardid": null, "pic_ids": [], "geo": null, "pic_num": 0, "is_paid": false, "mblog_vip_type": 0, "reposts_count": 0, "comments_count": 0, "attitudes_count": 0, "attitudes_status": 0, "isLongText": false, "mlevel": 0, "content_auth": 0, "is_show_bulletin": 2, "mblogtype": 0, "showFeedRepost": false, "showFeedComment": false, "pictureViewerSign": false, "showPictureViewer": false, "repost_type": 1, "share_repost_type": 0, "text": "还得是你我说累了"}, "pid": "4744405582350668"}, {"mid": "4744484505522834", "mblogid": "LiFfcnaJY", "uid": 5665387167, "name": "大人k西", "data": {"visible_type": 0, "visible_list_id": 0, "time": "2022-03-07 20:38:37", "profile_image_url": "https://tvax3.sinaimg.cn/crop.0.0.512.512.50/006bpo0nly8gyvuosja38j30e80e8gme.jpg?KID=imgbed,tva&Expires=1646717841&ssig=Tbz5zkh9AM", "profile_url": "/u/5665387167", "verified": false, "verified_type": -1, "domain": "", "weihao": "", "verified_type_ext": null, "avatar_large": "https://tvax3.sinaimg.cn/crop.0.0.512.512.180/006bpo0nly8gyvuosja38j30e80e8gme.jpg?KID=imgbed,tva&Expires=1646717841&ssig=5Ujz3NgOjT", "avatar_hd": "https://tvax3.sinaimg.cn/crop.0.0.512.512.1024/006bpo0nly8gyvuosja38j30e80e8gme.jpg?KID=imgbed,tva&Expires=1646717841&ssig=9cpJ2Mo%2FlP", "follow_me": false, "following": false, "mbrank": 6, "mbtype": 12, "planet_video": true, "icon_list": [{"type": "vip", "data": {"mbrank": 6, "mbtype": 12}}, {"type": "icon", "data": {"value": "1", "icon_img": "https://h5.sinaimg.cn/upload/100/1650/2021/12/29/pc.png", "title": "为中国冰雪加油", "url": "https://s.weibo.com/weibo?q=%23一起为中国冰雪加油%23"}}, {"type": "icon", "data": {"value": "1", "icon_img": "http://n.sinaimg.cn/www/ea31a93f/20220121/feed_icon_torch@2x.png", "title": "我是火炬网络护跑手", "url": ""}}], "can_edit": false, "textLength": null, "source": "iPhone XR", "favorited": false, "cardid": "star_1317", "pic_ids": [], "geo": null, "pic_num": 0, "is_paid": false, "mblog_vip_type": 0, "reposts_count": 0, "comments_count": 0, "attitudes_count": 0, "attitudes_status": 0, "isLongText": false, "mlevel": 0, "content_auth": 0, "is_show_bulletin": 2, "mblogtype": 0, "showFeedRepost": false, "showFeedComment": false, "pictureViewerSign": false, "showPictureViewer": false, "repost_type": 5, "share_repost_type": 0, "text": "//@古狼雨:这个提议好，对于被拐女性，应该允许使用任何办法帮助自己解脱魔爪。"}, "pid": "4744405582350668"}, {"mid": "4744496946354522", "mblogid": "LiFzgqF6i", "uid": 7685941096, "name": "躺平的一只猫", "data": {"visible_type": 0, "visible_list_id": 0, "time": "2022-03-07 21:28:03", "profile_image_url": "https://tvax2.sinaimg.cn/crop.0.0.132.132.50/008o9qnSly4gtzm1l5927j303o03o0sj.jpg?KID=imgbed,tva&Expires=1646717841&ssig=SE02gOr3ez", "profile_url": "/u/7685941096", "verified": false, "verified_type": -1, "domain": "", "weihao": "", "verified_type_ext": null, "avatar_large": "https://tvax2.sinaimg.cn/crop.0.0.132.132.180/008o9qnSly4gtzm1l5927j303o03o0sj.jpg?KID=imgbed,tva&Expires=1646717841&ssig=eYICsud2%2Fy", "avatar_hd": "https://tvax2.sinaimg.cn/crop.0.0.132.132.1024/008o9qnSly4gtzm1l5927j303o03o0sj.jpg?KID=imgbed,tva&Expires=1646717841&ssig=ahjSYhRvQJ", "follow_me": false, "following": false, "mbrank": 2, "mbtype": 11, "planet_video": true, "icon_list": [{"type": "vip", "data": {"mbrank": 2, "mbtype": 11}}, {"type": "icon", "data": {"value": "1", "icon_img": "https://h5.sinaimg.cn/upload/100/1650/2021/12/29/pc.png", "title": "为中国冰雪加油", "url": "https://s.weibo.com/weibo?q=%23一起为中国冰雪加油%23"}}, {"type": "icon", "data": {"value": "1", "icon_img": "http://n.sinaimg.cn/www/ea31a93f/20220121/feed_icon_torch@2x.png", "title": "我是火炬网络护跑手", "url": ""}}], "can_edit": false, "textLength": null, "source": "iPhone 7", "favorited": false, "cardid": null, "pic_ids": [], "geo": null, "pic_num": 0, "is_paid": false, "mblog_vip_type": 0, "reposts_count": 0, "comments_count": 0, "attitudes_count": 0, "attitudes_status": 0, "isLongText": false, "mlevel": 0, "content_auth": 0, "is_show_bulletin": 2, "mblogtype": 0, "showFeedRepost": false, "showFeedComment": false, "pictureViewerSign": false, "showPictureViewer": false, "repost_type": 5, "share_repost_type": 0, "text": "//@樱田莫奈:这个可以同意"}, "pid": "4744405582350668"}, {"mid": "4744501438713138", "mblogid": "LiFGvAyGu", "uid": 6321491746, "name": "用户6321491746", "data": {"visible_type": 0, "visible_list_id": 0, "time": "2022-03-07 21:45:53", "profile_image_url": "https://tvax4.sinaimg.cn/crop.0.0.664.664.50/006TOkMily8g09nnqm7thj30ig0igaax.jpg?KID=imgbed,tva&Expires=1646717841&ssig=MtqOVk13Ox", "profile_url": "/u/6321491746", "verified": false, "verified_type": -1, "domain": "", "weihao": "", "verified_type_ext": null, "avatar_large": "https://tvax4.sinaimg.cn/crop.0.0.664.664.180/006TOkMily8g09nnqm7thj30ig0igaax.jpg?KID=imgbed,tva&Expires=1646717841&ssig=w2%2BGEPnXZf", "avatar_hd": "https://tvax4.sinaimg.cn/crop.0.0.664.664.1024/006TOkMily8g09nnqm7thj30ig0igaax.jpg?KID=imgbed,tva&Expires=1646717841&ssig=FgcI6t9lw4", "follow_me": false, "following": false, "mbrank": 0, "mbtype": 0, "planet_video": true, "icon_list": [], "can_edit": false, "textLength": null, "source": "荣耀手机 勇敢做自己", "favorited": false, "cardid": null, "pic_ids": [], "geo": null, "pic_num": 0, "is_paid": false, "mblog_vip_type": 0, "reposts_count": 0, "comments_count": 0, "attitudes_count": 0, "attitudes_status": 0, "isLongText": false, "mlevel": 0, "content_auth": 0, "is_show_bulletin": 2, "mblogtype": 0, "showFeedRepost": false, "showFeedComment": false, "pictureViewerSign": false, "showPictureViewer": false, "repost_type": 2, "share_repost_type": 0, "text": "快转微博"}, "pid": "4744405582350668"}, {"mid": "4744509780398441", "mblogid": "LiFTY1FEt", "uid": 1360100124, "name": "宇宙大学校长任秀红", "data": {"visible_type": 0, "visible_list_id": 0, "time": "2022-03-07 22:19:03", "profile_image_url": "https://tvax1.sinaimg.cn/crop.86.0.518.518.50/51117b1cly1fn8634hziuj20j60eegr1.jpg?KID=imgbed,tva&Expires=1646717841&ssig=F%2F0TONTrRD", "profile_url": "/u/1360100124", "verified": true, "verified_type": 0, "domain": "annery33", "weihao": "206262019", "verified_type_ext": 0, "avatar_large": "https://tvax1.sinaimg.cn/crop.86.0.518.518.180/51117b1cly1fn8634hziuj20j60eegr1.jpg?KID=imgbed,tva&Expires=1646717841&ssig=y6fVMZ0Abl", "avatar_hd": "https://tvax1.sinaimg.cn/crop.86.0.518.518.1024/51117b1cly1fn8634hziuj20j60eegr1.jpg?KID=imgbed,tva&Expires=1646717841&ssig=aO52xUNcz2", "follow_me": false, "following": false, "mbrank": 0, "mbtype": 0, "planet_video": false, "icon_list": [], "can_edit": false, "textLength": null, "source": "iPhone客户端", "favorited": false, "cardid": null, "pic_ids": [], "geo": null, "pic_num": 0, "is_paid": false, "mblog_vip_type": 0, "reposts_count": 0, "comments_count": 0, "attitudes_count": 0, "attitudes_status": 0, "isLongText": false, "mlevel": 0, "content_auth": 0, "is_show_bulletin": 2, "mblogtype": 0, "showFeedRepost": false, "showFeedComment": false, "pictureViewerSign": false, "showPictureViewer": false, "repost_type": 3, "share_repost_type": 0, "text": "支持！反击侵害，自卫自救，是每个人的本能，自卫权、自救权是每个人的最重要权利之一，当然也是每个女性的本能，也是每个女性最重要的自卫权、自救权之一。以后别说妇女了，太狭隘；都说女性，包括的范围更广。[围观][围观][围观]"}, "pid": "4744405582350668"}, {"mid": "4744526877425678", "mblogid": "LiGlxv9L0", "uid": 7671127978, "name": "月牙嵐198710", "data": {"visible_type": 0, "visible_list_id": 0, "time": "2022-03-07 23:26:58", "profile_image_url": "https://tvax2.sinaimg.cn/crop.0.0.132.132.50/008n9gOCly4gtfummbutgj303o03o744.jpg?KID=imgbed,tva&Expires=1646717841&ssig=lC2xDf8JMd", "profile_url": "/u/7671127978", "verified": false, "verified_type": -1, "domain": "", "weihao": "", "verified_type_ext": null, "avatar_large": "https://tvax2.sinaimg.cn/crop.0.0.132.132.180/008n9gOCly4gtfummbutgj303o03o744.jpg?KID=imgbed,tva&Expires=1646717841&ssig=owSg6qTbKY", "avatar_hd": "https://tvax2.sinaimg.cn/crop.0.0.132.132.1024/008n9gOCly4gtfummbutgj303o03o744.jpg?KID=imgbed,tva&Expires=1646717841&ssig=L4AVmyr7r2", "follow_me": false, "following": false, "mbrank": 0, "mbtype": 0, "planet_video": true, "icon_list": [], "can_edit": false, "textLength": null, "source": "iPhone客户端", "favorited": false, "cardid": null, "pic_ids": [], "geo": null, "pic_num": 0, "is_paid": false, "mblog_vip_type": 0, "reposts_count": 0, "comments_count": 0, "attitudes_count": 0, "attitudes_status": 0, "isLongText": false, "mlevel": 0, "content_auth": 0, "is_show_bulletin": 2, "mblogtype": 0, "showFeedRepost": false, "showFeedComment": false, "pictureViewerSign": false, "showPictureViewer": false, "repost_type": 1, "share_repost_type": 0, "text": "转发微博"}, "pid": "4744405582350668"}, {"mid": "4744528291169723", "mblogid": "LiGnP4Uiv", "uid": 5872321263, "name": "榴蓮叔叔", "data": {"visible_type": 0, "visible_list_id": 0, "time": "2022-03-07 23:32:36", "profile_image_url": "https://tvax4.sinaimg.cn/crop.0.0.1068.1068.50/006ppF15ly8gvxj5k22vxj30to0toacx.jpg?KID=imgbed,tva&Expires=1646717841&ssig=1x2ivhgHN%2F", "profile_url": "/u/5872321263", "verified": false, "verified_type": -1, "domain": "", "weihao": "", "verified_type_ext": null, "avatar_large": "https://tvax4.sinaimg.cn/crop.0.0.1068.1068.180/006ppF15ly8gvxj5k22vxj30to0toacx.jpg?KID=imgbed,tva&Expires=1646717841&ssig=%2FrTn9eKRiD", "avatar_hd": "https://tvax4.sinaimg.cn/crop.0.0.1068.1068.1024/006ppF15ly8gvxj5k22vxj30to0toacx.jpg?KID=imgbed,tva&Expires=1646717841&ssig=ebQcOH5RNN", "follow_me": false, "following": false, "mbrank": 0, "mbtype": 0, "planet_video": true, "icon_list": [], "can_edit": false, "textLength": null, "source": "HUAWEI Mate 40 Pro", "favorited": false, "cardid": null, "pic_ids": [], "geo": null, "pic_num": 0, "is_paid": false, "mblog_vip_type": 0, "reposts_count": 0, "comments_count": 0, "attitudes_count": 0, "attitudes_status": 0, "isLongText": false, "mlevel": 0, "content_auth": 0, "is_show_bulletin": 2, "mblogtype": 0, "showFeedRepost": false, "showFeedComment": false, "pictureViewerSign": false, "showPictureViewer": false, "repost_type": 2, "share_repost_type": 0, "text": "快转微博"}, "pid": "4744405582350668"}, {"mid": "4744529079439761", "mblogid": "LiGp5DBId", "uid": 7076920610, "name": "不知叫啥名了哈", "data": {"visible_type": 0, "visible_list_id": 0, "time": "2022-03-07 23:35:44", "profile_image_url": "https://tvax1.sinaimg.cn/crop.0.0.1080.1080.50/007IW2kOly8g6mmxknm64j30u00u07a7.jpg?KID=imgbed,tva&Expires=1646717841&ssig=Jdf%2FBm3bJn", "profile_url": "/u/7076920610", "verified": false, "verified_type": -1, "domain": "", "weihao": "", "verified_type_ext": null, "avatar_large": "https://tvax1.sinaimg.cn/crop.0.0.1080.1080.180/007IW2kOly8g6mmxknm64j30u00u07a7.jpg?KID=imgbed,tva&Expires=1646717841&ssig=4Tkrg3AJh6", "avatar_hd": "https://tvax1.sinaimg.cn/crop.0.0.1080.1080.1024/007IW2kOly8g6mmxknm64j30u00u07a7.jpg?KID=imgbed,tva&Expires=1646717841&ssig=h5BcEZpqv6", "follow_me": false, "following": false, "mbrank": 0, "mbtype": 0, "planet_video": true, "icon_list": [], "can_edit": false, "textLength": null, "source": "HUAWEI Mate 30 5G", "favorited": false, "cardid": null, "pic_ids": [], "geo": null, "pic_num": 0, "is_paid": false, "mblog_vip_type": 0, "reposts_count": 0, "comments_count": 0, "attitudes_count": 0, "attitudes_status": 0, "isLongText": false, "mlevel": 0, "content_auth": 0, "is_show_bulletin": 2, "mblogtype": 0, "showFeedRepost": false, "showFeedComment": false, "pictureViewerSign": false, "showPictureViewer": false, "repost_type": 1, "share_repost_type": 0, "text": "转发微博"}, "pid": "4744405582350668"}, {"mid": "4744533378336292", "mblogid": "LiGw1yYEk", "uid": 5357247070, "name": "胖虎已经整整五分钟没吃东西了", "data": {"visible_type": 0, "visible_list_id": 0, "time": "2022-03-07 23:52:49", "profile_image_url": "https://tvax1.sinaimg.cn/crop.0.0.996.996.50/005QysGOly8gha8u3zwghj30ro0ro404.jpg?KID=imgbed,tva&Expires=1646717841&ssig=U4VKYvZyun", "profile_url": "/u/5357247070", "verified": false, "verified_type": -1, "domain": "", "weihao": "", "verified_type_ext": null, "avatar_large": "https://tvax1.sinaimg.cn/crop.0.0.996.996.180/005QysGOly8gha8u3zwghj30ro0ro404.jpg?KID=imgbed,tva&Expires=1646717841&ssig=tnuE5xJeT2", "avatar_hd": "https://tvax1.sinaimg.cn/crop.0.0.996.996.1024/005QysGOly8gha8u3zwghj30ro0ro404.jpg?KID=imgbed,tva&Expires=1646717841&ssig=JDo4kpFKqb", "follow_me": false, "following": false, "mbrank": 3, "mbtype": 2, "planet_video": false, "icon_list": [], "can_edit": false, "textLength": null, "source": "HUAWEI Mate 20", "favorited": false, "cardid": null, "pic_ids": [], "geo": null, "pic_num": 0, "is_paid": false, "mblog_vip_type": 0, "reposts_count": 0, "comments_count": 0, "attitudes_count": 0, "attitudes_status": 0, "isLongText": false, "mlevel": 0, "content_auth": 0, "is_show_bulletin": 2, "mblogtype": 0, "showFeedRepost": false, "showFeedComment": false, "pictureViewerSign": false, "showPictureViewer": false, "repost_type": 5, "share_repost_type": 0, "text": "//@古狼雨:这个提议好，对于被拐女性，应该允许使用任何办法帮助自己解脱魔爪。"}, "pid": "4744405582350668"}, {"mid": "4744533579663764", "mblogid": "LiGwlExZa", "uid": 5357247070, "name": "胖虎已经整整五分钟没吃东西了", "data": {"visible_type": 0, "visible_list_id": 0, "time": "2022-03-07 23:53:37", "profile_image_url": "https://tvax1.sinaimg.cn/crop.0.0.996.996.50/005QysGOly8gha8u3zwghj30ro0ro404.jpg?KID=imgbed,tva&Expires=1646717841&ssig=U4VKYvZyun", "profile_url": "/u/5357247070", "verified": false, "verified_type": -1, "domain": "", "weihao": "", "verified_type_ext": null, "avatar_large": "https://tvax1.sinaimg.cn/crop.0.0.996.996.180/005QysGOly8gha8u3zwghj30ro0ro404.jpg?KID=imgbed,tva&Expires=1646717841&ssig=tnuE5xJeT2", "avatar_hd": "https://tvax1.sinaimg.cn/crop.0.0.996.996.1024/005QysGOly8gha8u3zwghj30ro0ro404.jpg?KID=imgbed,tva&Expires=1646717841&ssig=JDo4kpFKqb", "follow_me": false, "following": false, "mbrank": 3, "mbtype": 2, "planet_video": false, "icon_list": [], "can_edit": false, "textLength": null, "source": "HUAWEI Mate 20", "favorited": false, "cardid": null, "pic_ids": [], "geo": null, "pic_num": 0, "is_paid": false, "mblog_vip_type": 0, "reposts_count": 0, "comments_count": 0, "attitudes_count": 0, "attitudes_status": 0, "isLongText": false, "mlevel": 0, "content_auth": 0, "is_show_bulletin": 2, "mblogtype": 0, "showFeedRepost": false, "showFeedComment": false, "pictureViewerSign": false, "showPictureViewer": false, "repost_type": 5, "share_repost_type": 0, "text": "//@此生唯吾王:今年好多棒棒的提案，希望都可以落实"}, "pid": "4744405582350668"}, {"mid": "4744535547315102", "mblogid": "LiGzwuGZw", "uid": 6911187851, "name": "风陵渡边的月光", "data": {"visible_type": 0, "visible_list_id": 0, "time": "2022-03-08 00:01:26", "profile_image_url": "https://tvax3.sinaimg.cn/crop.0.0.1080.1080.50/007xIDFNly8g2evopzlxhj30u00u078k.jpg?KID=imgbed,tva&Expires=1646717841&ssig=8BAa%2BHar%2Fq", "profile_url": "/u/6911187851", "verified": false, "verified_type": -1, "domain": "", "weihao": "", "verified_type_ext": null, "avatar_large": "https://tvax3.sinaimg.cn/crop.0.0.1080.1080.180/007xIDFNly8g2evopzlxhj30u00u078k.jpg?KID=imgbed,tva&Expires=1646717841&ssig=9ceJ7yax2f", "avatar_hd": "https://tvax3.sinaimg.cn/crop.0.0.1080.1080.1024/007xIDFNly8g2evopzlxhj30u00u078k.jpg?KID=imgbed,tva&Expires=1646717841&ssig=8BKEzZCVei", "follow_me": false, "following": false, "mbrank": 0, "mbtype": 0, "planet_video": true, "icon_list": [], "can_edit": false, "textLength": null, "source": "iPad客户端", "favorited": false, "cardid": null, "pic_ids": [], "geo": null, "pic_num": 0, "is_paid": false, "mblog_vip_type": 0, "reposts_count": 0, "comments_count": 0, "attitudes_count": 0, "attitudes_status": 0, "isLongText": false, "mlevel": 0, "content_auth": 0, "is_show_bulletin": 2, "mblogtype": 0, "showFeedRepost": false, "showFeedComment": false, "pictureViewerSign": false, "showPictureViewer": false, "repost_type": 1, "share_repost_type": 0, "text": "转发微博"}, "pid": "4744405582350668"}, {"mid": "4744536352099735", "mblogid": "LiGAP8OeH", "uid": 1687394720, "name": "HUO_小小", "data": {"visible_type": 0, "visible_list_id": 0, "time": "2022-03-08 00:04:38", "profile_image_url": "https://tvax4.sinaimg.cn/crop.0.0.888.888.50/649399a0ly8gddkyoboouj20oo0oodip.jpg?KID=imgbed,tva&Expires=1646717841&ssig=5qUObaLPMA", "profile_url": "/u/1687394720", "verified": false, "verified_type": 220, "domain": "hxiao18", "weihao": "", "verified_type_ext": null, "avatar_large": "https://tvax4.sinaimg.cn/crop.0.0.888.888.180/649399a0ly8gddkyoboouj20oo0oodip.jpg?KID=imgbed,tva&Expires=1646717841&ssig=j4ZaXkxXct", "avatar_hd": "https://tvax4.sinaimg.cn/crop.0.0.888.888.1024/649399a0ly8gddkyoboouj20oo0oodip.jpg?KID=imgbed,tva&Expires=1646717841&ssig=jTyOZuvm7C", "follow_me": false, "following": false, "mbrank": 0, "mbtype": 0, "planet_video": true, "icon_list": [], "can_edit": false, "textLength": null, "source": "iPhone客户端", "favorited": false, "cardid": null, "pic_ids": [], "geo": null, "pic_num": 0, "is_paid": false, "mblog_vip_type": 0, "reposts_count": 0, "comments_count": 0, "attitudes_count": 0, "attitudes_status": 0, "isLongText": false, "mlevel": 0, "content_auth": 0, "is_show_bulletin": 2, "mblogtype": 0, "showFeedRepost": false, "showFeedComment": false, "pictureViewerSign": false, "showPictureViewer": false, "repost_type": 1, "share_repost_type": 0, "text": "转发微博"}, "pid": "4744405582350668"}, {"mid": "4744540340356269", "mblogid": "LiGHg1uGh", "uid": 3911968387, "name": "莫漠无闻", "data": {"visible_type": 0, "visible_list_id": 0, "time": "2022-03-08 00:20:29", "profile_image_url": "https://tvax1.sinaimg.cn/default/images/default_avatar_female_50.gif?KID=imgbed,tva&Expires=1646717841&ssig=2GJ5lbgO8U", "profile_url": "/u/3911968387", "verified": false, "verified_type": -1, "domain": "", "weihao": "", "verified_type_ext": null, "avatar_large": "https://tvax1.sinaimg.cn/default/images/default_avatar_female_180.gif?KID=imgbed,tva&Expires=1646717841&ssig=A1%2Bp8M74Ot", "avatar_hd": "https://tvax1.sinaimg.cn/default/images/default_avatar_female_180.gif?KID=imgbed,tva&Expires=1646717841&ssig=A1%2Bp8M74Ot", "follow_me": false, "following": false, "mbrank": 0, "mbtype": 0, "planet_video": true, "icon_list": [], "can_edit": false, "textLength": null, "source": "荣耀50 5G", "favorited": false, "cardid": null, "pic_ids": [], "geo": null, "pic_num": 0, "is_paid": false, "mblog_vip_type": 0, "reposts_count": 0, "comments_count": 0, "attitudes_count": 0, "attitudes_status": 0, "isLongText": false, "mlevel": 0, "content_auth": 0, "is_show_bulletin": 2, "mblogtype": 0, "showFeedRepost": false, "showFeedComment": false, "pictureViewerSign": false, "showPictureViewer": false, "repost_type": 5, "share_repost_type": 0, "text": "//@古狼雨:这个提议好，对于被拐女性，应该允许使用任何办法帮助自己解脱魔爪。"}, "pid": "4744405582350668"}, {"mid": "4744548226172049", "mblogid": "LiGTYpTDb", "uid": 5104223859, "name": "紫月sue", "data": {"visible_type": 0, "visible_list_id": 0, "time": "2022-03-08 00:51:49", "profile_image_url": "https://tvax2.sinaimg.cn/crop.0.0.996.996.50/005zqNNhly8fhyqpf23wtj30ro0rpgpl.jpg?KID=imgbed,tva&Expires=1646717840&ssig=%2BQKyXElmmL", "profile_url": "/u/5104223859", "verified": false, "verified_type": -1, "domain": "", "weihao": "", "verified_type_ext": null, "avatar_large": "https://tvax2.sinaimg.cn/crop.0.0.996.996.180/005zqNNhly8fhyqpf23wtj30ro0rpgpl.jpg?KID=imgbed,tva&Expires=1646717840&ssig=g%2FdeK4bG0b", "avatar_hd": "https://tvax2.sinaimg.cn/crop.0.0.996.996.1024/005zqNNhly8fhyqpf23wtj30ro0rpgpl.jpg?KID=imgbed,tva&Expires=1646717840&ssig=X%2FBw%2FtyLIl", "follow_me": false, "following": false, "mbrank": 0, "mbtype": 0, "planet_video": true, "icon_list": [], "can_edit": false, "textLength": null, "source": "nova9Pro精彩由我摄定", "favorited": false, "cardid": null, "pic_ids": [], "geo": null, "pic_num": 0, "is_paid": false, "mblog_vip_type": 0, "reposts_count": 0, "comments_count": 0, "attitudes_count": 0, "attitudes_status": 0, "isLongText": false, "mlevel": 0, "content_auth": 0, "is_show_bulletin": 2, "mblogtype": 0, "showFeedRepost": false, "showFeedComment": false, "pictureViewerSign": false, "showPictureViewer": false, "repost_type": 2, "share_repost_type": 0, "text": "快转微博"}, "pid": "4744405582350668"}, {"mid": "4744549631262903", "mblogid": "LiGWf5ixp", "uid": 1912106062, "name": "小梨meow", "data": {"visible_type": 0, "visible_list_id": 0, "time": "2022-03-08 00:57:23", "profile_image_url": "https://tva4.sinaimg.cn/crop.0.0.180.180.50/71f86c4ejw1e8qgp5bmzyj2050050aa8.jpg?KID=imgbed,tva&Expires=1646717840&ssig=7KuvQLdF%2BK", "profile_url": "/u/1912106062", "verified": false, "verified_type": -1, "domain": "iloveayumi0", "weihao": "", "verified_type_ext": null, "avatar_large": "https://tva4.sinaimg.cn/crop.0.0.180.180.180/71f86c4ejw1e8qgp5bmzyj2050050aa8.jpg?KID=imgbed,tva&Expires=1646717840&ssig=Ndtg4kqGzR", "avatar_hd": "https://tva4.sinaimg.cn/crop.0.0.180.180.1024/71f86c4ejw1e8qgp5bmzyj2050050aa8.jpg?KID=imgbed,tva&Expires=1646717840&ssig=wpF9R9SV31", "follow_me": false, "following": false, "mbrank": 0, "mbtype": 0, "planet_video": true, "icon_list": [{"type": "icon", "data": {"value": "1", "icon_img": "http://n.sinaimg.cn/www/ea31a93f/20220121/feed_icon_torch@2x.png", "title": "我是火炬网络护跑手", "url": ""}}], "can_edit": false, "textLength": null, "source": "iPhone客户端", "favorited": false, "cardid": null, "pic_ids": [], "geo": null, "pic_num": 0, "is_paid": false, "mblog_vip_type": 0, "reposts_count": 0, "comments_count": 0, "attitudes_count": 0, "attitudes_status": 0, "isLongText": false, "mlevel": 0, "content_auth": 0, "is_show_bulletin": 2, "mblogtype": 0, "showFeedRepost": false, "showFeedComment": false, "pictureViewerSign": false, "showPictureViewer": false, "repost_type": 5, "share_repost_type": 0, "text": "//@犀牛biubiu:谢谢朱先生  本来就是正当防卫 现在却还需要提案[可爱]"}, "pid": "4744405582350668"}, {"mid": "4744567960633536", "mblogid": "LiHpO2EOk", "uid": 6498454968, "name": "麻辣鱿鱼本鱿", "data": {"visible_type": 0, "visible_list_id": 0, "time": "2022-03-08 02:10:14", "profile_image_url": "https://tvax1.sinaimg.cn/crop.0.0.996.996.50/0075MQZOly8gkk2iexti9j30ro0ro763.jpg?KID=imgbed,tva&Expires=1646717840&ssig=bRTUm%2Fj%2BJ4", "profile_url": "/u/6498454968", "verified": false, "verified_type": -1, "domain": "", "weihao": "", "verified_type_ext": null, "avatar_large": "https://tvax1.sinaimg.cn/crop.0.0.996.996.180/0075MQZOly8gkk2iexti9j30ro0ro763.jpg?KID=imgbed,tva&Expires=1646717840&ssig=qdW2x90dk%2F", "avatar_hd": "https://tvax1.sinaimg.cn/crop.0.0.996.996.1024/0075MQZOly8gkk2iexti9j30ro0ro763.jpg?KID=imgbed,tva&Expires=1646717840&ssig=YAUq962C46", "follow_me": false, "following": false, "mbrank": 1, "mbtype": 2, "planet_video": true, "icon_list": [{"type": "icon", "data": {"value": "1", "icon_img": "http://n.sinaimg.cn/www/ea31a93f/20220213/feed_icon_BingDwenDwenShueyRhonRhon@2x.png", "title": "微博实现一墩一融", "url": "https://s.weibo.com/weibo?q=%23为中国冬奥健儿加油%23"}}], "can_edit": false, "textLength": null, "source": "荣耀20", "favorited": false, "cardid": null, "pic_ids": [], "geo": null, "pic_num": 0, "is_paid": false, "mblog_vip_type": 0, "reposts_count": 0, "comments_count": 0, "attitudes_count": 0, "attitudes_status": 0, "isLongText": false, "mlevel": 0, "content_auth": 0, "is_show_bulletin": 2, "mblogtype": 0, "showFeedRepost": false, "showFeedComment": false, "pictureViewerSign": false, "showPictureViewer": false, "repost_type": 1, "share_repost_type": 0, "text": "转发微博"}, "pid": "4744405582350668"}, {"mid": "4744589665632314", "mblogid": "LiHYOnDdM", "uid": 7603219534, "name": "光头乌贼", "data": {"visible_type": 0, "visible_list_id": 0, "time": "2022-03-08 03:36:29", "profile_image_url": "https://tvax1.sinaimg.cn/crop.0.0.1080.1080.50/008iykJ8ly8gq3xm1kemrj30u00u00ym.jpg?KID=imgbed,tva&Expires=1646717840&ssig=48%2FkPRjILN", "profile_url": "/u/7603219534", "verified": false, "verified_type": -1, "domain": "", "weihao": "", "verified_type_ext": null, "avatar_large": "https://tvax1.sinaimg.cn/crop.0.0.1080.1080.180/008iykJ8ly8gq3xm1kemrj30u00u00ym.jpg?KID=imgbed,tva&Expires=1646717840&ssig=SpiSGfay25", "avatar_hd": "https://tvax1.sinaimg.cn/crop.0.0.1080.1080.1024/008iykJ8ly8gq3xm1kemrj30u00u00ym.jpg?KID=imgbed,tva&Expires=1646717840&ssig=LU7%2FTKzBgt", "follow_me": false, "following": false, "mbrank": 0, "mbtype": 0, "planet_video": false, "icon_list": [], "can_edit": false, "textLength": null, "source": "iPhone客户端", "favorited": false, "cardid": null, "pic_ids": [], "geo": null, "pic_num": 0, "is_paid": false, "mblog_vip_type": 0, "reposts_count": 0, "comments_count": 0, "attitudes_count": 0, "attitudes_status": 0, "isLongText": false, "mlevel": 0, "content_auth": 0, "is_show_bulletin": 2, "mblogtype": 0, "showFeedRepost": false, "showFeedComment": false, "pictureViewerSign": false, "showPictureViewer": false, "repost_type": 1, "share_repost_type": 0, "text": "倒立支持[开学季][开学季][开学季]"}, "pid": "4744405582350668"}, {"mid": "4744627725009467", "mblogid": "LiIYcl1bR", "uid": 5052940630, "name": "我就是_酱紫", "data": {"visible_type": 0, "visible_list_id": 0, "time": "2022-03-08 06:07:43", "profile_image_url": "https://tva1.sinaimg.cn/crop.0.0.180.180.50/005vXCGqjw8ee0rkth6gyj3050050t8q.jpg?KID=imgbed,tva&Expires=1646717840&ssig=VO%2BXeDqUrw", "profile_url": "/u/5052940630", "verified": false, "verified_type": -1, "domain": "", "weihao": "", "verified_type_ext": null, "avatar_large": "https://tva1.sinaimg.cn/crop.0.0.180.180.180/005vXCGqjw8ee0rkth6gyj3050050t8q.jpg?KID=imgbed,tva&Expires=1646717840&ssig=FFYCGrQdWS", "avatar_hd": "https://tva1.sinaimg.cn/crop.0.0.180.180.1024/005vXCGqjw8ee0rkth6gyj3050050t8q.jpg?KID=imgbed,tva&Expires=1646717840&ssig=6GVY9j8bzh", "follow_me": false, "following": false, "mbrank": 0, "mbtype": 0, "planet_video": true, "icon_list": [], "can_edit": false, "textLength": null, "source": "小米手机", "favorited": false, "cardid": null, "pic_ids": [], "geo": null, "pic_num": 0, "is_paid": false, "mblog_vip_type": 0, "reposts_count": 0, "comments_count": 0, "attitudes_count": 0, "attitudes_status": 0, "isLongText": false, "mlevel": 0, "content_auth": 0, "is_show_bulletin": 2, "mblogtype": 0, "showFeedRepost": false, "showFeedComment": false, "pictureViewerSign": false, "showPictureViewer": false, "repost_type": 2, "share_repost_type": 0, "text": "快转微博"}, "pid": "4744405582350668"}, {"mid": "4744644602889948", "mblogid": "LiJpqc7O4", "uid": 5495668667, "name": "RUNLOVE_30062", "data": {"visible_type": 0, "visible_list_id": 0, "time": "2022-03-08 07:14:47", "profile_image_url": "https://tvax1.sinaimg.cn/crop.0.0.960.960.50/005ZVgtdly8fzbtyz0okhj30qo0qodip.jpg?KID=imgbed,tva&Expires=1646717840&ssig=rOXNxWKFVh", "profile_url": "/u/5495668667", "verified": false, "verified_type": -1, "domain": "", "weihao": "", "verified_type_ext": null, "avatar_large": "https://tvax1.sinaimg.cn/crop.0.0.960.960.180/005ZVgtdly8fzbtyz0okhj30qo0qodip.jpg?KID=imgbed,tva&Expires=1646717840&ssig=yK4mxFSOPa", "avatar_hd": "https://tvax1.sinaimg.cn/crop.0.0.960.960.1024/005ZVgtdly8fzbtyz0okhj30qo0qodip.jpg?KID=imgbed,tva&Expires=1646717840&ssig=9%2FiZe9KUMs", "follow_me": false, "following": false, "mbrank": 1, "mbtype": 2, "planet_video": true, "icon_list": [], "can_edit": false, "textLength": null, "source": "nova4自拍极点全面屏", "favorited": false, "cardid": null, "pic_ids": [], "geo": null, "pic_num": 0, "is_paid": false, "mblog_vip_type": 0, "reposts_count": 0, "comments_count": 0, "attitudes_count": 0, "attitudes_status": 0, "isLongText": false, "mlevel": 0, "content_auth": 0, "is_show_bulletin": 2, "mblogtype": 0, "showFeedRepost": false, "showFeedComment": false, "pictureViewerSign": false, "showPictureViewer": false, "repost_type": 2, "share_repost_type": 0, "text": "快转微博"}, "pid": "4744405582350668"}, {"mid": "4744647073858666", "mblogid": "LiJtpgbOy", "uid": 5526244993, "name": "大雨567", "data": {"visible_type": 0, "visible_list_id": 0, "time": "2022-03-08 07:24:36", "profile_image_url": "https://tva2.sinaimg.cn/crop.0.1113.750.750.50/0061ZyLLjw1fbyoiweponj30ku2aoq9h.jpg?KID=imgbed,tva&Expires=1646717840&ssig=Db8bX9gCMy", "profile_url": "/u/5526244993", "verified": false, "verified_type": -1, "domain": "", "weihao": "", "verified_type_ext": null, "avatar_large": "https://tva2.sinaimg.cn/crop.0.1113.750.750.180/0061ZyLLjw1fbyoiweponj30ku2aoq9h.jpg?KID=imgbed,tva&Expires=1646717840&ssig=YTSn9MPBvA", "avatar_hd": "https://tva2.sinaimg.cn/crop.0.1113.750.750.1024/0061ZyLLjw1fbyoiweponj30ku2aoq9h.jpg?KID=imgbed,tva&Expires=1646717840&ssig=QSEX3Vd9dp", "follow_me": false, "following": false, "mbrank": 0, "mbtype": 0, "planet_video": true, "icon_list": [], "can_edit": false, "textLength": null, "source": "iPhone客户端", "favorited": false, "cardid": null, "pic_ids": [], "geo": null, "pic_num": 0, "is_paid": false, "mblog_vip_type": 0, "reposts_count": 0, "comments_count": 0, "attitudes_count": 0, "attitudes_status": 0, "isLongText": false, "mlevel": 0, "content_auth": 0, "is_show_bulletin": 2, "mblogtype": 0, "showFeedRepost": false, "showFeedComment": false, "pictureViewerSign": false, "showPictureViewer": false, "repost_type": 2, "share_repost_type": 0, "text": "快转微博"}, "pid": "4744405582350668"}, {"mid": "4744655655141618", "mblogid": "LiJHflzzk", "uid": 1702704685, "name": "昆妮晴Spongie", "data": {"visible_type": 0, "visible_list_id": 0, "time": "2022-03-08 07:58:41", "profile_image_url": "https://tva2.sinaimg.cn/crop.0.0.180.180.50/657d362djw1e8qgp5bmzyj2050050aa8.jpg?KID=imgbed,tva&Expires=1646717840&ssig=5usjbWfR4b", "profile_url": "/u/1702704685", "verified": false, "verified_type": -1, "domain": "spongequeenie", "weihao": "", "verified_type_ext": null, "avatar_large": "https://tva2.sinaimg.cn/crop.0.0.180.180.180/657d362djw1e8qgp5bmzyj2050050aa8.jpg?KID=imgbed,tva&Expires=1646717840&ssig=l3Opzo4kah", "avatar_hd": "https://tva2.sinaimg.cn/crop.0.0.180.180.1024/657d362djw1e8qgp5bmzyj2050050aa8.jpg?KID=imgbed,tva&Expires=1646717840&ssig=OMf5VKiEE%2F", "follow_me": false, "following": false, "mbrank": 0, "mbtype": 0, "planet_video": true, "icon_list": [], "can_edit": false, "textLength": null, "source": "iPhone客户端", "favorited": false, "cardid": null, "pic_ids": [], "geo": null, "pic_num": 0, "is_paid": false, "mblog_vip_type": 0, "reposts_count": 0, "comments_count": 0, "attitudes_count": 0, "attitudes_status": 0, "isLongText": false, "mlevel": 0, "content_auth": 0, "is_show_bulletin": 2, "mblogtype": 0, "showFeedRepost": false, "showFeedComment": false, "pictureViewerSign": false, "showPictureViewer": false, "repost_type": 2, "share_repost_type": 0, "text": "快转微博"}, "pid": "4744405582350668"}, {"mid": "4744658302012357", "mblogid": "LiJLw8rvn", "uid": 5283304136, "name": "二十二点零一分", "data": {"visible_type": 0, "visible_list_id": 0, "time": "2022-03-08 08:09:13", "profile_image_url": "https://tvax2.sinaimg.cn/crop.0.0.996.996.50/005LycKQly8gwkjdn3cujj30ro0rpjua.jpg?KID=imgbed,tva&Expires=1646717840&ssig=vhSxBOxUiF", "profile_url": "/u/5283304136", "verified": false, "verified_type": -1, "domain": "", "weihao": "", "verified_type_ext": null, "avatar_large": "https://tvax2.sinaimg.cn/crop.0.0.996.996.180/005LycKQly8gwkjdn3cujj30ro0rpjua.jpg?KID=imgbed,tva&Expires=1646717840&ssig=397ruUOAVe", "avatar_hd": "https://tvax2.sinaimg.cn/crop.0.0.996.996.1024/005LycKQly8gwkjdn3cujj30ro0rpjua.jpg?KID=imgbed,tva&Expires=1646717840&ssig=%2FqQnhpy8Rl", "follow_me": false, "following": false, "mbrank": 1, "mbtype": 2, "planet_video": true, "icon_list": [], "can_edit": false, "textLength": null, "source": "努比亚Z17 无边双摄", "favorited": false, "cardid": null, "pic_ids": [], "geo": null, "pic_num": 0, "is_paid": false, "mblog_vip_type": 0, "reposts_count": 0, "comments_count": 0, "attitudes_count": 0, "attitudes_status": 0, "isLongText": false, "mlevel": 0, "content_auth": 0, "is_show_bulletin": 2, "mblogtype": 0, "showFeedRepost": false, "showFeedComment": false, "pictureViewerSign": false, "showPictureViewer": false, "repost_type": 1, "share_repost_type": 0, "text": "转发微博"}, "pid": "4744405582350668"}, {"mid": "4744671743970634", "mblogid": "LiK7cgEWu", "uid": 6403476112, "name": "叫我bibi嘞", "data": {"visible_type": 0, "visible_list_id": 0, "time": "2022-03-08 09:02:38", "profile_image_url": "https://tvax2.sinaimg.cn/crop.0.0.996.996.50/006ZmkEMly8fmpbbf0tv1j30ro0ro0tr.jpg?KID=imgbed,tva&Expires=1646717840&ssig=gyczu3Amta", "profile_url": "/u/6403476112", "verified": false, "verified_type": -1, "domain": "", "weihao": "", "verified_type_ext": null, "avatar_large": "https://tvax2.sinaimg.cn/crop.0.0.996.996.180/006ZmkEMly8fmpbbf0tv1j30ro0ro0tr.jpg?KID=imgbed,tva&Expires=1646717840&ssig=QOGBenHNzi", "avatar_hd": "https://tvax2.sinaimg.cn/crop.0.0.996.996.1024/006ZmkEMly8fmpbbf0tv1j30ro0ro0tr.jpg?KID=imgbed,tva&Expires=1646717840&ssig=jDNXa6cZjl", "follow_me": false, "following": false, "mbrank": 0, "mbtype": 0, "planet_video": false, "icon_list": [{"type": "icon", "data": {"value": "1", "icon_img": "http://n.sinaimg.cn/www/ea31a93f/20220121/feed_icon_torch@2x.png", "title": "我是火炬网络护跑手", "url": ""}}, {"type": "icon", "data": {"value": "1", "icon_img": "https://h5.sinaimg.cn/upload/103/1651/2021/12/11/feed_icon_21wbnight32x28.png", "title": "微博之夜", "url": "https://huodong.weibo.com/netchina2021/index"}}], "can_edit": false, "textLength": null, "source": "iPhone客户端", "favorited": false, "cardid": null, "pic_ids": [], "geo": null, "pic_num": 0, "is_paid": false, "mblog_vip_type": 0, "reposts_count": 0, "comments_count": 0, "attitudes_count": 0, "attitudes_status": 0, "isLongText": false, "mlevel": 0, "content_auth": 0, "is_show_bulletin": 2, "mblogtype": 0, "showFeedRepost": false, "showFeedComment": false, "pictureViewerSign": false, "showPictureViewer": false, "repost_type": 1, "share_repost_type": 0, "text": "#被拐妇女对加害人的暴力行为应视为自卫#"}, "pid": "4744405582350668"}, {"mid": "4744679079281309", "mblogid": "LiKj1CWux", "uid": 3965592638, "name": "-P-想太多", "data": {"visible_type": 0, "visible_list_id": 0, "time": "2022-03-08 09:31:46", "profile_image_url": "https://tvax4.sinaimg.cn/crop.0.0.996.996.50/ec5e243ely8gi42pur5ogj20ro0roacd.jpg?KID=imgbed,tva&Expires=1646717840&ssig=crDq%2FfBoKw", "profile_url": "/u/3965592638", "verified": false, "verified_type": -1, "domain": "", "weihao": "", "verified_type_ext": null, "avatar_large": "https://tvax4.sinaimg.cn/crop.0.0.996.996.180/ec5e243ely8gi42pur5ogj20ro0roacd.jpg?KID=imgbed,tva&Expires=1646717840&ssig=9VwXrWKqcH", "avatar_hd": "https://tvax4.sinaimg.cn/crop.0.0.996.996.1024/ec5e243ely8gi42pur5ogj20ro0roacd.jpg?KID=imgbed,tva&Expires=1646717840&ssig=rJ74eWFfvA", "follow_me": false, "following": false, "mbrank": 0, "mbtype": 0, "planet_video": true, "icon_list": [], "can_edit": false, "textLength": null, "source": "Android", "favorited": false, "cardid": null, "pic_ids": [], "geo": null, "pic_num": 0, "is_paid": false, "mblog_vip_type": 0, "reposts_count": 0, "comments_count": 0, "attitudes_count": 0, "attitudes_status": 0, "isLongText": false, "mlevel": 0, "content_auth": 0, "is_show_bulletin": 2, "mblogtype": 0, "showFeedRepost": false, "showFeedComment": false, "pictureViewerSign": false, "showPictureViewer": false, "repost_type": 1, "share_repost_type": 0, "text": "转发微博"}, "pid": "4744405582350668"}, {"mid": "4744684234085064", "mblogid": "LiKrlh8I8", "uid": 1282396271, "name": "柳絮池塘2012", "data": {"visible_type": 0, "visible_list_id": 0, "time": "2022-03-08 09:52:16", "profile_image_url": "https://tva2.sinaimg.cn/crop.0.0.720.720.50/4c6fd06fjw8emjixcwvf2j20k00k0jsw.jpg?KID=imgbed,tva&Expires=1646717840&ssig=490VhxGb8T", "profile_url": "/u/1282396271", "verified": false, "verified_type": -1, "domain": "", "weihao": "", "verified_type_ext": null, "avatar_large": "https://tva2.sinaimg.cn/crop.0.0.720.720.180/4c6fd06fjw8emjixcwvf2j20k00k0jsw.jpg?KID=imgbed,tva&Expires=1646717840&ssig=QTxjrL6OlP", "avatar_hd": "https://tva2.sinaimg.cn/crop.0.0.720.720.1024/4c6fd06fjw8emjixcwvf2j20k00k0jsw.jpg?KID=imgbed,tva&Expires=1646717840&ssig=quUB6FKGqy", "follow_me": false, "following": false, "mbrank": 0, "mbtype": 0, "planet_video": true, "icon_list": [], "can_edit": false, "textLength": null, "source": "iPhone客户端", "favorited": false, "cardid": null, "pic_ids": [], "geo": null, "pic_num": 0, "is_paid": false, "mblog_vip_type": 0, "reposts_count": 0, "comments_count": 0, "attitudes_count": 0, "attitudes_status": 0, "isLongText": false, "mlevel": 0, "content_auth": 0, "is_show_bulletin": 2, "mblogtype": 0, "showFeedRepost": false, "showFeedComment": false, "pictureViewerSign": false, "showPictureViewer": false, "repost_type": 2, "share_repost_type": 0, "text": "快转微博"}, "pid": "4744405582350668"}, {"mid": "4744689343533692", "mblogid": "LiKzAePh2", "uid": 5628547088, "name": "公子景的小即墨", "data": {"visible_type": 0, "visible_list_id": 0, "time": "2022-03-08 10:12:34", "profile_image_url": "https://tvax3.sinaimg.cn/crop.0.0.996.996.50/0068UOdyly8g051bmvvuij30ro0roq57.jpg?KID=imgbed,tva&Expires=1646717840&ssig=ONg7eEi5wN", "profile_url": "/u/5628547088", "verified": true, "verified_type": 0, "domain": "", "weihao": "", "verified_type_ext": 0, "avatar_large": "https://tvax3.sinaimg.cn/crop.0.0.996.996.180/0068UOdyly8g051bmvvuij30ro0roq57.jpg?KID=imgbed,tva&Expires=1646717840&ssig=Y6G0zRDieL", "avatar_hd": "https://tvax3.sinaimg.cn/crop.0.0.996.996.1024/0068UOdyly8g051bmvvuij30ro0roq57.jpg?KID=imgbed,tva&Expires=1646717840&ssig=bEgXDhYRjG", "follow_me": false, "following": false, "mbrank": 6, "mbtype": 2, "planet_video": false, "icon_list": [{"type": "icon", "data": {"value": "1", "icon_img": "https://h5.sinaimg.cn/upload/100/1650/2021/12/29/pc.png", "title": "为中国冰雪加油", "url": "https://s.weibo.com/weibo?q=%23一起为中国冰雪加油%23"}}, {"type": "icon", "data": {"value": "1", "icon_img": "http://n.sinaimg.cn/www/ea31a93f/20220121/feed_icon_torch@2x.png", "title": "我是火炬网络护跑手", "url": ""}}, {"type": "icon", "data": {"value": "1", "icon_img": "https://h5.sinaimg.cn/upload/103/1651/2021/12/11/feed_icon_21wbnight32x28.png", "title": "微博之夜", "url": "https://huodong.weibo.com/netchina2021/index"}}], "can_edit": false, "textLength": null, "source": "华为畅享20 Pro", "favorited": false, "cardid": null, "pic_ids": [], "geo": null, "pic_num": 0, "is_paid": false, "mblog_vip_type": 0, "reposts_count": 0, "comments_count": 0, "attitudes_count": 0, "attitudes_status": 0, "isLongText": false, "mlevel": 0, "content_auth": 0, "is_show_bulletin": 2, "mblogtype": 0, "showFeedRepost": false, "showFeedComment": false, "pictureViewerSign": false, "showPictureViewer": false, "repost_type": 1, "share_repost_type": 0, "text": "支持一把"}, "pid": "4744405582350668"}, {"mid": "4744691725894823", "mblogid": "LiKDqoJvN", "uid": 2140295911, "name": "Min_Key3223", "data": {"visible_type": 0, "visible_list_id": 0, "time": "2022-03-08 10:22:02", "profile_image_url": "https://tvax2.sinaimg.cn/crop.0.0.512.512.50/7f9252e7ly8gsq8w7kk62j20e80e8q3h.jpg?KID=imgbed,tva&Expires=1646717840&ssig=0hDkYnHEQE", "profile_url": "/u/2140295911", "verified": false, "verified_type": 220, "domain": "", "weihao": "", "verified_type_ext": null, "avatar_large": "https://tvax2.sinaimg.cn/crop.0.0.512.512.180/7f9252e7ly8gsq8w7kk62j20e80e8q3h.jpg?KID=imgbed,tva&Expires=1646717840&ssig=IjjKvn0Zw2", "avatar_hd": "https://tvax2.sinaimg.cn/crop.0.0.512.512.1024/7f9252e7ly8gsq8w7kk62j20e80e8q3h.jpg?KID=imgbed,tva&Expires=1646717840&ssig=RQ3t%2FIO8w6", "follow_me": false, "following": false, "mbrank": 1, "mbtype": 2, "planet_video": true, "icon_list": [], "can_edit": false, "textLength": null, "source": "iPhone客户端", "favorited": false, "cardid": null, "pic_ids": [], "geo": null, "pic_num": 0, "is_paid": false, "mblog_vip_type": 0, "reposts_count": 0, "comments_count": 0, "attitudes_count": 0, "attitudes_status": 0, "isLongText": false, "mlevel": 0, "content_auth": 0, "is_show_bulletin": 2, "mblogtype": 0, "showFeedRepost": false, "showFeedComment": false, "pictureViewerSign": false, "showPictureViewer": false, "repost_type": 5, "share_repost_type": 0, "text": "//@古狼雨:这个提议好，对于被拐女性，应该允许使用任何办法帮助自己解脱魔爪。"}, "pid": "4744405582350668"}, {"mid": "4744695454895594", "mblogid": "LiKJrkxzc", "uid": 7390578507, "name": "豆豆奶奶008", "data": {"visible_type": 0, "visible_list_id": 0, "time": "2022-03-08 10:36:51", "profile_image_url": "https://tvax1.sinaimg.cn/crop.0.0.996.996.50/0084a759ly8gbsqcp3xgsj30ro0ro76t.jpg?KID=imgbed,tva&Expires=1646717840&ssig=sHjaa3mjR8", "profile_url": "/u/7390578507", "verified": false, "verified_type": -1, "domain": "", "weihao": "", "verified_type_ext": null, "avatar_large": "https://tvax1.sinaimg.cn/crop.0.0.996.996.180/0084a759ly8gbsqcp3xgsj30ro0ro76t.jpg?KID=imgbed,tva&Expires=1646717840&ssig=9s%2BB6m5iur", "avatar_hd": "https://tvax1.sinaimg.cn/crop.0.0.996.996.1024/0084a759ly8gbsqcp3xgsj30ro0ro76t.jpg?KID=imgbed,tva&Expires=1646717840&ssig=DK3q0401ZU", "follow_me": false, "following": false, "mbrank": 0, "mbtype": 0, "planet_video": true, "icon_list": [], "can_edit": false, "textLength": null, "source": "nova5i 2400万AI四摄", "favorited": false, "cardid": null, "pic_ids": [], "geo": null, "pic_num": 0, "is_paid": false, "mblog_vip_type": 0, "reposts_count": 0, "comments_count": 0, "attitudes_count": 0, "attitudes_status": 0, "isLongText": false, "mlevel": 0, "content_auth": 0, "is_show_bulletin": 2, "mblogtype": 0, "showFeedRepost": false, "showFeedComment": false, "pictureViewerSign": false, "showPictureViewer": false, "repost_type": 1, "share_repost_type": 0, "text": "转发微博"}, "pid": "4744405582350668"}]}