{"mid": "4743735504800117", "mblogid": "LilL8k8Jf", "uid": 5711186504, "name": "科技发现", "data": {"visible_type": 0, "visible_list_id": 0, "time": "2022-03-05 19:02:21", "profile_image_url": "https://tvax1.sinaimg.cn/crop.101.86.415.415.50/006evyvmly8fys9tn5d9kj30hr0fzwvf.jpg?KID=imgbed,tva&Expires=1646665178&ssig=kdNsGP9j%2Ff", "profile_url": "/u/5711186504", "verified": true, "verified_type": 0, "domain": "", "weihao": "", "verified_type_ext": 1, "avatar_large": "https://tvax1.sinaimg.cn/crop.101.86.415.415.180/006evyvmly8fys9tn5d9kj30hr0fzwvf.jpg?KID=imgbed,tva&Expires=1646665178&ssig=GHuSchO5mx", "avatar_hd": "https://tvax1.sinaimg.cn/crop.101.86.415.415.1024/006evyvmly8fys9tn5d9kj30hr0fzwvf.jpg?KID=imgbed,tva&Expires=1646665178&ssig=u1cQBE%2BHin", "follow_me": false, "following": false, "mbrank": 6, "mbtype": 12, "planet_video": false, "icon_list": [{"type": "vip", "data": {"mbrank": 6, "mbtype": 12}}], "can_edit": false, "textLength": 710, "source": "微博 weibo.com", "favorited": false, "cardid": null, "pic_ids": ["006evyvmgy1gzz7lukhptj30u00crwfb", "006evyvmgy1gzz7lveuumj30u00ixn01", "006evyvmgy1gzz7lv0hekj30u00k00w9", "006evyvmgy1gzz7lx701lj30u07i97wh"], "geo": null, "pic_num": 4, "is_paid": false, "mblog_vip_type": 0, "reposts_count": 400, "comments_count": 197, "attitudes_count": 632, "attitudes_status": 0, "isLongText": true, "mlevel": 0, "content_auth": 0, "is_show_bulletin": 2, "mblogtype": 0, "showFeedRepost": false, "showFeedComment": false, "pictureViewerSign": false, "showPictureViewer": false, "repost_type": null, "share_repost_type": 0, "text": "#认真的人大代表##雷军#雷军被网友发现出现在人大会议，一点也不令人意外，因为雷军在民营企业里面是数一数二的企业家。当然雷军能作为代表参与人大会议，也侧方面证明了雷军在企业家里面的地位。雷军参与有一个很大的感受，那就是市场在求“稳”。雷军简单数了数，发现“稳”字在报告中出现了76次。求 ​​​"}, "children": [{"mid": "4743742889922518", "mblogid": "LilX2FDiC", "uid": 3211989307, "name": "倾听心跳的美好", "data": {"visible_type": 0, "visible_list_id": 0, "time": "2022-03-05 19:31:42", "profile_image_url": "https://tvax2.sinaimg.cn/crop.0.0.996.996.50/bf73113bly8gt0ha80w09j20ro0rotbe.jpg?KID=imgbed,tva&Expires=1646665235&ssig=U9Vwwu1S9Y", "profile_url": "/u/3211989307", "verified": true, "verified_type": 0, "domain": "", "weihao": "", "verified_type_ext": 0, "avatar_large": "https://tvax2.sinaimg.cn/crop.0.0.996.996.180/bf73113bly8gt0ha80w09j20ro0rotbe.jpg?KID=imgbed,tva&Expires=1646665235&ssig=NZnoSexF7F", "avatar_hd": "https://tvax2.sinaimg.cn/crop.0.0.996.996.1024/bf73113bly8gt0ha80w09j20ro0rotbe.jpg?KID=imgbed,tva&Expires=1646665235&ssig=w8Q8DpZ0fP", "follow_me": false, "following": false, "mbrank": 6, "mbtype": 12, "planet_video": false, "icon_list": [{"type": "vip", "data": {"mbrank": 6, "mbtype": 12}}, {"type": "icon", "data": {"value": "1", "icon_img": "http://n.sinaimg.cn/www/ea31a93f/20220121/feed_icon_torch@2x.png", "title": "我是火炬网络护跑手", "url": ""}}], "can_edit": false, "textLength": null, "source": "vivo X50 Pro专业影像", "favorited": false, "cardid": "star_100295502141", "pic_ids": [], "geo": null, "pic_num": 0, "is_paid": false, "mblog_vip_type": 0, "reposts_count": 0, "comments_count": 0, "attitudes_count": 0, "attitudes_status": 0, "isLongText": false, "mlevel": 0, "content_auth": 0, "is_show_bulletin": 2, "mblogtype": 0, "showFeedRepost": false, "showFeedComment": false, "pictureViewerSign": false, "showPictureViewer": false, "repost_type": 4, "share_repost_type": 0, "text": "一直都很喜欢用小米手机"}, "pid": "4743735504800117"}, {"mid": "4743742906439487", "mblogid": "LilX4r1cH", "uid": 5058258076, "name": "丹东帮", "data": {"visible_type": 0, "visible_list_id": 0, "time": "2022-03-05 19:31:46", "profile_image_url": "https://tvax2.sinaimg.cn/crop.0.0.1080.1080.50/005wjVZGly8gy354ffhctj30u00u0mzc.jpg?KID=imgbed,tva&Expires=1646665235&ssig=wRrTcXJqPs", "profile_url": "/u/5058258076", "verified": true, "verified_type": 0, "domain": "0415wb", "weihao": "701208456", "verified_type_ext": 0, "avatar_large": "https://tvax2.sinaimg.cn/crop.0.0.1080.1080.180/005wjVZGly8gy354ffhctj30u00u0mzc.jpg?KID=imgbed,tva&Expires=1646665235&ssig=TtVBrWhFoZ", "avatar_hd": "https://tvax2.sinaimg.cn/crop.0.0.1080.1080.1024/005wjVZGly8gy354ffhctj30u00u0mzc.jpg?KID=imgbed,tva&Expires=1646665235&ssig=kH6wxw4zzn", "follow_me": false, "following": false, "mbrank": 0, "mbtype": 0, "planet_video": true, "icon_list": [{"type": "icon", "data": {"value": "1", "icon_img": "https://h5.sinaimg.cn/upload/103/1651/2021/12/11/feed_icon_21wbnight32x28.png", "title": "微博之夜", "url": "https://huodong.weibo.com/netchina2021/index"}}], "can_edit": false, "textLength": null, "source": "HUAWEI Mate30 Pro 5G", "favorited": false, "cardid": null, "pic_ids": [], "geo": null, "pic_num": 0, "is_paid": false, "mblog_vip_type": 0, "reposts_count": 0, "comments_count": 0, "attitudes_count": 0, "attitudes_status": 0, "isLongText": false, "mlevel": 0, "content_auth": 0, "is_show_bulletin": 2, "mblogtype": 0, "showFeedRepost": false, "showFeedComment": false, "pictureViewerSign": false, "showPictureViewer": false, "repost_type": 3, "share_repost_type": 0, "text": "支持雷总，支持支持，支持国货品牌！"}, "pid": "4743735504800117"}, {"mid": "4743742911940425", "mblogid": "LilX588Nb", "uid": 7520485320, "name": "燕南飞sunshine", "data": {"visible_type": 0, "visible_list_id": 0, "time": "2022-03-05 19:31:47", "profile_image_url": "https://tvax2.sinaimg.cn/crop.0.0.619.619.50/008cXbMkly8gxp61buvzqj30h70h7dgs.jpg?KID=imgbed,tva&Expires=1646665235&ssig=O5M72gkwaZ", "profile_url": "/u/7520485320", "verified": false, "verified_type": -1, "domain": "", "weihao": "", "verified_type_ext": null, "avatar_large": "https://tvax2.sinaimg.cn/crop.0.0.619.619.180/008cXbMkly8gxp61buvzqj30h70h7dgs.jpg?KID=imgbed,tva&Expires=1646665235&ssig=TWr9BMzZRE", "avatar_hd": "https://tvax2.sinaimg.cn/crop.0.0.619.619.1024/008cXbMkly8gxp61buvzqj30h70h7dgs.jpg?KID=imgbed,tva&Expires=1646665235&ssig=Esby3HrFyL", "follow_me": false, "following": false, "mbrank": 0, "mbtype": 0, "planet_video": true, "icon_list": [], "can_edit": false, "textLength": null, "source": "Note 10 Pro", "favorited": false, "cardid": null, "pic_ids": [], "geo": null, "pic_num": 0, "is_paid": false, "mblog_vip_type": 0, "reposts_count": 0, "comments_count": 0, "attitudes_count": 0, "attitudes_status": 0, "isLongText": false, "mlevel": 0, "content_auth": 0, "is_show_bulletin": 2, "mblogtype": 0, "showFeedRepost": false, "showFeedComment": false, "pictureViewerSign": false, "showPictureViewer": false, "repost_type": 1, "share_repost_type": 0, "text": "转发微博"}, "pid": "4743735504800117"}, {"mid": "4743742941301320", "mblogid": "LilX85sx2", "uid": 5257481552, "name": "龙龙在学校", "data": {"visible_type": 0, "visible_list_id": 0, "time": "2022-03-05 19:31:54", "profile_image_url": "https://tvax3.sinaimg.cn/crop.0.0.640.640.50/005JNR7yly8gzu5ko2opaj30hs0hsmy1.jpg?KID=imgbed,tva&Expires=1646665235&ssig=35zjxe3xAY", "profile_url": "/u/5257481552", "verified": true, "verified_type": 0, "domain": "", "weihao": "", "verified_type_ext": 0, "avatar_large": "https://tvax3.sinaimg.cn/crop.0.0.640.640.180/005JNR7yly8gzu5ko2opaj30hs0hsmy1.jpg?KID=imgbed,tva&Expires=1646665235&ssig=Fhsf8qF5Bd", "avatar_hd": "https://tvax3.sinaimg.cn/crop.0.0.640.640.1024/005JNR7yly8gzu5ko2opaj30hs0hsmy1.jpg?KID=imgbed,tva&Expires=1646665235&ssig=KiKNrDzrgi", "follow_me": false, "following": false, "mbrank": 1, "mbtype": 2, "planet_video": true, "icon_list": [{"type": "icon", "data": {"value": "1", "icon_img": "https://h5.sinaimg.cn/upload/100/1650/2021/12/29/pc.png", "title": "为中国冰雪加油", "url": "https://s.weibo.com/weibo?q=%23一起为中国冰雪加油%23"}}, {"type": "icon", "data": {"value": "1", "icon_img": "http://n.sinaimg.cn/www/ea31a93f/20220121/feed_icon_torch@2x.png", "title": "我是火炬网络护跑手", "url": ""}}, {"type": "icon", "data": {"value": "1", "icon_img": "http://n.sinaimg.cn/www/ea31a93f/20220213/feed_icon_BingDwenDwenShueyRhonRhon@2x.png", "title": "微博实现一墩一融", "url": "https://s.weibo.com/weibo?q=%23为中国冬奥健儿加油%23"}}], "can_edit": false, "textLength": null, "source": "小米9", "favorited": false, "cardid": null, "pic_ids": [], "geo": null, "pic_num": 0, "is_paid": false, "mblog_vip_type": 0, "reposts_count": 0, "comments_count": 0, "attitudes_count": 0, "attitudes_status": 0, "isLongText": false, "mlevel": 0, "content_auth": 0, "is_show_bulletin": 2, "mblogtype": 0, "showFeedRepost": false, "showFeedComment": false, "pictureViewerSign": false, "showPictureViewer": false, "repost_type": 4, "share_repost_type": 0, "text": "雷总非常有远见卓识  特别优秀  希望小米越来越好[心]"}, "pid": "4743735504800117"}, {"mid": "4743742990587317", "mblogid": "LilXd2sMR", "uid": 5861450620, "name": "扎心的小儿郎", "data": {"visible_type": 0, "visible_list_id": 0, "time": "2022-03-05 19:32:06", "profile_image_url": "https://tvax3.sinaimg.cn/crop.0.0.1080.1080.50/006oG348ly8gwdheifbm1j30u00u0mxu.jpg?KID=imgbed,tva&Expires=1646665235&ssig=Ge%2Bl2GPkaa", "profile_url": "/u/5861450620", "verified": true, "verified_type": 0, "domain": "", "weihao": "", "verified_type_ext": 0, "avatar_large": "https://tvax3.sinaimg.cn/crop.0.0.1080.1080.180/006oG348ly8gwdheifbm1j30u00u0mxu.jpg?KID=imgbed,tva&Expires=1646665235&ssig=DRE00zZL%2FK", "avatar_hd": "https://tvax3.sinaimg.cn/crop.0.0.1080.1080.1024/006oG348ly8gwdheifbm1j30u00u0mxu.jpg?KID=imgbed,tva&Expires=1646665235&ssig=89xwmMTl%2FS", "follow_me": false, "following": false, "mbrank": 1, "mbtype": 2, "planet_video": false, "icon_list": [{"type": "icon", "data": {"value": "1", "icon_img": "https://h5.sinaimg.cn/upload/103/1651/2021/12/11/feed_icon_21bobao.png", "title": "我的微博播报", "url": "https://huodong.weibo.com/netchina2021/memories"}}], "can_edit": false, "textLength": null, "source": "OPPO R9s", "favorited": false, "cardid": null, "pic_ids": [], "geo": null, "pic_num": 0, "is_paid": false, "mblog_vip_type": 0, "reposts_count": 0, "comments_count": 0, "attitudes_count": 0, "attitudes_status": 0, "isLongText": false, "mlevel": 0, "content_auth": 0, "is_show_bulletin": 2, "mblogtype": 0, "showFeedRepost": false, "showFeedComment": false, "pictureViewerSign": false, "showPictureViewer": false, "repost_type": 4, "share_repost_type": 0, "text": "雷总的建议不错呀。让新能源汽车坐到真正的环保"}, "pid": "4743735504800117"}, {"mid": "4743742991110176", "mblogid": "LilXd4EO4", "uid": 7478607948, "name": "休笑本无恨", "data": {"visible_type": 0, "visible_list_id": 0, "time": "2022-03-05 19:32:06", "profile_image_url": "https://tvax4.sinaimg.cn/crop.0.0.500.500.50/008a7tyQly8gzl80viav9j30dw0dw3yz.jpg?KID=imgbed,tva&Expires=1646665235&ssig=dOe9lBjjWM", "profile_url": "/u/7478607948", "verified": true, "verified_type": 0, "domain": "", "weihao": "", "verified_type_ext": 0, "avatar_large": "https://tvax4.sinaimg.cn/crop.0.0.500.500.180/008a7tyQly8gzl80viav9j30dw0dw3yz.jpg?KID=imgbed,tva&Expires=1646665235&ssig=hLCFlAu%2FUk", "avatar_hd": "https://tvax4.sinaimg.cn/crop.0.0.500.500.1024/008a7tyQly8gzl80viav9j30dw0dw3yz.jpg?KID=imgbed,tva&Expires=1646665235&ssig=LNMe4WL51Y", "follow_me": false, "following": false, "mbrank": 2, "mbtype": 12, "planet_video": false, "icon_list": [{"type": "vip", "data": {"mbrank": 2, "mbtype": 12}}, {"type": "icon", "data": {"value": "1", "icon_img": "https://h5.sinaimg.cn/upload/100/1650/2021/12/29/pc.png", "title": "为中国冰雪加油", "url": "https://s.weibo.com/weibo?q=%23一起为中国冰雪加油%23"}}], "can_edit": false, "textLength": null, "source": "OPPO Reno6 Pro 5G", "favorited": false, "cardid": "star_1419", "pic_ids": [], "geo": null, "pic_num": 0, "is_paid": false, "mblog_vip_type": 0, "reposts_count": 0, "comments_count": 0, "attitudes_count": 0, "attitudes_status": 0, "isLongText": false, "mlevel": 0, "content_auth": 0, "is_show_bulletin": 2, "mblogtype": 0, "showFeedRepost": false, "showFeedComment": false, "pictureViewerSign": false, "showPictureViewer": false, "repost_type": 4, "share_repost_type": 0, "text": "支持雷总支持民族企业"}, "pid": "4743735504800117"}, {"mid": "4743743020993389", "mblogid": "LilXg4aqp", "uid": 7549474375, "name": "竹子的品格", "data": {"visible_type": 0, "visible_list_id": 0, "time": "2022-03-05 19:32:13", "profile_image_url": "https://tvax1.sinaimg.cn/crop.0.0.512.512.50/008eUP9Jly8gx7x4bpeffj30e80e8jro.jpg?KID=imgbed,tva&Expires=1646665235&ssig=n%2B7nlu%2Bqi7", "profile_url": "/u/7549474375", "verified": false, "verified_type": -1, "domain": "", "weihao": "", "verified_type_ext": null, "avatar_large": "https://tvax1.sinaimg.cn/crop.0.0.512.512.180/008eUP9Jly8gx7x4bpeffj30e80e8jro.jpg?KID=imgbed,tva&Expires=1646665235&ssig=TxywufAEIF", "avatar_hd": "https://tvax1.sinaimg.cn/crop.0.0.512.512.1024/008eUP9Jly8gx7x4bpeffj30e80e8jro.jpg?KID=imgbed,tva&Expires=1646665235&ssig=Oa2OCX6F4j", "follow_me": false, "following": false, "mbrank": 1, "mbtype": 2, "planet_video": false, "icon_list": [{"type": "icon", "data": {"value": "1", "icon_img": "http://n.sinaimg.cn/www/ea31a93f/20220121/feed_icon_torch@2x.png", "title": "我是火炬网络护跑手", "url": ""}}, {"type": "icon", "data": {"value": "1", "icon_img": "https://h5.sinaimg.cn/upload/103/1651/2021/12/11/feed_icon_21wbnight32x28.png", "title": "微博之夜", "url": "https://huodong.weibo.com/netchina2021/index"}}], "can_edit": false, "textLength": null, "source": "iPhone客户端", "favorited": false, "cardid": null, "pic_ids": [], "geo": null, "pic_num": 0, "is_paid": false, "mblog_vip_type": 0, "reposts_count": 0, "comments_count": 0, "attitudes_count": 0, "attitudes_status": 0, "isLongText": false, "mlevel": 0, "content_auth": 0, "is_show_bulletin": 2, "mblogtype": 0, "showFeedRepost": false, "showFeedComment": false, "pictureViewerSign": false, "showPictureViewer": false, "repost_type": 4, "share_repost_type": 0, "text": "真是太优秀了，为雷总点赞"}, "pid": "4743735504800117"}, {"mid": "4743743074993086", "mblogid": "LilXlkWVE", "uid": 6413930209, "name": "心存善念_婷婷", "data": {"visible_type": 0, "visible_list_id": 0, "time": "2022-03-05 19:32:25", "profile_image_url": "https://tvax2.sinaimg.cn/crop.0.0.960.960.50/00704cffly8flodn9jecpj30qo0qo41e.jpg?KID=imgbed,tva&Expires=1646665235&ssig=MUAHIyd%2BYz", "profile_url": "/u/6413930209", "verified": false, "verified_type": -1, "domain": "", "weihao": "", "verified_type_ext": null, "avatar_large": "https://tvax2.sinaimg.cn/crop.0.0.960.960.180/00704cffly8flodn9jecpj30qo0qo41e.jpg?KID=imgbed,tva&Expires=1646665235&ssig=96s%2B%2BOj6BF", "avatar_hd": "https://tvax2.sinaimg.cn/crop.0.0.960.960.1024/00704cffly8flodn9jecpj30qo0qo41e.jpg?KID=imgbed,tva&Expires=1646665235&ssig=Xq4HGL1xyO", "follow_me": false, "following": false, "mbrank": 1, "mbtype": 2, "planet_video": false, "icon_list": [{"type": "icon", "data": {"value": "1", "icon_img": "https://h5.sinaimg.cn/upload/103/1651/2021/12/11/feed_icon_21wbnight32x28.png", "title": "微博之夜", "url": "https://huodong.weibo.com/netchina2021/index"}}], "can_edit": false, "textLength": null, "source": "iPhone客户端", "favorited": false, "cardid": null, "pic_ids": [], "geo": null, "pic_num": 0, "is_paid": false, "mblog_vip_type": 0, "reposts_count": 0, "comments_count": 0, "attitudes_count": 0, "attitudes_status": 0, "isLongText": false, "mlevel": 0, "content_auth": 0, "is_show_bulletin": 2, "mblogtype": 0, "showFeedRepost": false, "showFeedComment": false, "pictureViewerSign": false, "showPictureViewer": false, "repost_type": 4, "share_repost_type": 0, "text": "现在新能源越来越给力[赞]小米太棒棒"}, "pid": "4743735504800117"}, {"mid": "4743743083384622", "mblogid": "LilXmecuG", "uid": 7584412311, "name": "兲喨説脕咹1994", "data": {"visible_type": 0, "visible_list_id": 0, "time": "2022-03-05 19:32:28", "profile_image_url": "https://tvax1.sinaimg.cn/crop.0.0.1080.1080.50/008hhq6Ply8gzqxln38n8j30u00u0wm7.jpg?KID=imgbed,tva&Expires=1646665235&ssig=sszk%2FWzpch", "profile_url": "/u/7584412311", "verified": false, "verified_type": -1, "domain": "", "weihao": "", "verified_type_ext": null, "avatar_large": "https://tvax1.sinaimg.cn/crop.0.0.1080.1080.180/008hhq6Ply8gzqxln38n8j30u00u0wm7.jpg?KID=imgbed,tva&Expires=1646665235&ssig=PNrwF68kDP", "avatar_hd": "https://tvax1.sinaimg.cn/crop.0.0.1080.1080.1024/008hhq6Ply8gzqxln38n8j30u00u0wm7.jpg?KID=imgbed,tva&Expires=1646665235&ssig=VyFuigYtSs", "follow_me": false, "following": false, "mbrank": 1, "mbtype": 2, "planet_video": false, "icon_list": [], "can_edit": false, "textLength": null, "source": "vivo手机", "favorited": false, "cardid": null, "pic_ids": [], "geo": null, "pic_num": 0, "is_paid": false, "mblog_vip_type": 0, "reposts_count": 0, "comments_count": 0, "attitudes_count": 0, "attitudes_status": 0, "isLongText": false, "mlevel": 0, "content_auth": 0, "is_show_bulletin": 2, "mblogtype": 0, "showFeedRepost": false, "showFeedComment": false, "pictureViewerSign": false, "showPictureViewer": false, "repost_type": 3, "share_repost_type": 0, "text": "一定支持雷哥。支持国产，支持小米"}, "pid": "4743735504800117"}, {"mid": "4743743163597373", "mblogid": "LilXuf5Q9", "uid": 2130830147, "name": "一起听雨中雨声", "data": {"visible_type": 0, "visible_list_id": 0, "time": "2022-03-05 19:32:46", "profile_image_url": "https://tva2.sinaimg.cn/crop.0.0.180.180.50/7f01e343jw1e8qgp5bmzyj2050050aa8.jpg?KID=imgbed,tva&Expires=1646665235&ssig=La0yap6lCb", "profile_url": "/u/2130830147", "verified": true, "verified_type": 0, "domain": "", "weihao": "", "verified_type_ext": 0, "avatar_large": "https://tva2.sinaimg.cn/crop.0.0.180.180.180/7f01e343jw1e8qgp5bmzyj2050050aa8.jpg?KID=imgbed,tva&Expires=1646665235&ssig=4rQZAaAvZN", "avatar_hd": "https://tva2.sinaimg.cn/crop.0.0.180.180.1024/7f01e343jw1e8qgp5bmzyj2050050aa8.jpg?KID=imgbed,tva&Expires=1646665235&ssig=%2BrEiiCm1uU", "follow_me": false, "following": false, "mbrank": 0, "mbtype": 0, "planet_video": true, "icon_list": [{"type": "icon", "data": {"value": "1", "icon_img": "https://h5.sinaimg.cn/upload/103/1651/2021/12/11/feed_icon_21wbnight32x28.png", "title": "微博之夜", "url": "https://huodong.weibo.com/netchina2021/index"}}, {"type": "icon", "data": {"value": "1", "icon_img": "https://h5.sinaimg.cn/upload/103/1651/2021/12/11/feed_icon_21bobao.png", "title": "我的微博播报", "url": "https://huodong.weibo.com/netchina2021/memories"}}], "can_edit": false, "textLength": null, "source": "Android客户端", "favorited": false, "cardid": null, "pic_ids": [], "geo": null, "pic_num": 0, "is_paid": false, "mblog_vip_type": 0, "reposts_count": 0, "comments_count": 0, "attitudes_count": 0, "attitudes_status": 0, "isLongText": false, "mlevel": 0, "content_auth": 0, "is_show_bulletin": 2, "mblogtype": 0, "showFeedRepost": false, "showFeedComment": false, "pictureViewerSign": false, "showPictureViewer": false, "repost_type": 4, "share_repost_type": 0, "text": "让新能源汽车做到真正的环保。"}, "pid": "4743735504800117"}, {"mid": "4743743162814266", "mblogid": "LilXubO7o", "uid": 7743753207, "name": "你们在干什么呀555", "data": {"visible_type": 0, "visible_list_id": 0, "time": "2022-03-05 19:32:47", "profile_image_url": "https://tvax1.sinaimg.cn/crop.0.0.1080.1080.50/008s3ZXhly8gzmd1mxbixj30u00u1wei.jpg?KID=imgbed,tva&Expires=1646665235&ssig=RRCE4Fc2jv", "profile_url": "/u/7743753207", "verified": false, "verified_type": -1, "domain": "", "weihao": "", "verified_type_ext": null, "avatar_large": "https://tvax1.sinaimg.cn/crop.0.0.1080.1080.180/008s3ZXhly8gzmd1mxbixj30u00u1wei.jpg?KID=imgbed,tva&Expires=1646665235&ssig=YWlXmx08eP", "avatar_hd": "https://tvax1.sinaimg.cn/crop.0.0.1080.1080.1024/008s3ZXhly8gzmd1mxbixj30u00u1wei.jpg?KID=imgbed,tva&Expires=1646665235&ssig=2beq0fmHy5", "follow_me": false, "following": false, "mbrank": 1, "mbtype": 11, "planet_video": true, "icon_list": [{"type": "vip", "data": {"mbrank": 1, "mbtype": 11}}], "can_edit": false, "textLength": null, "source": "vivo手机", "favorited": false, "cardid": null, "pic_ids": [], "geo": null, "pic_num": 0, "is_paid": false, "mblog_vip_type": 0, "reposts_count": 0, "comments_count": 0, "attitudes_count": 0, "attitudes_status": 0, "isLongText": false, "mlevel": 0, "content_auth": 0, "is_show_bulletin": 2, "mblogtype": 0, "showFeedRepost": false, "showFeedComment": false, "pictureViewerSign": false, "showPictureViewer": false, "repost_type": 4, "share_repost_type": 0, "text": "希望以后新能源汽车会越来越好。科技越来越好。"}, "pid": "4743735504800117"}, {"mid": "4743743226250753", "mblogid": "LilXAqe6B", "uid": 7584412311, "name": "兲喨説脕咹1994", "data": {"visible_type": 0, "visible_list_id": 0, "time": "2022-03-05 19:33:02", "profile_image_url": "https://tvax1.sinaimg.cn/crop.0.0.1080.1080.50/008hhq6Ply8gzqxln38n8j30u00u0wm7.jpg?KID=imgbed,tva&Expires=1646665235&ssig=sszk%2FWzpch", "profile_url": "/u/7584412311", "verified": false, "verified_type": -1, "domain": "", "weihao": "", "verified_type_ext": null, "avatar_large": "https://tvax1.sinaimg.cn/crop.0.0.1080.1080.180/008hhq6Ply8gzqxln38n8j30u00u0wm7.jpg?KID=imgbed,tva&Expires=1646665235&ssig=PNrwF68kDP", "avatar_hd": "https://tvax1.sinaimg.cn/crop.0.0.1080.1080.1024/008hhq6Ply8gzqxln38n8j30u00u0wm7.jpg?KID=imgbed,tva&Expires=1646665235&ssig=VyFuigYtSs", "follow_me": false, "following": false, "mbrank": 1, "mbtype": 2, "planet_video": false, "icon_list": [], "can_edit": false, "textLength": null, "source": "vivo手机", "favorited": false, "cardid": null, "pic_ids": [], "geo": null, "pic_num": 0, "is_paid": false, "mblog_vip_type": 0, "reposts_count": 0, "comments_count": 0, "attitudes_count": 0, "attitudes_status": 0, "isLongText": false, "mlevel": 0, "content_auth": 0, "is_show_bulletin": 2, "mblogtype": 0, "showFeedRepost": false, "showFeedComment": false, "pictureViewerSign": false, "showPictureViewer": false, "repost_type": 1, "share_repost_type": 0, "text": "一直都在用小米"}, "pid": "4743735504800117"}, {"mid": "4743743238049024", "mblogid": "LilXBxLUY", "uid": 7368565681, "name": "默默地沫沫酱", "data": {"visible_type": 0, "visible_list_id": 0, "time": "2022-03-05 19:33:05", "profile_image_url": "https://tvax3.sinaimg.cn/crop.0.0.480.480.50/0082FKxzly8gy3pmm6h4tj30dc0dcwew.jpg?KID=imgbed,tva&Expires=1646665235&ssig=zrKp02tdV3", "profile_url": "/u/7368565681", "verified": false, "verified_type": -1, "domain": "", "weihao": "", "verified_type_ext": null, "avatar_large": "https://tvax3.sinaimg.cn/crop.0.0.480.480.180/0082FKxzly8gy3pmm6h4tj30dc0dcwew.jpg?KID=imgbed,tva&Expires=1646665235&ssig=6pMXxWG6BO", "avatar_hd": "https://tvax3.sinaimg.cn/crop.0.0.480.480.1024/0082FKxzly8gy3pmm6h4tj30dc0dcwew.jpg?KID=imgbed,tva&Expires=1646665235&ssig=aFvHrhb%2Fmw", "follow_me": false, "following": false, "mbrank": 1, "mbtype": 11, "planet_video": false, "icon_list": [{"type": "vip", "data": {"mbrank": 1, "mbtype": 11}}, {"type": "icon", "data": {"value": "1", "icon_img": "http://n.sinaimg.cn/www/ea31a93f/20220121/feed_icon_torch@2x.png", "title": "我是火炬网络护跑手", "url": ""}}, {"type": "icon", "data": {"value": "1", "icon_img": "https://h5.sinaimg.cn/upload/103/1651/2021/12/11/feed_icon_21wbnight32x28.png", "title": "微博之夜", "url": "https://huodong.weibo.com/netchina2021/index"}}], "can_edit": false, "textLength": null, "source": "", "favorited": false, "cardid": "star_116208926722", "pic_ids": [], "geo": null, "pic_num": 0, "is_paid": false, "mblog_vip_type": 0, "reposts_count": 0, "comments_count": 0, "attitudes_count": 0, "attitudes_status": 0, "isLongText": false, "mlevel": 0, "content_auth": 0, "is_show_bulletin": 2, "mblogtype": 0, "showFeedRepost": false, "showFeedComment": false, "pictureViewerSign": false, "showPictureViewer": false, "repost_type": 4, "share_repost_type": 0, "text": "我感觉这真的是非常有牌面而且很有意义"}, "pid": "4743735504800117"}, {"mid": "4743743514872196", "mblogid": "LilY3krtO", "uid": 6929170163, "name": "只有淡忘从前话说又如何", "data": {"visible_type": 0, "visible_list_id": 0, "time": "2022-03-05 19:34:11", "profile_image_url": "https://tvax1.sinaimg.cn/crop.0.0.996.996.50/007yW5H5ly8gsbxlpgahmj30ro0rodia.jpg?KID=imgbed,tva&Expires=1646665235&ssig=LjHwu3aA2F", "profile_url": "/u/6929170163", "verified": false, "verified_type": -1, "domain": "", "weihao": "", "verified_type_ext": null, "avatar_large": "https://tvax1.sinaimg.cn/crop.0.0.996.996.180/007yW5H5ly8gsbxlpgahmj30ro0rodia.jpg?KID=imgbed,tva&Expires=1646665235&ssig=jSxi9Dt1Lu", "avatar_hd": "https://tvax1.sinaimg.cn/crop.0.0.996.996.1024/007yW5H5ly8gsbxlpgahmj30ro0rodia.jpg?KID=imgbed,tva&Expires=1646665235&ssig=8puy9IBQxh", "follow_me": false, "following": false, "mbrank": 1, "mbtype": 2, "planet_video": false, "icon_list": [{"type": "icon", "data": {"value": "1", "icon_img": "https://h5.sinaimg.cn/upload/100/1650/2021/12/29/pc.png", "title": "为中国冰雪加油", "url": "https://s.weibo.com/weibo?q=%23一起为中国冰雪加油%23"}}, {"type": "icon", "data": {"value": "1", "icon_img": "http://n.sinaimg.cn/www/ea31a93f/20220121/feed_icon_torch@2x.png", "title": "我是火炬网络护跑手", "url": ""}}, {"type": "icon", "data": {"value": "1", "icon_img": "http://n.sinaimg.cn/www/ea31a93f/20220213/feed_icon_BingDwenDwenShueyRhonRhon@2x.png", "title": "微博实现一墩一融", "url": "https://s.weibo.com/weibo?q=%23为中国冬奥健儿加油%23"}}], "can_edit": false, "textLength": null, "source": "HUAWEI P50", "favorited": false, "cardid": null, "pic_ids": [], "geo": null, "pic_num": 0, "is_paid": false, "mblog_vip_type": 0, "reposts_count": 0, "comments_count": 0, "attitudes_count": 0, "attitudes_status": 0, "isLongText": false, "mlevel": 0, "content_auth": 0, "is_show_bulletin": 2, "mblogtype": 0, "showFeedRepost": false, "showFeedComment": false, "pictureViewerSign": false, "showPictureViewer": false, "repost_type": 4, "share_repost_type": 0, "text": "新能源汽车的出现真的做到了环保出行"}, "pid": "4743735504800117"}, {"mid": "4743743574380745", "mblogid": "LilY9inDb", "uid": 1894468561, "name": "聆听净安", "data": {"visible_type": 0, "visible_list_id": 0, "time": "2022-03-05 19:34:25", "profile_image_url": "https://tvax3.sinaimg.cn/crop.0.0.1002.1002.50/70eb4bd1ly8gz7g4nw8dgj20ru0rudhj.jpg?KID=imgbed,tva&Expires=1646665235&ssig=Uc%2F8GKiEGO", "profile_url": "/u/1894468561", "verified": true, "verified_type": 0, "domain": "", "weihao": "", "verified_type_ext": 0, "avatar_large": "https://tvax3.sinaimg.cn/crop.0.0.1002.1002.180/70eb4bd1ly8gz7g4nw8dgj20ru0rudhj.jpg?KID=imgbed,tva&Expires=1646665235&ssig=NmNFd%2BDaNl", "avatar_hd": "https://tvax3.sinaimg.cn/crop.0.0.1002.1002.1024/70eb4bd1ly8gz7g4nw8dgj20ru0rudhj.jpg?KID=imgbed,tva&Expires=1646665235&ssig=IAZcDaACWM", "follow_me": false, "following": false, "mbrank": 1, "mbtype": 2, "planet_video": true, "icon_list": [{"type": "icon", "data": {"value": "1", "icon_img": "https://h5.sinaimg.cn/upload/100/1650/2021/12/29/pc.png", "title": "为中国冰雪加油", "url": "https://s.weibo.com/weibo?q=%23一起为中国冰雪加油%23"}}, {"type": "icon", "data": {"value": "1", "icon_img": "http://n.sinaimg.cn/www/ea31a93f/20220121/feed_icon_torch@2x.png", "title": "我是火炬网络护跑手", "url": ""}}, {"type": "icon", "data": {"value": "1", "icon_img": "http://n.sinaimg.cn/www/ea31a93f/20220213/feed_icon_BingDwenDwenShueyRhonRhon@2x.png", "title": "微博实现一墩一融", "url": "https://s.weibo.com/weibo?q=%23为中国冬奥健儿加油%23"}}], "can_edit": false, "textLength": null, "source": "小米8周年旗舰手机", "favorited": false, "cardid": null, "pic_ids": [], "geo": null, "pic_num": 0, "is_paid": false, "mblog_vip_type": 0, "reposts_count": 0, "comments_count": 0, "attitudes_count": 0, "attitudes_status": 0, "isLongText": false, "mlevel": 0, "content_auth": 0, "is_show_bulletin": 2, "mblogtype": 0, "showFeedRepost": false, "showFeedComment": false, "pictureViewerSign": false, "showPictureViewer": false, "repost_type": 4, "share_repost_type": 0, "text": "雷总真的好厉害呀 小米发展一定会越来越好的      一直关注着[打call]"}, "pid": "4743735504800117"}, {"mid": "4743743720132211", "mblogid": "LilYo0yor", "uid": 3529631065, "name": "蓝花爱情", "data": {"visible_type": 0, "visible_list_id": 0, "time": "2022-03-05 19:35:00", "profile_image_url": "https://tvax2.sinaimg.cn/crop.0.0.1080.1080.50/d261e559ly8gxz3ttph9jj20u00u141v.jpg?KID=imgbed,tva&Expires=1646665235&ssig=ZvwRBW8Uok", "profile_url": "/u/3529631065", "verified": false, "verified_type": -1, "domain": "", "weihao": "", "verified_type_ext": null, "avatar_large": "https://tvax2.sinaimg.cn/crop.0.0.1080.1080.180/d261e559ly8gxz3ttph9jj20u00u141v.jpg?KID=imgbed,tva&Expires=1646665235&ssig=jk5ghAYBmJ", "avatar_hd": "https://tvax2.sinaimg.cn/crop.0.0.1080.1080.1024/d261e559ly8gxz3ttph9jj20u00u141v.jpg?KID=imgbed,tva&Expires=1646665235&ssig=%2Bw6s%2Fz5vhM", "follow_me": false, "following": false, "mbrank": 2, "mbtype": 11, "planet_video": false, "icon_list": [{"type": "vip", "data": {"mbrank": 2, "mbtype": 11}}, {"type": "icon", "data": {"value": "1", "icon_img": "https://h5.sinaimg.cn/upload/100/1650/2021/12/29/pc.png", "title": "为中国冰雪加油", "url": "https://s.weibo.com/weibo?q=%23一起为中国冰雪加油%23"}}, {"type": "icon", "data": {"value": "1", "icon_img": "http://n.sinaimg.cn/www/ea31a93f/20220121/feed_icon_torch@2x.png", "title": "我是火炬网络护跑手", "url": ""}}], "can_edit": false, "textLength": null, "source": "", "favorited": false, "cardid": "star_1389", "pic_ids": [], "geo": null, "pic_num": 0, "is_paid": false, "mblog_vip_type": 0, "reposts_count": 0, "comments_count": 0, "attitudes_count": 0, "attitudes_status": 0, "isLongText": false, "mlevel": 0, "content_auth": 0, "is_show_bulletin": 2, "mblogtype": 0, "showFeedRepost": false, "showFeedComment": false, "pictureViewerSign": false, "showPictureViewer": false, "repost_type": 4, "share_repost_type": 0, "text": "这就是科技化，精彩喜欢[打call]"}, "pid": "4743735504800117"}, {"mid": "4743744034966794", "mblogid": "LilYTkQ5A", "uid": 7730692649, "name": "xw一枝花", "data": {"visible_type": 0, "visible_list_id": 0, "time": "2022-03-05 19:36:15", "profile_image_url": "https://tvax3.sinaimg.cn/crop.0.0.639.639.50/008rbcj7ly8gy8vas8qexj30hr0hrt9s.jpg?KID=imgbed,tva&Expires=1646665233&ssig=QUknNgWdr7", "profile_url": "/u/7730692649", "verified": false, "verified_type": -1, "domain": "", "weihao": "", "verified_type_ext": null, "avatar_large": "https://tvax3.sinaimg.cn/crop.0.0.639.639.180/008rbcj7ly8gy8vas8qexj30hr0hrt9s.jpg?KID=imgbed,tva&Expires=1646665233&ssig=NQNl36bvkk", "avatar_hd": "https://tvax3.sinaimg.cn/crop.0.0.639.639.1024/008rbcj7ly8gy8vas8qexj30hr0hrt9s.jpg?KID=imgbed,tva&Expires=1646665233&ssig=KhDby1rGwS", "follow_me": false, "following": false, "mbrank": 0, "mbtype": 0, "planet_video": false, "icon_list": [{"type": "icon", "data": {"value": "1", "icon_img": "http://n.sinaimg.cn/www/ea31a93f/20220121/feed_icon_torch@2x.png", "title": "我是火炬网络护跑手", "url": ""}}], "can_edit": false, "textLength": null, "source": "魅族 MX6 遇见好照片", "favorited": false, "cardid": null, "pic_ids": [], "geo": null, "pic_num": 0, "is_paid": false, "mblog_vip_type": 0, "reposts_count": 0, "comments_count": 0, "attitudes_count": 0, "attitudes_status": 0, "isLongText": false, "mlevel": 0, "content_auth": 0, "is_show_bulletin": 2, "mblogtype": 0, "showFeedRepost": false, "showFeedComment": false, "pictureViewerSign": false, "showPictureViewer": false, "repost_type": 4, "share_repost_type": 0, "text": "让我们看到了中国的优势。科技发达[打call]"}, "pid": "4743735504800117"}, {"mid": "4743744450989116", "mblogid": "LilZz49ju", "uid": 7427160834, "name": "十八岁的天空886", "data": {"visible_type": 0, "visible_list_id": 0, "time": "2022-03-05 19:37:53", "profile_image_url": "https://tvax3.sinaimg.cn/crop.0.0.656.656.50/0086DBOGly8gsa1aoqzfaj30i80i8aaz.jpg?KID=imgbed,tva&Expires=1646665233&ssig=Sjh3K2k9qG", "profile_url": "/u/7427160834", "verified": false, "verified_type": -1, "domain": "", "weihao": "", "verified_type_ext": null, "avatar_large": "https://tvax3.sinaimg.cn/crop.0.0.656.656.180/0086DBOGly8gsa1aoqzfaj30i80i8aaz.jpg?KID=imgbed,tva&Expires=1646665233&ssig=SOkbAUVxuo", "avatar_hd": "https://tvax3.sinaimg.cn/crop.0.0.656.656.1024/0086DBOGly8gsa1aoqzfaj30i80i8aaz.jpg?KID=imgbed,tva&Expires=1646665233&ssig=blfm4pMuru", "follow_me": false, "following": false, "mbrank": 0, "mbtype": 0, "planet_video": false, "icon_list": [{"type": "icon", "data": {"value": "1", "icon_img": "https://h5.sinaimg.cn/upload/100/1650/2021/12/29/pc.png", "title": "为中国冰雪加油", "url": "https://s.weibo.com/weibo?q=%23一起为中国冰雪加油%23"}}, {"type": "icon", "data": {"value": "1", "icon_img": "http://n.sinaimg.cn/www/ea31a93f/20220121/feed_icon_torch@2x.png", "title": "我是火炬网络护跑手", "url": ""}}, {"type": "icon", "data": {"value": "1", "icon_img": "https://h5.sinaimg.cn/upload/103/1651/2021/12/11/feed_icon_21bobao.png", "title": "我的微博播报", "url": "https://huodong.weibo.com/netchina2021/memories"}}], "can_edit": false, "textLength": null, "source": "荣耀畅玩9A", "favorited": false, "cardid": null, "pic_ids": [], "geo": null, "pic_num": 0, "is_paid": false, "mblog_vip_type": 0, "reposts_count": 0, "comments_count": 0, "attitudes_count": 0, "attitudes_status": 0, "isLongText": false, "mlevel": 0, "content_auth": 0, "is_show_bulletin": 2, "mblogtype": 0, "showFeedRepost": false, "showFeedComment": false, "pictureViewerSign": false, "showPictureViewer": false, "repost_type": 3, "share_repost_type": 0, "text": "支持一下国产的小米"}, "pid": "4743735504800117"}, {"mid": "4743744681415061", "mblogid": "LilZW5W7z", "uid": 3802653376, "name": "小苹錁", "data": {"visible_type": 0, "visible_list_id": 0, "time": "2022-03-05 19:38:49", "profile_image_url": "https://tva2.sinaimg.cn/crop.0.0.640.640.50/e2a7e2c0jw8ei115hgtqvj20hs0htmy7.jpg?KID=imgbed,tva&Expires=1646665233&ssig=N7y03jbh0S", "profile_url": "/u/3802653376", "verified": false, "verified_type": -1, "domain": "", "weihao": "", "verified_type_ext": null, "avatar_large": "https://tva2.sinaimg.cn/crop.0.0.640.640.180/e2a7e2c0jw8ei115hgtqvj20hs0htmy7.jpg?KID=imgbed,tva&Expires=1646665233&ssig=3%2B6yEMZa5g", "avatar_hd": "https://tva2.sinaimg.cn/crop.0.0.640.640.1024/e2a7e2c0jw8ei115hgtqvj20hs0htmy7.jpg?KID=imgbed,tva&Expires=1646665233&ssig=KrVlDo2n9P", "follow_me": false, "following": false, "mbrank": 0, "mbtype": 0, "planet_video": true, "icon_list": [], "can_edit": false, "textLength": null, "source": "UC浏览器", "favorited": false, "cardid": null, "pic_ids": [], "geo": null, "pic_num": 0, "is_paid": false, "mblog_vip_type": 0, "reposts_count": 0, "comments_count": 0, "attitudes_count": 0, "attitudes_status": 0, "isLongText": false, "mlevel": 0, "content_auth": 0, "is_show_bulletin": 2, "mblogtype": 0, "showFeedRepost": false, "showFeedComment": false, "pictureViewerSign": false, "showPictureViewer": false, "repost_type": 3, "share_repost_type": 0, "text": "转发微博"}, "pid": "4743735504800117"}, {"mid": "4743745217501921", "mblogid": "Lim0NvtAJ", "uid": 7678703432, "name": "清欢0W", "data": {"visible_type": 0, "visible_list_id": 0, "time": "2022-03-05 19:40:57", "profile_image_url": "https://tvax2.sinaimg.cn/crop.0.0.664.664.50/008nF3xmly8gtt8roy43bj60ig0igjsc02.jpg?KID=imgbed,tva&Expires=1646665222&ssig=g25wxOCj5d", "profile_url": "/u/7678703432", "verified": false, "verified_type": -1, "domain": "", "weihao": "", "verified_type_ext": null, "avatar_large": "https://tvax2.sinaimg.cn/crop.0.0.664.664.180/008nF3xmly8gtt8roy43bj60ig0igjsc02.jpg?KID=imgbed,tva&Expires=1646665222&ssig=rm2W1%2FBdvJ", "avatar_hd": "https://tvax2.sinaimg.cn/crop.0.0.664.664.1024/008nF3xmly8gtt8roy43bj60ig0igjsc02.jpg?KID=imgbed,tva&Expires=1646665222&ssig=7JnAYiMYWk", "follow_me": false, "following": false, "mbrank": 1, "mbtype": 2, "planet_video": true, "icon_list": [{"type": "icon", "data": {"value": "1", "icon_img": "https://h5.sinaimg.cn/upload/100/1650/2021/12/29/pc.png", "title": "为中国冰雪加油", "url": "https://s.weibo.com/weibo?q=%23一起为中国冰雪加油%23"}}, {"type": "icon", "data": {"value": "1", "icon_img": "http://n.sinaimg.cn/www/ea31a93f/20220121/feed_icon_torch@2x.png", "title": "我是火炬网络护跑手", "url": ""}}, {"type": "icon", "data": {"value": "1", "icon_img": "http://n.sinaimg.cn/www/ea31a93f/20220213/feed_icon_BingDwenDwenShueyRhonRhon@2x.png", "title": "微博实现一墩一融", "url": "https://s.weibo.com/weibo?q=%23为中国冬奥健儿加油%23"}}], "can_edit": false, "textLength": null, "source": "OPPO A72 5G", "favorited": false, "cardid": null, "pic_ids": [], "geo": null, "pic_num": 0, "is_paid": false, "mblog_vip_type": 0, "reposts_count": 0, "comments_count": 0, "attitudes_count": 0, "attitudes_status": 0, "isLongText": false, "mlevel": 0, "content_auth": 0, "is_show_bulletin": 2, "mblogtype": 0, "showFeedRepost": false, "showFeedComment": false, "pictureViewerSign": false, "showPictureViewer": false, "repost_type": 4, "share_repost_type": 0, "text": "特别喜欢小米，真的是越来越强大了[good][good]"}, "pid": "4743735504800117"}, {"mid": "4743745272548934", "mblogid": "Lim0TaH5Q", "uid": 6524234251, "name": "爱情阳光2022", "data": {"visible_type": 0, "visible_list_id": 0, "time": "2022-03-05 19:41:10", "profile_image_url": "https://tvax3.sinaimg.cn/crop.0.0.375.375.50/0077x1mHly8gxxahgyrybj30af0afwev.jpg?KID=imgbed,tva&Expires=1646665222&ssig=3164u03jAb", "profile_url": "/u/6524234251", "verified": false, "verified_type": -1, "domain": "", "weihao": "", "verified_type_ext": null, "avatar_large": "https://tvax3.sinaimg.cn/crop.0.0.375.375.180/0077x1mHly8gxxahgyrybj30af0afwev.jpg?KID=imgbed,tva&Expires=1646665222&ssig=UZNMAmCtQa", "avatar_hd": "https://tvax3.sinaimg.cn/crop.0.0.375.375.1024/0077x1mHly8gxxahgyrybj30af0afwev.jpg?KID=imgbed,tva&Expires=1646665222&ssig=gq7CI0FCwT", "follow_me": false, "following": false, "mbrank": 1, "mbtype": 11, "planet_video": false, "icon_list": [{"type": "vip", "data": {"mbrank": 1, "mbtype": 11}}, {"type": "icon", "data": {"value": "1", "icon_img": "https://h5.sinaimg.cn/upload/100/1650/2021/12/29/pc.png", "title": "为中国冰雪加油", "url": "https://s.weibo.com/weibo?q=%23一起为中国冰雪加油%23"}}, {"type": "icon", "data": {"value": "1", "icon_img": "http://n.sinaimg.cn/www/ea31a93f/20220121/feed_icon_torch@2x.png", "title": "我是火炬网络护跑手", "url": ""}}], "can_edit": false, "textLength": null, "source": "魅族 MX6 遇见好照片", "favorited": false, "cardid": null, "pic_ids": [], "geo": null, "pic_num": 0, "is_paid": false, "mblog_vip_type": 0, "reposts_count": 0, "comments_count": 0, "attitudes_count": 0, "attitudes_status": 0, "isLongText": false, "mlevel": 0, "content_auth": 0, "is_show_bulletin": 2, "mblogtype": 0, "showFeedRepost": false, "showFeedComment": false, "pictureViewerSign": false, "showPictureViewer": false, "repost_type": 4, "share_repost_type": 0, "text": "企业就是优秀的。支持新能源汽车"}, "pid": "4743735504800117"}, {"mid": "4743745759609245", "mblogid": "Lim1FEjNP", "uid": 3108038653, "name": "纯黒涩3108038653", "data": {"visible_type": 0, "visible_list_id": 0, "time": "2022-03-05 19:43:05", "profile_image_url": "https://tvax1.sinaimg.cn/default/images/default_avatar_male_50.gif?KID=imgbed,tva&Expires=1646665222&ssig=1UY1oBOSvk", "profile_url": "/u/3108038653", "verified": false, "verified_type": -1, "domain": "", "weihao": "", "verified_type_ext": null, "avatar_large": "https://tvax1.sinaimg.cn/default/images/default_avatar_male_180.gif?KID=imgbed,tva&Expires=1646665222&ssig=IWnO0NnJiy", "avatar_hd": "https://tvax1.sinaimg.cn/default/images/default_avatar_male_180.gif?KID=imgbed,tva&Expires=1646665222&ssig=IWnO0NnJiy", "follow_me": false, "following": false, "mbrank": 0, "mbtype": 0, "planet_video": true, "icon_list": [], "can_edit": false, "textLength": null, "source": "UC浏览器", "favorited": false, "cardid": null, "pic_ids": [], "geo": null, "pic_num": 0, "is_paid": false, "mblog_vip_type": 0, "reposts_count": 0, "comments_count": 0, "attitudes_count": 0, "attitudes_status": 0, "isLongText": false, "mlevel": 0, "content_auth": 0, "is_show_bulletin": 2, "mblogtype": 0, "showFeedRepost": false, "showFeedComment": false, "pictureViewerSign": false, "showPictureViewer": false, "repost_type": 3, "share_repost_type": 0, "text": "转发微博"}, "pid": "4743735504800117"}, {"mid": "4743747121713924", "mblogid": "Lim3S7bRW", "uid": 7500787629, "name": "filyvg87", "data": {"visible_type": 0, "visible_list_id": 0, "time": "2022-03-05 19:48:31", "profile_image_url": "https://tvax3.sinaimg.cn/crop.0.0.200.200.50/008bCxvDly8gjw09tzd9lj305k05k3yg.jpg?KID=imgbed,tva&Expires=1646665220&ssig=GJGBB51IEU", "profile_url": "/u/7500787629", "verified": false, "verified_type": -1, "domain": "", "weihao": "", "verified_type_ext": null, "avatar_large": "https://tvax3.sinaimg.cn/crop.0.0.200.200.180/008bCxvDly8gjw09tzd9lj305k05k3yg.jpg?KID=imgbed,tva&Expires=1646665220&ssig=G17NLmAGks", "avatar_hd": "https://tvax3.sinaimg.cn/crop.0.0.200.200.1024/008bCxvDly8gjw09tzd9lj305k05k3yg.jpg?KID=imgbed,tva&Expires=1646665220&ssig=I0TaE19i41", "follow_me": false, "following": false, "mbrank": 0, "mbtype": 0, "planet_video": true, "icon_list": [], "can_edit": false, "textLength": null, "source": "微博 HTML5 版", "favorited": false, "cardid": null, "pic_ids": [], "geo": null, "pic_num": 0, "is_paid": false, "mblog_vip_type": 0, "reposts_count": 0, "comments_count": 0, "attitudes_count": 0, "attitudes_status": 0, "isLongText": false, "mlevel": 0, "content_auth": 0, "is_show_bulletin": 2, "mblogtype": 0, "showFeedRepost": false, "showFeedComment": false, "pictureViewerSign": false, "showPictureViewer": false, "repost_type": 3, "share_repost_type": 0, "text": "转发微博"}, "pid": "4743735504800117"}, {"mid": "4743747290008364", "mblogid": "Lim4902aU", "uid": 5112103739, "name": "风居住De街道你可an好", "data": {"visible_type": 0, "visible_list_id": 0, "time": "2022-03-05 19:49:10", "profile_image_url": "https://tva1.sinaimg.cn/crop.0.0.720.720.50/005zXRI7jw8ejc2y78g6aj30k00k0dh1.jpg?KID=imgbed,tva&Expires=1646665220&ssig=Yr6HKBgcMj", "profile_url": "/u/5112103739", "verified": false, "verified_type": -1, "domain": "", "weihao": "", "verified_type_ext": null, "avatar_large": "https://tva1.sinaimg.cn/crop.0.0.720.720.180/005zXRI7jw8ejc2y78g6aj30k00k0dh1.jpg?KID=imgbed,tva&Expires=1646665220&ssig=vn6%2BhCufvm", "avatar_hd": "https://tva1.sinaimg.cn/crop.0.0.720.720.1024/005zXRI7jw8ejc2y78g6aj30k00k0dh1.jpg?KID=imgbed,tva&Expires=1646665220&ssig=Tps90ZycZT", "follow_me": false, "following": false, "mbrank": 0, "mbtype": 0, "planet_video": true, "icon_list": [], "can_edit": false, "textLength": null, "source": "微博 HTML5 版", "favorited": false, "cardid": null, "pic_ids": [], "geo": null, "pic_num": 0, "is_paid": false, "mblog_vip_type": 0, "reposts_count": 0, "comments_count": 0, "attitudes_count": 0, "attitudes_status": 0, "isLongText": false, "mlevel": 0, "content_auth": 0, "is_show_bulletin": 2, "mblogtype": 0, "showFeedRepost": false, "showFeedComment": false, "pictureViewerSign": false, "showPictureViewer": false, "repost_type": 3, "share_repost_type": 0, "text": "转发微博"}, "pid": "4743735504800117"}, {"mid": "4743748107896140", "mblogid": "Lim5sx896", "uid": 7395571556, "name": "记志j理难界_lP", "data": {"visible_type": 0, "visible_list_id": 0, "time": "2022-03-05 19:52:25", "profile_image_url": "https://tvax1.sinaimg.cn/crop.0.0.200.200.50/0084v40cly8gc178irdfcj305k05kq37.jpg?KID=imgbed,tva&Expires=1646665220&ssig=J9Wnlv%2Bi1U", "profile_url": "/u/7395571556", "verified": false, "verified_type": -1, "domain": "", "weihao": "", "verified_type_ext": null, "avatar_large": "https://tvax1.sinaimg.cn/crop.0.0.200.200.180/0084v40cly8gc178irdfcj305k05kq37.jpg?KID=imgbed,tva&Expires=1646665220&ssig=x3Ql9Dwf5d", "avatar_hd": "https://tvax1.sinaimg.cn/crop.0.0.200.200.1024/0084v40cly8gc178irdfcj305k05kq37.jpg?KID=imgbed,tva&Expires=1646665220&ssig=EjjXcm%2FMaD", "follow_me": false, "following": false, "mbrank": 0, "mbtype": 0, "planet_video": true, "icon_list": [], "can_edit": false, "textLength": null, "source": "微博 HTML5 版", "favorited": false, "cardid": null, "pic_ids": [], "geo": null, "pic_num": 0, "is_paid": false, "mblog_vip_type": 0, "reposts_count": 0, "comments_count": 0, "attitudes_count": 0, "attitudes_status": 0, "isLongText": false, "mlevel": 0, "content_auth": 0, "is_show_bulletin": 2, "mblogtype": 0, "showFeedRepost": false, "showFeedComment": false, "pictureViewerSign": false, "showPictureViewer": false, "repost_type": 3, "share_repost_type": 0, "text": "转发微博"}, "pid": "4743735504800117"}, {"mid": "4743749626233274", "mblogid": "Lim7Uq9yG", "uid": 7501697002, "name": "cxdfhfh6567", "data": {"visible_type": 0, "visible_list_id": 0, "time": "2022-03-05 19:58:27", "profile_image_url": "https://tvax4.sinaimg.cn/crop.0.0.200.200.50/008bGm4Wly8gjw0bi53mjj305k05kjrb.jpg?KID=imgbed,tva&Expires=1646665218&ssig=4lVKXnKLQy", "profile_url": "/u/7501697002", "verified": false, "verified_type": -1, "domain": "", "weihao": "", "verified_type_ext": null, "avatar_large": "https://tvax4.sinaimg.cn/crop.0.0.200.200.180/008bGm4Wly8gjw0bi53mjj305k05kjrb.jpg?KID=imgbed,tva&Expires=1646665218&ssig=GPtiA8%2Fozx", "avatar_hd": "https://tvax4.sinaimg.cn/crop.0.0.200.200.1024/008bGm4Wly8gjw0bi53mjj305k05kjrb.jpg?KID=imgbed,tva&Expires=1646665218&ssig=4psFiL5PH%2B", "follow_me": false, "following": false, "mbrank": 0, "mbtype": 0, "planet_video": true, "icon_list": [], "can_edit": false, "textLength": null, "source": "UC浏览器", "favorited": false, "cardid": null, "pic_ids": [], "geo": null, "pic_num": 0, "is_paid": false, "mblog_vip_type": 0, "reposts_count": 0, "comments_count": 0, "attitudes_count": 0, "attitudes_status": 0, "isLongText": false, "mlevel": 0, "content_auth": 0, "is_show_bulletin": 2, "mblogtype": 0, "showFeedRepost": false, "showFeedComment": false, "pictureViewerSign": false, "showPictureViewer": false, "repost_type": 3, "share_repost_type": 0, "text": "转发微博"}, "pid": "4743735504800117"}, {"mid": "4743752243220273", "mblogid": "Limc8dvJT", "uid": 7729822159, "name": "小天1210-", "data": {"visible_type": 0, "visible_list_id": 0, "time": "2022-03-05 20:08:52", "profile_image_url": "https://tvax4.sinaimg.cn/crop.0.0.600.600.50/008r7xQXly8gxskpc5ttdj30go0goq4i.jpg?KID=imgbed,tva&Expires=1646665215&ssig=nKQeii5W%2Fz", "profile_url": "/u/7729822159", "verified": false, "verified_type": -1, "domain": "", "weihao": "", "verified_type_ext": null, "avatar_large": "https://tvax4.sinaimg.cn/crop.0.0.600.600.180/008r7xQXly8gxskpc5ttdj30go0goq4i.jpg?KID=imgbed,tva&Expires=1646665215&ssig=m2YiXg0w1d", "avatar_hd": "https://tvax4.sinaimg.cn/crop.0.0.600.600.1024/008r7xQXly8gxskpc5ttdj30go0goq4i.jpg?KID=imgbed,tva&Expires=1646665215&ssig=HHRzHy9aJL", "follow_me": false, "following": false, "mbrank": 0, "mbtype": 0, "planet_video": true, "icon_list": [], "can_edit": false, "textLength": null, "source": "微博 HTML5 版", "favorited": false, "cardid": null, "pic_ids": [], "geo": null, "pic_num": 0, "is_paid": false, "mblog_vip_type": 0, "reposts_count": 0, "comments_count": 0, "attitudes_count": 0, "attitudes_status": 0, "isLongText": false, "mlevel": 0, "content_auth": 0, "is_show_bulletin": 2, "mblogtype": 0, "showFeedRepost": false, "showFeedComment": false, "pictureViewerSign": false, "showPictureViewer": false, "repost_type": 3, "share_repost_type": 0, "text": "转发微博"}, "pid": "4743735504800117"}, {"mid": "4743752255542271", "mblogid": "Limc9nfNt", "uid": 7385420544, "name": "该起d年名第_n", "data": {"visible_type": 0, "visible_list_id": 0, "time": "2022-03-05 20:08:55", "profile_image_url": "https://tvax1.sinaimg.cn/crop.0.0.180.180.50/0083Otgcly8gbk6warrf3j3050050glf.jpg?KID=imgbed,tva&Expires=1646665215&ssig=qbBg6pkzSr", "profile_url": "/u/7385420544", "verified": false, "verified_type": -1, "domain": "", "weihao": "", "verified_type_ext": null, "avatar_large": "https://tvax1.sinaimg.cn/crop.0.0.180.180.180/0083Otgcly8gbk6warrf3j3050050glf.jpg?KID=imgbed,tva&Expires=1646665215&ssig=kHgt68X%2FUo", "avatar_hd": "https://tvax1.sinaimg.cn/crop.0.0.180.180.1024/0083Otgcly8gbk6warrf3j3050050glf.jpg?KID=imgbed,tva&Expires=1646665215&ssig=1Jlcy4iLAx", "follow_me": false, "following": false, "mbrank": 0, "mbtype": 0, "planet_video": true, "icon_list": [], "can_edit": false, "textLength": null, "source": "UC浏览器", "favorited": false, "cardid": null, "pic_ids": [], "geo": null, "pic_num": 0, "is_paid": false, "mblog_vip_type": 0, "reposts_count": 0, "comments_count": 0, "attitudes_count": 0, "attitudes_status": 0, "isLongText": false, "mlevel": 0, "content_auth": 0, "is_show_bulletin": 2, "mblogtype": 0, "showFeedRepost": false, "showFeedComment": false, "pictureViewerSign": false, "showPictureViewer": false, "repost_type": 3, "share_repost_type": 0, "text": "转发微博"}, "pid": "4743735504800117"}, {"mid": "4743752939733055", "mblogid": "LimdfEQ0L", "uid": 7409258604, "name": "期人p改和消", "data": {"visible_type": 0, "visible_list_id": 0, "time": "2022-03-05 20:11:37", "profile_image_url": "https://tvax4.sinaimg.cn/crop.0.0.100.100.50/0085quD2ly8gco9edcw70j302s02sglr.jpg?KID=imgbed,tva&Expires=1646665214&ssig=b9EiVxUeHt", "profile_url": "/u/7409258604", "verified": false, "verified_type": -1, "domain": "", "weihao": "", "verified_type_ext": null, "avatar_large": "https://tvax4.sinaimg.cn/crop.0.0.100.100.180/0085quD2ly8gco9edcw70j302s02sglr.jpg?KID=imgbed,tva&Expires=1646665214&ssig=vGQrYswaKb", "avatar_hd": "https://tvax4.sinaimg.cn/crop.0.0.100.100.1024/0085quD2ly8gco9edcw70j302s02sglr.jpg?KID=imgbed,tva&Expires=1646665214&ssig=EVru5rgeT4", "follow_me": false, "following": false, "mbrank": 0, "mbtype": 0, "planet_video": true, "icon_list": [], "can_edit": false, "textLength": null, "source": "UC浏览器", "favorited": false, "cardid": null, "pic_ids": [], "geo": null, "pic_num": 0, "is_paid": false, "mblog_vip_type": 0, "reposts_count": 0, "comments_count": 0, "attitudes_count": 0, "attitudes_status": 0, "isLongText": false, "mlevel": 0, "content_auth": 0, "is_show_bulletin": 2, "mblogtype": 0, "showFeedRepost": false, "showFeedComment": false, "pictureViewerSign": false, "showPictureViewer": false, "repost_type": 3, "share_repost_type": 0, "text": "转发微博"}, "pid": "4743735504800117"}, {"mid": "4743753942175576", "mblogid": "LimeS97XW", "uid": 3957328317, "name": "篠猫猫25", "data": {"visible_type": 0, "visible_list_id": 0, "time": "2022-03-05 20:15:37", "profile_image_url": "https://tvax4.sinaimg.cn/crop.0.0.512.512.50/ebe009bdly8godn5o7kcej20e80e8djj.jpg?KID=imgbed,tva&Expires=1646665214&ssig=inypjkeKwV", "profile_url": "/u/3957328317", "verified": false, "verified_type": -1, "domain": "", "weihao": "", "verified_type_ext": null, "avatar_large": "https://tvax4.sinaimg.cn/crop.0.0.512.512.180/ebe009bdly8godn5o7kcej20e80e8djj.jpg?KID=imgbed,tva&Expires=1646665214&ssig=Y1lK4RZYgK", "avatar_hd": "https://tvax4.sinaimg.cn/crop.0.0.512.512.1024/ebe009bdly8godn5o7kcej20e80e8djj.jpg?KID=imgbed,tva&Expires=1646665214&ssig=9hSh4Q8j%2F%2F", "follow_me": false, "following": false, "mbrank": 0, "mbtype": 0, "planet_video": true, "icon_list": [], "can_edit": false, "textLength": null, "source": "微博 HTML5 版", "favorited": false, "cardid": null, "pic_ids": [], "geo": null, "pic_num": 0, "is_paid": false, "mblog_vip_type": 0, "reposts_count": 0, "comments_count": 0, "attitudes_count": 0, "attitudes_status": 0, "isLongText": false, "mlevel": 0, "content_auth": 0, "is_show_bulletin": 2, "mblogtype": 0, "showFeedRepost": false, "showFeedComment": false, "pictureViewerSign": false, "showPictureViewer": false, "repost_type": 3, "share_repost_type": 0, "text": "转发微博"}, "pid": "4743735504800117"}, {"mid": "4743754945403843", "mblogid": "LimgumFML", "uid": 7375434352, "name": "表死z席说明", "data": {"visible_type": 0, "visible_list_id": 0, "time": "2022-03-05 20:19:36", "profile_image_url": "https://tvax4.sinaimg.cn/crop.0.0.180.180.50/00838zoAly8gb4ajl63o6j3050050my9.jpg?KID=imgbed,tva&Expires=1646665212&ssig=%2BZhkQDJkIu", "profile_url": "/u/7375434352", "verified": false, "verified_type": -1, "domain": "", "weihao": "", "verified_type_ext": null, "avatar_large": "https://tvax4.sinaimg.cn/crop.0.0.180.180.180/00838zoAly8gb4ajl63o6j3050050my9.jpg?KID=imgbed,tva&Expires=1646665212&ssig=QiZv%2FVbdYp", "avatar_hd": "https://tvax4.sinaimg.cn/crop.0.0.180.180.1024/00838zoAly8gb4ajl63o6j3050050my9.jpg?KID=imgbed,tva&Expires=1646665212&ssig=r8N3Pv8Oxj", "follow_me": false, "following": false, "mbrank": 0, "mbtype": 0, "planet_video": true, "icon_list": [{"type": "icon", "data": {"value": "1", "icon_img": "http://n.sinaimg.cn/www/ea31a93f/20220121/feed_icon_torch@2x.png", "title": "我是火炬网络护跑手", "url": ""}}], "can_edit": false, "textLength": null, "source": "微博 HTML5 版", "favorited": false, "cardid": null, "pic_ids": [], "geo": null, "pic_num": 0, "is_paid": false, "mblog_vip_type": 0, "reposts_count": 0, "comments_count": 0, "attitudes_count": 0, "attitudes_status": 0, "isLongText": false, "mlevel": 0, "content_auth": 0, "is_show_bulletin": 2, "mblogtype": 0, "showFeedRepost": false, "showFeedComment": false, "pictureViewerSign": false, "showPictureViewer": false, "repost_type": 3, "share_repost_type": 0, "text": "转发微博"}, "pid": "4743735504800117"}, {"mid": "4743755284876997", "mblogid": "Limh2ksJf", "uid": 6885837689, "name": "羌费挂哉群756", "data": {"visible_type": 0, "visible_list_id": 0, "time": "2022-03-05 20:20:56", "profile_image_url": "https://tvax1.sinaimg.cn/default/images/default_avatar_female_50.gif?KID=imgbed,tva&Expires=1646665212&ssig=KR3byQmlgK", "profile_url": "/u/6885837689", "verified": false, "verified_type": -1, "domain": "", "weihao": "", "verified_type_ext": null, "avatar_large": "https://tvax1.sinaimg.cn/default/images/default_avatar_female_180.gif?KID=imgbed,tva&Expires=1646665212&ssig=r8bV4LyJ6K", "avatar_hd": "https://tvax1.sinaimg.cn/default/images/default_avatar_female_180.gif?KID=imgbed,tva&Expires=1646665212&ssig=r8bV4LyJ6K", "follow_me": false, "following": false, "mbrank": 0, "mbtype": 0, "planet_video": true, "icon_list": [{"type": "icon", "data": {"value": "1", "icon_img": "https://h5.sinaimg.cn/upload/103/1651/2021/12/11/feed_icon_21wbnight32x28.png", "title": "微博之夜", "url": "https://huodong.weibo.com/netchina2021/index"}}], "can_edit": false, "textLength": null, "source": "微博 HTML5 版", "favorited": false, "cardid": null, "pic_ids": [], "geo": null, "pic_num": 0, "is_paid": false, "mblog_vip_type": 0, "reposts_count": 0, "comments_count": 0, "attitudes_count": 0, "attitudes_status": 0, "isLongText": false, "mlevel": 0, "content_auth": 0, "is_show_bulletin": 2, "mblogtype": 0, "showFeedRepost": false, "showFeedComment": false, "pictureViewerSign": false, "showPictureViewer": false, "repost_type": 3, "share_repost_type": 0, "text": "转发微博"}, "pid": "4743735504800117"}, {"mid": "4743755607835248", "mblogid": "LimhywSiY", "uid": 5855028983, "name": "涌淌yiqishuobjki20367", "data": {"visible_type": 0, "visible_list_id": 0, "time": "2022-03-05 20:22:13", "profile_image_url": "https://tvax1.sinaimg.cn/crop.0.0.50.50.50/006of6vlly8gq99s1pq6gj3046046mxe.jpg?KID=imgbed,tva&Expires=1646665212&ssig=M0IbkDT1S1", "profile_url": "/u/5855028983", "verified": false, "verified_type": -1, "domain": "", "weihao": "", "verified_type_ext": null, "avatar_large": "https://tvax1.sinaimg.cn/crop.0.0.50.50.180/006of6vlly8gq99s1pq6gj3046046mxe.jpg?KID=imgbed,tva&Expires=1646665212&ssig=CrGT6wGBkT", "avatar_hd": "https://tvax1.sinaimg.cn/crop.0.0.50.50.1024/006of6vlly8gq99s1pq6gj3046046mxe.jpg?KID=imgbed,tva&Expires=1646665212&ssig=U%2BNk3BLFCr", "follow_me": false, "following": false, "mbrank": 0, "mbtype": 0, "planet_video": true, "icon_list": [], "can_edit": false, "textLength": null, "source": "微博 HTML5 版", "favorited": false, "cardid": null, "pic_ids": [], "geo": null, "pic_num": 0, "is_paid": false, "mblog_vip_type": 0, "reposts_count": 0, "comments_count": 0, "attitudes_count": 0, "attitudes_status": 0, "isLongText": false, "mlevel": 0, "content_auth": 0, "is_show_bulletin": 2, "mblogtype": 0, "showFeedRepost": false, "showFeedComment": false, "pictureViewerSign": false, "showPictureViewer": false, "repost_type": 3, "share_repost_type": 0, "text": "转发微博"}, "pid": "4743735504800117"}, {"mid": "4743757142429087", "mblogid": "Limk2abUP", "uid": 2505748194, "name": "英伦范helen女王", "data": {"visible_type": 0, "visible_list_id": 0, "time": "2022-03-05 20:28:19", "profile_image_url": "https://tvax2.sinaimg.cn/crop.0.0.750.750.50/955aaee2ly8gyclpydmw7j20ku0kugmc.jpg?KID=imgbed,tva&Expires=1646665200&ssig=3To4To8DCG", "profile_url": "/u/2505748194", "verified": false, "verified_type": -1, "domain": "", "weihao": "", "verified_type_ext": null, "avatar_large": "https://tvax2.sinaimg.cn/crop.0.0.750.750.180/955aaee2ly8gyclpydmw7j20ku0kugmc.jpg?KID=imgbed,tva&Expires=1646665200&ssig=XvrdC%2B9Nmj", "avatar_hd": "https://tvax2.sinaimg.cn/crop.0.0.750.750.1024/955aaee2ly8gyclpydmw7j20ku0kugmc.jpg?KID=imgbed,tva&Expires=1646665200&ssig=AlBOlxgYgD", "follow_me": false, "following": false, "mbrank": 0, "mbtype": 0, "planet_video": false, "icon_list": [], "can_edit": false, "textLength": null, "source": "微博 HTML5 版", "favorited": false, "cardid": null, "pic_ids": [], "geo": null, "pic_num": 0, "is_paid": false, "mblog_vip_type": 0, "reposts_count": 0, "comments_count": 0, "attitudes_count": 0, "attitudes_status": 0, "isLongText": false, "mlevel": 0, "content_auth": 0, "is_show_bulletin": 2, "mblogtype": 0, "showFeedRepost": false, "showFeedComment": false, "pictureViewerSign": false, "showPictureViewer": false, "repost_type": 3, "share_repost_type": 0, "text": "转发微博"}, "pid": "4743735504800117"}]}