{"mid": "4743980304827399", "mblogid": "Lis7YkfPh", "uid": 6036499194, "name": "科技du", "data": {"visible_type": 0, "visible_list_id": 0, "time": "2022-03-06 11:15:06", "profile_image_url": "https://tvax1.sinaimg.cn/crop.0.0.996.996.50/006Awxcely8gk0w84uhsaj30ro0rowg6.jpg?KID=imgbed,tva&Expires=1646752531&ssig=RLvdAvIDtl", "profile_url": "/u/6036499194", "verified": true, "verified_type": 0, "domain": "", "weihao": "", "verified_type_ext": 1, "avatar_large": "https://tvax1.sinaimg.cn/crop.0.0.996.996.180/006Awxcely8gk0w84uhsaj30ro0rowg6.jpg?KID=imgbed,tva&Expires=1646752531&ssig=rsCIzW1%2Fsj", "avatar_hd": "https://tvax1.sinaimg.cn/crop.0.0.996.996.1024/006Awxcely8gk0w84uhsaj30ro0rowg6.jpg?KID=imgbed,tva&Expires=1646752531&ssig=JevvoLOUx7", "follow_me": false, "following": false, "mbrank": 6, "mbtype": 12, "planet_video": false, "icon_list": [{"type": "vip", "data": {"mbrank": 6, "mbtype": 12}}, {"type": "icon", "data": {"value": "1", "icon_img": "https://h5.sinaimg.cn/upload/103/1651/2021/12/11/feed_icon_21bobao.png", "title": "我的微博播报", "url": "https://huodong.weibo.com/netchina2021/memories"}}], "can_edit": false, "textLength": 110, "source": "HUAWEI Mate 40 Pro", "favorited": false, "cardid": "star_005", "pic_ids": ["006Awxcely1gzzzojoeqtj311b0z37pk"], "geo": null, "pic_num": 1, "is_paid": false, "mblog_vip_type": 0, "reposts_count": 56, "comments_count": 102, "attitudes_count": 1734, "attitudes_status": 0, "isLongText": false, "mlevel": 0, "content_auth": 0, "is_show_bulletin": 2, "mblogtype": 0, "showFeedRepost": false, "showFeedComment": false, "pictureViewerSign": false, "showPictureViewer": false, "repost_type": null, "share_repost_type": 0, "text": "原来这个在沙漠种树的机器人是华为开发的，咋都没看见华为宣传过。\n\n外交部发言人赵立坚这波免费广告打的好啊。[doge] ​​​"}, "children": [{"mid": "4743990500398015", "mblogid": "Lisoq1FxB", "uid": 6980241154, "name": "我十一511", "data": {"visible_type": 0, "visible_list_id": 0, "time": "2022-03-06 11:55:37", "profile_image_url": "https://tvax4.sinaimg.cn/crop.0.0.1068.1068.50/007ConAKly8griyldmf7kj30to0toac7.jpg?KID=imgbed,tva&Expires=1646752534&ssig=pxy7F2BLv2", "profile_url": "/u/6980241154", "verified": false, "verified_type": -1, "domain": "", "weihao": "", "verified_type_ext": null, "avatar_large": "https://tvax4.sinaimg.cn/crop.0.0.1068.1068.180/007ConAKly8griyldmf7kj30to0toac7.jpg?KID=imgbed,tva&Expires=1646752534&ssig=LW4qeEpaWJ", "avatar_hd": "https://tvax4.sinaimg.cn/crop.0.0.1068.1068.1024/007ConAKly8griyldmf7kj30to0toac7.jpg?KID=imgbed,tva&Expires=1646752534&ssig=HaLu%2F5U5Qc", "follow_me": false, "following": false, "mbrank": 0, "mbtype": 0, "planet_video": false, "icon_list": [{"type": "icon", "data": {"value": "1", "icon_img": "https://h5.sinaimg.cn/upload/100/1650/2021/12/29/pc.png", "title": "为中国冰雪加油", "url": "https://s.weibo.com/weibo?q=%23一起为中国冰雪加油%23"}}, {"type": "icon", "data": {"value": "1", "icon_img": "http://n.sinaimg.cn/www/ea31a93f/20220121/feed_icon_torch@2x.png", "title": "我是火炬网络护跑手", "url": ""}}, {"type": "icon", "data": {"value": "1", "icon_img": "https://h5.sinaimg.cn/upload/103/1651/2021/12/11/feed_icon_21bobao.png", "title": "我的微博播报", "url": "https://huodong.weibo.com/netchina2021/memories"}}], "can_edit": false, "textLength": null, "source": "真我Q2 双5G手机", "favorited": false, "cardid": "star_11247_common", "pic_ids": [], "geo": null, "pic_num": 0, "is_paid": false, "mblog_vip_type": 0, "reposts_count": 0, "comments_count": 0, "attitudes_count": 0, "attitudes_status": 0, "isLongText": false, "mlevel": 0, "content_auth": 0, "is_show_bulletin": 2, "mblogtype": 0, "showFeedRepost": false, "showFeedComment": false, "pictureViewerSign": false, "showPictureViewer": false, "repost_type": 2, "share_repost_type": 0, "text": "快转微博"}, "pid": "4743980304827399"}, {"mid": "4743990567767497", "mblogid": "LisowwAGd", "uid": 6980241154, "name": "我十一511", "data": {"visible_type": 0, "visible_list_id": 0, "time": "2022-03-06 11:55:53", "profile_image_url": "https://tvax4.sinaimg.cn/crop.0.0.1068.1068.50/007ConAKly8griyldmf7kj30to0toac7.jpg?KID=imgbed,tva&Expires=1646752534&ssig=pxy7F2BLv2", "profile_url": "/u/6980241154", "verified": false, "verified_type": -1, "domain": "", "weihao": "", "verified_type_ext": null, "avatar_large": "https://tvax4.sinaimg.cn/crop.0.0.1068.1068.180/007ConAKly8griyldmf7kj30to0toac7.jpg?KID=imgbed,tva&Expires=1646752534&ssig=LW4qeEpaWJ", "avatar_hd": "https://tvax4.sinaimg.cn/crop.0.0.1068.1068.1024/007ConAKly8griyldmf7kj30to0toac7.jpg?KID=imgbed,tva&Expires=1646752534&ssig=HaLu%2F5U5Qc", "follow_me": false, "following": false, "mbrank": 0, "mbtype": 0, "planet_video": false, "icon_list": [{"type": "icon", "data": {"value": "1", "icon_img": "https://h5.sinaimg.cn/upload/100/1650/2021/12/29/pc.png", "title": "为中国冰雪加油", "url": "https://s.weibo.com/weibo?q=%23一起为中国冰雪加油%23"}}, {"type": "icon", "data": {"value": "1", "icon_img": "http://n.sinaimg.cn/www/ea31a93f/20220121/feed_icon_torch@2x.png", "title": "我是火炬网络护跑手", "url": ""}}, {"type": "icon", "data": {"value": "1", "icon_img": "https://h5.sinaimg.cn/upload/103/1651/2021/12/11/feed_icon_21bobao.png", "title": "我的微博播报", "url": "https://huodong.weibo.com/netchina2021/memories"}}], "can_edit": false, "textLength": null, "source": "真我Q2 双5G手机", "favorited": false, "cardid": "star_11247_common", "pic_ids": [], "geo": null, "pic_num": 0, "is_paid": false, "mblog_vip_type": 0, "reposts_count": 0, "comments_count": 0, "attitudes_count": 0, "attitudes_status": 0, "isLongText": false, "mlevel": 0, "content_auth": 0, "is_show_bulletin": 2, "mblogtype": 0, "showFeedRepost": false, "showFeedComment": false, "pictureViewerSign": false, "showPictureViewer": false, "repost_type": 4, "share_repost_type": 0, "text": "有没有🐵敢去骂海军[嘻嘻]"}, "pid": "4743980304827399"}, {"mid": "4744014312767788", "mblogid": "Lit0PbC1K", "uid": 7330878374, "name": "李明201910", "data": {"visible_type": 0, "visible_list_id": 0, "time": "2022-03-06 13:30:13", "profile_image_url": "https://tvax1.sinaimg.cn/crop.0.0.664.664.50/00807ClMly8ger36nst9nj30ig0ig0tj.jpg?KID=imgbed,tva&Expires=1646752534&ssig=spBqYFi36l", "profile_url": "/u/7330878374", "verified": false, "verified_type": -1, "domain": "", "weihao": "", "verified_type_ext": null, "avatar_large": "https://tvax1.sinaimg.cn/crop.0.0.664.664.180/00807ClMly8ger36nst9nj30ig0ig0tj.jpg?KID=imgbed,tva&Expires=1646752534&ssig=FsTOP4y%2FF%2B", "avatar_hd": "https://tvax1.sinaimg.cn/crop.0.0.664.664.1024/00807ClMly8ger36nst9nj30ig0ig0tj.jpg?KID=imgbed,tva&Expires=1646752534&ssig=iGfhFGPJdr", "follow_me": false, "following": false, "mbrank": 2, "mbtype": 2, "planet_video": false, "icon_list": [], "can_edit": false, "textLength": null, "source": "全屏双摄 OPPO A5", "favorited": false, "cardid": null, "pic_ids": [], "geo": null, "pic_num": 0, "is_paid": false, "mblog_vip_type": 0, "reposts_count": 0, "comments_count": 0, "attitudes_count": 0, "attitudes_status": 0, "isLongText": false, "mlevel": 0, "content_auth": 0, "is_show_bulletin": 2, "mblogtype": 0, "showFeedRepost": false, "showFeedComment": false, "pictureViewerSign": false, "showPictureViewer": false, "repost_type": 1, "share_repost_type": 0, "text": "转发微博"}, "pid": "4743980304827399"}, {"mid": "4744022977154902", "mblogid": "LiteNu1jE", "uid": 7742687012, "name": "透明的猪猪猪", "data": {"visible_type": 0, "visible_list_id": 0, "time": "2022-03-06 14:04:40", "profile_image_url": "https://tvax3.sinaimg.cn/crop.0.0.1080.1080.50/008rZwAAly8gzi05syky1j30u00u077w.jpg?KID=imgbed,tva&Expires=1646752534&ssig=77XSTXTm2a", "profile_url": "/u/7742687012", "verified": false, "verified_type": -1, "domain": "", "weihao": "", "verified_type_ext": null, "avatar_large": "https://tvax3.sinaimg.cn/crop.0.0.1080.1080.180/008rZwAAly8gzi05syky1j30u00u077w.jpg?KID=imgbed,tva&Expires=1646752534&ssig=MQ%2BRfzYsuu", "avatar_hd": "https://tvax3.sinaimg.cn/crop.0.0.1080.1080.1024/008rZwAAly8gzi05syky1j30u00u077w.jpg?KID=imgbed,tva&Expires=1646752534&ssig=RAxUp1BFdx", "follow_me": false, "following": false, "mbrank": 0, "mbtype": 0, "planet_video": true, "icon_list": [], "can_edit": false, "textLength": null, "source": "nova 5i Pro", "favorited": false, "cardid": null, "pic_ids": [], "geo": null, "pic_num": 0, "is_paid": false, "mblog_vip_type": 0, "reposts_count": 0, "comments_count": 0, "attitudes_count": 0, "attitudes_status": 0, "isLongText": false, "mlevel": 0, "content_auth": 0, "is_show_bulletin": 2, "mblogtype": 0, "showFeedRepost": false, "showFeedComment": false, "pictureViewerSign": false, "showPictureViewer": false, "repost_type": 4, "share_repost_type": 0, "text": "如果是隔壁友商，早就满微博kol，全军出击了。"}, "pid": "4743980304827399"}, {"mid": "4744026350158063", "mblogid": "Litkf0F7p", "uid": 5744660815, "name": "切拜幸运八月", "data": {"visible_type": 0, "visible_list_id": 0, "time": "2022-03-06 14:18:03", "profile_image_url": "https://tvax2.sinaimg.cn/crop.0.0.996.996.50/006gM0HBly8gqbguaiuzsj30ro0rodih.jpg?KID=imgbed,tva&Expires=1646752534&ssig=8ARzXjkank", "profile_url": "/u/5744660815", "verified": false, "verified_type": -1, "domain": "", "weihao": "", "verified_type_ext": null, "avatar_large": "https://tvax2.sinaimg.cn/crop.0.0.996.996.180/006gM0HBly8gqbguaiuzsj30ro0rodih.jpg?KID=imgbed,tva&Expires=1646752534&ssig=X0TLMCgM19", "avatar_hd": "https://tvax2.sinaimg.cn/crop.0.0.996.996.1024/006gM0HBly8gqbguaiuzsj30ro0rodih.jpg?KID=imgbed,tva&Expires=1646752534&ssig=nfnJ6AbH%2FX", "follow_me": false, "following": false, "mbrank": 1, "mbtype": 11, "planet_video": true, "icon_list": [{"type": "vip", "data": {"mbrank": 1, "mbtype": 11}}], "can_edit": false, "textLength": null, "source": "vivo AI智慧拍照X21", "favorited": false, "cardid": "star_11247_common", "pic_ids": [], "geo": null, "pic_num": 0, "is_paid": false, "mblog_vip_type": 0, "reposts_count": 0, "comments_count": 0, "attitudes_count": 0, "attitudes_status": 0, "isLongText": false, "mlevel": 0, "content_auth": 0, "is_show_bulletin": 2, "mblogtype": 0, "showFeedRepost": false, "showFeedComment": false, "pictureViewerSign": false, "showPictureViewer": false, "repost_type": 1, "share_repost_type": 0, "text": "华为真的用心做企业，从它能顶住美国制裁自己研究芯片上就很值得鼓励了。"}, "pid": "4743980304827399"}, {"mid": "4744026954400415", "mblogid": "LitldisKr", "uid": 6911278197, "name": "璇玑宫的书册", "data": {"visible_type": 0, "visible_list_id": 0, "time": "2022-03-06 14:20:27", "profile_image_url": "https://tvax2.sinaimg.cn/crop.0.0.681.681.50/007xJ1aZly8gz6dnxikr1j30ix0ix0th.jpg?KID=imgbed,tva&Expires=1646752534&ssig=4E5vxkGRe0", "profile_url": "/u/6911278197", "verified": true, "verified_type": 0, "domain": "", "weihao": "", "verified_type_ext": 0, "avatar_large": "https://tvax2.sinaimg.cn/crop.0.0.681.681.180/007xJ1aZly8gz6dnxikr1j30ix0ix0th.jpg?KID=imgbed,tva&Expires=1646752534&ssig=HB1dUyXM5N", "avatar_hd": "https://tvax2.sinaimg.cn/crop.0.0.681.681.1024/007xJ1aZly8gz6dnxikr1j30ix0ix0th.jpg?KID=imgbed,tva&Expires=1646752534&ssig=DIWpDgz19T", "follow_me": false, "following": false, "mbrank": 6, "mbtype": 12, "planet_video": false, "icon_list": [{"type": "vip", "data": {"mbrank": 6, "mbtype": 12}}, {"type": "icon", "data": {"value": "1", "icon_img": "http://n.sinaimg.cn/www/ea31a93f/20220121/feed_icon_torch@2x.png", "title": "我是火炬网络护跑手", "url": ""}}, {"type": "icon", "data": {"value": "1", "icon_img": "http://n.sinaimg.cn/www/ea31a93f/20220213/feed_icon_BingDwenDwenShueyRhonRhon@2x.png", "title": "微博实现一墩一融", "url": "https://s.weibo.com/weibo?q=%23为中国冬奥健儿加油%23"}}], "can_edit": false, "textLength": null, "source": "小米8 SE", "favorited": false, "cardid": "star_1393", "pic_ids": [], "geo": null, "pic_num": 0, "is_paid": false, "mblog_vip_type": 0, "reposts_count": 0, "comments_count": 0, "attitudes_count": 0, "attitudes_status": 0, "isLongText": false, "mlevel": 0, "content_auth": 0, "is_show_bulletin": 2, "mblogtype": 0, "showFeedRepost": false, "showFeedComment": false, "pictureViewerSign": false, "showPictureViewer": false, "repost_type": 1, "share_repost_type": 0, "text": "转发微博"}, "pid": "4743980304827399"}, {"mid": "4744043940287399", "mblogid": "LitMC1cLt", "uid": 5577365422, "name": "李雨鹤ll", "data": {"visible_type": 0, "visible_list_id": 0, "time": "2022-03-06 15:27:58", "profile_image_url": "https://tvax4.sinaimg.cn/crop.0.0.996.996.50/0065s3wOly8fz1hr0tytyj30ro0roab8.jpg?KID=imgbed,tva&Expires=1646752534&ssig=6Y2OZkOvnN", "profile_url": "/u/5577365422", "verified": false, "verified_type": -1, "domain": "", "weihao": "", "verified_type_ext": null, "avatar_large": "https://tvax4.sinaimg.cn/crop.0.0.996.996.180/0065s3wOly8fz1hr0tytyj30ro0roab8.jpg?KID=imgbed,tva&Expires=1646752534&ssig=KRYdreQTAY", "avatar_hd": "https://tvax4.sinaimg.cn/crop.0.0.996.996.1024/0065s3wOly8fz1hr0tytyj30ro0roab8.jpg?KID=imgbed,tva&Expires=1646752534&ssig=gSUs4MOKgj", "follow_me": false, "following": false, "mbrank": 0, "mbtype": 0, "planet_video": true, "icon_list": [], "can_edit": false, "textLength": null, "source": "HUAWEI Mate 40", "favorited": false, "cardid": null, "pic_ids": [], "geo": null, "pic_num": 0, "is_paid": false, "mblog_vip_type": 0, "reposts_count": 0, "comments_count": 0, "attitudes_count": 0, "attitudes_status": 0, "isLongText": false, "mlevel": 0, "content_auth": 0, "is_show_bulletin": 2, "mblogtype": 0, "showFeedRepost": false, "showFeedComment": false, "pictureViewerSign": false, "showPictureViewer": false, "repost_type": 2, "share_repost_type": 0, "text": "快转微博"}, "pid": "4743980304827399"}, {"mid": "4744047870088341", "mblogid": "LitSX0mYR", "uid": 6819133594, "name": "弃妇约瑟芬", "data": {"visible_type": 0, "visible_list_id": 0, "time": "2022-03-06 15:43:35", "profile_image_url": "https://tvax1.sinaimg.cn/crop.0.0.996.996.50/007ruo9Ily8fyjui64bfuj30ro0roabz.jpg?KID=imgbed,tva&Expires=1646752534&ssig=CgU7DlFzxK", "profile_url": "/u/6819133594", "verified": false, "verified_type": -1, "domain": "", "weihao": "", "verified_type_ext": null, "avatar_large": "https://tvax1.sinaimg.cn/crop.0.0.996.996.180/007ruo9Ily8fyjui64bfuj30ro0roabz.jpg?KID=imgbed,tva&Expires=1646752534&ssig=9nJovym%2FPB", "avatar_hd": "https://tvax1.sinaimg.cn/crop.0.0.996.996.1024/007ruo9Ily8fyjui64bfuj30ro0roabz.jpg?KID=imgbed,tva&Expires=1646752534&ssig=umJp1yUgz2", "follow_me": false, "following": false, "mbrank": 0, "mbtype": 0, "planet_video": false, "icon_list": [], "can_edit": false, "textLength": null, "source": "Android", "favorited": false, "cardid": null, "pic_ids": [], "geo": null, "pic_num": 0, "is_paid": false, "mblog_vip_type": 0, "reposts_count": 0, "comments_count": 0, "attitudes_count": 0, "attitudes_status": 0, "isLongText": false, "mlevel": 0, "content_auth": 0, "is_show_bulletin": 2, "mblogtype": 0, "showFeedRepost": false, "showFeedComment": false, "pictureViewerSign": false, "showPictureViewer": false, "repost_type": 1, "share_repost_type": 0, "text": "转发微博"}, "pid": "4743980304827399"}, {"mid": "4744055794172202", "mblogid": "Liu5JhvnA", "uid": 5468442982, "name": "forever槿_923", "data": {"visible_type": 0, "visible_list_id": 0, "time": "2022-03-06 16:15:03", "profile_image_url": "https://tvax1.sinaimg.cn/crop.0.0.1080.1080.50/005Y51Pgly8gkhoi8coj1j30u00u0wh2.jpg?KID=imgbed,tva&Expires=1646752532&ssig=%2FbmbtAxqzS", "profile_url": "/u/5468442982", "verified": false, "verified_type": -1, "domain": "", "weihao": "", "verified_type_ext": null, "avatar_large": "https://tvax1.sinaimg.cn/crop.0.0.1080.1080.180/005Y51Pgly8gkhoi8coj1j30u00u0wh2.jpg?KID=imgbed,tva&Expires=1646752532&ssig=ifIo%2BS0UN6", "avatar_hd": "https://tvax1.sinaimg.cn/crop.0.0.1080.1080.1024/005Y51Pgly8gkhoi8coj1j30u00u0wh2.jpg?KID=imgbed,tva&Expires=1646752532&ssig=s40ee0QpFX", "follow_me": false, "following": false, "mbrank": 0, "mbtype": 0, "planet_video": true, "icon_list": [{"type": "icon", "data": {"value": "1", "icon_img": "http://n.sinaimg.cn/www/ea31a93f/20220121/feed_icon_torch@2x.png", "title": "我是火炬网络护跑手", "url": ""}}, {"type": "icon", "data": {"value": "1", "icon_img": "http://n.sinaimg.cn/www/ea31a93f/20220213/feed_icon_BingDwenDwenShueyRhonRhon@2x.png", "title": "微博实现一墩一融", "url": "https://s.weibo.com/weibo?q=%23为中国冬奥健儿加油%23"}}], "can_edit": false, "textLength": null, "source": "iPhone客户端", "favorited": false, "cardid": null, "pic_ids": [], "geo": null, "pic_num": 0, "is_paid": false, "mblog_vip_type": 0, "reposts_count": 0, "comments_count": 0, "attitudes_count": 0, "attitudes_status": 0, "isLongText": false, "mlevel": 0, "content_auth": 0, "is_show_bulletin": 2, "mblogtype": 0, "showFeedRepost": false, "showFeedComment": false, "pictureViewerSign": false, "showPictureViewer": false, "repost_type": 2, "share_repost_type": 0, "text": "快转微博"}, "pid": "4743980304827399"}, {"mid": "4744109169839804", "mblogid": "LivtOFhMw", "uid": 3107327215, "name": "莺时花潮", "data": {"visible_type": 0, "visible_list_id": 0, "time": "2022-03-06 19:47:10", "profile_image_url": "https://tvax1.sinaimg.cn/crop.0.0.512.512.50/b9360cefly8gskoudrm8mj20e80e874w.jpg?KID=imgbed,tva&Expires=1646752532&ssig=wz52UJjJoo", "profile_url": "/u/3107327215", "verified": false, "verified_type": -1, "domain": "", "weihao": "", "verified_type_ext": null, "avatar_large": "https://tvax1.sinaimg.cn/crop.0.0.512.512.180/b9360cefly8gskoudrm8mj20e80e874w.jpg?KID=imgbed,tva&Expires=1646752532&ssig=KiuybuhrJR", "avatar_hd": "https://tvax1.sinaimg.cn/crop.0.0.512.512.1024/b9360cefly8gskoudrm8mj20e80e874w.jpg?KID=imgbed,tva&Expires=1646752532&ssig=XIEHixZjB%2B", "follow_me": false, "following": false, "mbrank": 0, "mbtype": 0, "planet_video": true, "icon_list": [], "can_edit": false, "textLength": null, "source": "iPhone客户端", "favorited": false, "cardid": null, "pic_ids": [], "geo": null, "pic_num": 0, "is_paid": false, "mblog_vip_type": 0, "reposts_count": 0, "comments_count": 0, "attitudes_count": 0, "attitudes_status": 0, "isLongText": false, "mlevel": 0, "content_auth": 0, "is_show_bulletin": 2, "mblogtype": 0, "showFeedRepost": false, "showFeedComment": false, "pictureViewerSign": false, "showPictureViewer": false, "repost_type": 1, "share_repost_type": 0, "text": "应该宣传宣传"}, "pid": "4743980304827399"}, {"mid": "4744156965241987", "mblogid": "LiwIUlZGb", "uid": 3248233170, "name": "pippo-run", "data": {"visible_type": 0, "visible_list_id": 0, "time": "2022-03-06 22:57:05", "profile_image_url": "https://tva4.sinaimg.cn/crop.0.0.180.180.50/c19c1ad2jw1e8qgp5bmzyj2050050aa8.jpg?KID=imgbed,tva&Expires=1646752532&ssig=QJYGZapMi1", "profile_url": "/u/3248233170", "verified": false, "verified_type": -1, "domain": "", "weihao": "", "verified_type_ext": null, "avatar_large": "https://tva4.sinaimg.cn/crop.0.0.180.180.180/c19c1ad2jw1e8qgp5bmzyj2050050aa8.jpg?KID=imgbed,tva&Expires=1646752532&ssig=pOBUlBLJp%2B", "avatar_hd": "https://tva4.sinaimg.cn/crop.0.0.180.180.1024/c19c1ad2jw1e8qgp5bmzyj2050050aa8.jpg?KID=imgbed,tva&Expires=1646752532&ssig=usVEVW%2B%2BD6", "follow_me": false, "following": false, "mbrank": 0, "mbtype": 0, "planet_video": false, "icon_list": [], "can_edit": false, "textLength": null, "source": "iPhone客户端", "favorited": false, "cardid": null, "pic_ids": [], "geo": null, "pic_num": 0, "is_paid": false, "mblog_vip_type": 0, "reposts_count": 0, "comments_count": 0, "attitudes_count": 0, "attitudes_status": 0, "isLongText": false, "mlevel": 0, "content_auth": 0, "is_show_bulletin": 2, "mblogtype": 0, "showFeedRepost": false, "showFeedComment": false, "pictureViewerSign": false, "showPictureViewer": false, "repost_type": 2, "share_repost_type": 0, "text": "快转微博"}, "pid": "4743980304827399"}, {"mid": "4744159796137729", "mblogid": "LiwNtpKHD", "uid": 2810458995, "name": "氧气薄荷绿", "data": {"visible_type": 0, "visible_list_id": 0, "time": "2022-03-06 23:08:20", "profile_image_url": "https://tvax2.sinaimg.cn/crop.0.0.996.996.50/0034coLNly8guc1tysaojj60ro0rojvq02.jpg?KID=imgbed,tva&Expires=1646752532&ssig=MNJWtYcDvn", "profile_url": "/u/2810458995", "verified": false, "verified_type": -1, "domain": "", "weihao": "", "verified_type_ext": null, "avatar_large": "https://tvax2.sinaimg.cn/crop.0.0.996.996.180/0034coLNly8guc1tysaojj60ro0rojvq02.jpg?KID=imgbed,tva&Expires=1646752532&ssig=rlIUhq5e0X", "avatar_hd": "https://tvax2.sinaimg.cn/crop.0.0.996.996.1024/0034coLNly8guc1tysaojj60ro0rojvq02.jpg?KID=imgbed,tva&Expires=1646752532&ssig=%2BxEklhfWy4", "follow_me": false, "following": false, "mbrank": 6, "mbtype": 12, "planet_video": false, "icon_list": [{"type": "vip", "data": {"mbrank": 6, "mbtype": 12}}], "can_edit": false, "textLength": null, "source": "vivo S9e 极夜自拍", "favorited": false, "cardid": "star_1337", "pic_ids": [], "geo": null, "pic_num": 0, "is_paid": false, "mblog_vip_type": 0, "reposts_count": 0, "comments_count": 0, "attitudes_count": 0, "attitudes_status": 0, "isLongText": false, "mlevel": 0, "content_auth": 0, "is_show_bulletin": 2, "mblogtype": 0, "showFeedRepost": false, "showFeedComment": false, "pictureViewerSign": false, "showPictureViewer": false, "repost_type": 1, "share_repost_type": 0, "text": "转发微博"}, "pid": "4743980304827399"}, {"mid": "4744162723235035", "mblogid": "LiwScdzzZ", "uid": 6463855622, "name": "小小鸟梵音", "data": {"visible_type": 0, "visible_list_id": 0, "time": "2022-03-06 23:19:58", "profile_image_url": "https://tvax2.sinaimg.cn/crop.0.0.512.512.50/0073rG7Qly8gu81e2cii2j60e80e8dhh02.jpg?KID=imgbed,tva&Expires=1646752532&ssig=mzuESxhvW1", "profile_url": "/u/6463855622", "verified": false, "verified_type": -1, "domain": "", "weihao": "", "verified_type_ext": null, "avatar_large": "https://tvax2.sinaimg.cn/crop.0.0.512.512.180/0073rG7Qly8gu81e2cii2j60e80e8dhh02.jpg?KID=imgbed,tva&Expires=1646752532&ssig=dcXYhqXHgs", "avatar_hd": "https://tvax2.sinaimg.cn/crop.0.0.512.512.1024/0073rG7Qly8gu81e2cii2j60e80e8dhh02.jpg?KID=imgbed,tva&Expires=1646752532&ssig=wzKcFYx8qs", "follow_me": false, "following": false, "mbrank": 3, "mbtype": 11, "planet_video": true, "icon_list": [{"type": "vip", "data": {"mbrank": 3, "mbtype": 11}}, {"type": "icon", "data": {"value": "1", "icon_img": "http://n.sinaimg.cn/www/ea31a93f/20220121/feed_icon_torch@2x.png", "title": "我是火炬网络护跑手", "url": ""}}], "can_edit": false, "textLength": null, "source": "iPhone客户端", "favorited": false, "cardid": "star_1342", "pic_ids": [], "geo": null, "pic_num": 0, "is_paid": false, "mblog_vip_type": 0, "reposts_count": 0, "comments_count": 0, "attitudes_count": 0, "attitudes_status": 0, "isLongText": false, "mlevel": 0, "content_auth": 0, "is_show_bulletin": 2, "mblogtype": 0, "showFeedRepost": false, "showFeedComment": false, "pictureViewerSign": false, "showPictureViewer": false, "repost_type": 2, "share_repost_type": 0, "text": "快转微博"}, "pid": "4743980304827399"}, {"mid": "4744184616977494", "mblogid": "Lixrvthae", "uid": 3325464530, "name": "甜糖恬喵喵", "data": {"visible_type": 0, "visible_list_id": 0, "time": "2022-03-07 00:46:58", "profile_image_url": "https://tvax4.sinaimg.cn/crop.0.0.996.996.50/c6368fd2ly8gorp2os6tgj20ro0roq6q.jpg?KID=imgbed,tva&Expires=1646752532&ssig=odH1o3YK1D", "profile_url": "/u/3325464530", "verified": false, "verified_type": -1, "domain": "", "weihao": "", "verified_type_ext": null, "avatar_large": "https://tvax4.sinaimg.cn/crop.0.0.996.996.180/c6368fd2ly8gorp2os6tgj20ro0roq6q.jpg?KID=imgbed,tva&Expires=1646752532&ssig=s5oAgW8EsI", "avatar_hd": "https://tvax4.sinaimg.cn/crop.0.0.996.996.1024/c6368fd2ly8gorp2os6tgj20ro0roq6q.jpg?KID=imgbed,tva&Expires=1646752532&ssig=iCGrkNMkJ9", "follow_me": false, "following": false, "mbrank": 7, "mbtype": 12, "planet_video": false, "icon_list": [{"type": "vip", "data": {"mbrank": 7, "mbtype": 12}}, {"type": "icon", "data": {"value": "1", "icon_img": "http://n.sinaimg.cn/www/ea31a93f/20220121/feed_icon_torch@2x.png", "title": "我是火炬网络护跑手", "url": ""}}], "can_edit": false, "textLength": null, "source": "荣耀50 5G", "favorited": false, "cardid": "star_1413", "pic_ids": [], "geo": null, "pic_num": 0, "is_paid": false, "mblog_vip_type": 0, "reposts_count": 0, "comments_count": 0, "attitudes_count": 0, "attitudes_status": 0, "isLongText": false, "mlevel": 0, "content_auth": 0, "is_show_bulletin": 2, "mblogtype": 0, "showFeedRepost": false, "showFeedComment": false, "pictureViewerSign": false, "showPictureViewer": false, "repost_type": 1, "share_repost_type": 0, "text": "转发微博"}, "pid": "4743980304827399"}, {"mid": "4744189985948172", "mblogid": "LixAaoXog", "uid": 2164838690, "name": "凹凸柚子酱", "data": {"visible_type": 0, "visible_list_id": 0, "time": "2022-03-07 01:08:18", "profile_image_url": "https://tva1.sinaimg.cn/crop.204.25.614.614.50/8108d122gw1eib2o82dzoj20sg0lcaip.jpg?KID=imgbed,tva&Expires=1646752532&ssig=wgIMc0ggXo", "profile_url": "/u/2164838690", "verified": false, "verified_type": -1, "domain": "", "weihao": "", "verified_type_ext": null, "avatar_large": "https://tva1.sinaimg.cn/crop.204.25.614.614.180/8108d122gw1eib2o82dzoj20sg0lcaip.jpg?KID=imgbed,tva&Expires=1646752532&ssig=Xa8JuyINPZ", "avatar_hd": "https://tva1.sinaimg.cn/crop.204.25.614.614.1024/8108d122gw1eib2o82dzoj20sg0lcaip.jpg?KID=imgbed,tva&Expires=1646752532&ssig=d2cXcPK%2B%2Fv", "follow_me": false, "following": false, "mbrank": 0, "mbtype": 0, "planet_video": true, "icon_list": [{"type": "icon", "data": {"value": "1", "icon_img": "http://n.sinaimg.cn/www/ea31a93f/20220121/feed_icon_torch@2x.png", "title": "我是火炬网络护跑手", "url": ""}}, {"type": "icon", "data": {"value": "1", "icon_img": "https://h5.sinaimg.cn/upload/103/1651/2021/12/11/feed_icon_21wbnight32x28.png", "title": "微博之夜", "url": "https://huodong.weibo.com/netchina2021/index"}}], "can_edit": false, "textLength": null, "source": "iPad Pro", "favorited": false, "cardid": null, "pic_ids": [], "geo": null, "pic_num": 0, "is_paid": false, "mblog_vip_type": 0, "reposts_count": 0, "comments_count": 0, "attitudes_count": 0, "attitudes_status": 0, "isLongText": false, "mlevel": 0, "content_auth": 0, "is_show_bulletin": 2, "mblogtype": 0, "showFeedRepost": false, "showFeedComment": false, "pictureViewerSign": false, "showPictureViewer": false, "repost_type": 2, "share_repost_type": 0, "text": "快转微博"}, "pid": "4743980304827399"}, {"mid": "4744303614886068", "mblogid": "LiAxrkv5y", "uid": 2054474073, "name": "绿色微尘2008", "data": {"visible_type": 0, "visible_list_id": 0, "time": "2022-03-07 08:39:48", "profile_image_url": "https://tvax1.sinaimg.cn/crop.0.0.664.664.50/7a74c959ly8fwfbf4csnxj20ig0igwf7.jpg?KID=imgbed,tva&Expires=1646752532&ssig=P4aC6odS3M", "profile_url": "/u/2054474073", "verified": false, "verified_type": -1, "domain": "jc1080", "weihao": "", "verified_type_ext": null, "avatar_large": "https://tvax1.sinaimg.cn/crop.0.0.664.664.180/7a74c959ly8fwfbf4csnxj20ig0igwf7.jpg?KID=imgbed,tva&Expires=1646752532&ssig=SqZZ%2BHgx0s", "avatar_hd": "https://tvax1.sinaimg.cn/crop.0.0.664.664.1024/7a74c959ly8fwfbf4csnxj20ig0igwf7.jpg?KID=imgbed,tva&Expires=1646752532&ssig=8E1lH6%2FwfX", "follow_me": false, "following": false, "mbrank": 0, "mbtype": 0, "planet_video": false, "icon_list": [{"type": "icon", "data": {"value": "1", "icon_img": "http://n.sinaimg.cn/www/ea31a93f/20220121/feed_icon_torch@2x.png", "title": "我是火炬网络护跑手", "url": ""}}, {"type": "icon", "data": {"value": "1", "icon_img": "http://n.sinaimg.cn/www/ea31a93f/20220213/feed_icon_BingDwenDwenShueyRhonRhon@2x.png", "title": "微博实现一墩一融", "url": "https://s.weibo.com/weibo?q=%23为中国冬奥健儿加油%23"}}], "can_edit": false, "textLength": null, "source": "荣耀 9X", "favorited": false, "cardid": "star_1518", "pic_ids": [], "geo": null, "pic_num": 0, "is_paid": false, "mblog_vip_type": 0, "reposts_count": 0, "comments_count": 0, "attitudes_count": 0, "attitudes_status": 0, "isLongText": false, "mlevel": 0, "content_auth": 0, "is_show_bulletin": 2, "mblogtype": 0, "showFeedRepost": false, "showFeedComment": false, "pictureViewerSign": false, "showPictureViewer": false, "repost_type": 2, "share_repost_type": 0, "text": "快转微博"}, "pid": "4743980304827399"}, {"mid": "4744335713635325", "mblogid": "LiBndffIh", "uid": 1695343913, "name": "往事越千年换了人间312", "data": {"visible_type": 0, "visible_list_id": 0, "time": "2022-03-07 10:47:22", "profile_image_url": "https://tvax4.sinaimg.cn/crop.0.0.996.996.50/650ce529ly8ggh1195gl7j20ro0rodh9.jpg?KID=imgbed,tva&Expires=1646752532&ssig=Xc2jc2bw%2Fi", "profile_url": "/u/1695343913", "verified": false, "verified_type": -1, "domain": "", "weihao": "", "verified_type_ext": null, "avatar_large": "https://tvax4.sinaimg.cn/crop.0.0.996.996.180/650ce529ly8ggh1195gl7j20ro0rodh9.jpg?KID=imgbed,tva&Expires=1646752532&ssig=msfH5fuozS", "avatar_hd": "https://tvax4.sinaimg.cn/crop.0.0.996.996.1024/650ce529ly8ggh1195gl7j20ro0rodh9.jpg?KID=imgbed,tva&Expires=1646752532&ssig=HYlUEPuZ4d", "follow_me": false, "following": false, "mbrank": 6, "mbtype": 12, "planet_video": false, "icon_list": [{"type": "vip", "data": {"mbrank": 6, "mbtype": 12}}, {"type": "icon", "data": {"value": "1", "icon_img": "http://n.sinaimg.cn/www/ea31a93f/20220121/feed_icon_torch@2x.png", "title": "我是火炬网络护跑手", "url": ""}}, {"type": "icon", "data": {"value": "1", "icon_img": "http://n.sinaimg.cn/www/ea31a93f/20220213/feed_icon_BingDwenDwenShueyRhonRhon@2x.png", "title": "微博实现一墩一融", "url": "https://s.weibo.com/weibo?q=%23为中国冬奥健儿加油%23"}}], "can_edit": false, "textLength": null, "source": "", "favorited": false, "cardid": "star_1434", "pic_ids": [], "geo": null, "pic_num": 0, "is_paid": false, "mblog_vip_type": 0, "reposts_count": 0, "comments_count": 0, "attitudes_count": 0, "attitudes_status": 0, "isLongText": false, "mlevel": 0, "content_auth": 0, "is_show_bulletin": 2, "mblogtype": 0, "showFeedRepost": false, "showFeedComment": false, "pictureViewerSign": false, "showPictureViewer": false, "repost_type": 3, "share_repost_type": 0, "text": "[赞]"}, "pid": "4743980304827399"}, {"mid": "4744336283275546", "mblogid": "LiBo8dK7o", "uid": 5148344940, "name": "云端雪-", "data": {"visible_type": 0, "visible_list_id": 0, "time": "2022-03-07 10:49:38", "profile_image_url": "https://tvax4.sinaimg.cn/crop.0.0.1080.1080.50/005CpVHCly8gz3lo0xw5pj30u00u0juy.jpg?KID=imgbed,tva&Expires=1646752532&ssig=ZFZJFEEDAh", "profile_url": "/u/5148344940", "verified": false, "verified_type": -1, "domain": "", "weihao": "", "verified_type_ext": null, "avatar_large": "https://tvax4.sinaimg.cn/crop.0.0.1080.1080.180/005CpVHCly8gz3lo0xw5pj30u00u0juy.jpg?KID=imgbed,tva&Expires=1646752532&ssig=5W47mjDyAh", "avatar_hd": "https://tvax4.sinaimg.cn/crop.0.0.1080.1080.1024/005CpVHCly8gz3lo0xw5pj30u00u0juy.jpg?KID=imgbed,tva&Expires=1646752532&ssig=c9Pd1mSGyY", "follow_me": false, "following": false, "mbrank": 1, "mbtype": 2, "planet_video": true, "icon_list": [{"type": "icon", "data": {"value": "1", "icon_img": "http://n.sinaimg.cn/www/ea31a93f/20220121/feed_icon_torch@2x.png", "title": "我是火炬网络护跑手", "url": ""}}], "can_edit": false, "textLength": null, "source": "荣耀X20", "favorited": false, "cardid": null, "pic_ids": [], "geo": null, "pic_num": 0, "is_paid": false, "mblog_vip_type": 0, "reposts_count": 0, "comments_count": 0, "attitudes_count": 0, "attitudes_status": 0, "isLongText": false, "mlevel": 0, "content_auth": 0, "is_show_bulletin": 2, "mblogtype": 0, "showFeedRepost": false, "showFeedComment": false, "pictureViewerSign": false, "showPictureViewer": false, "repost_type": 1, "share_repost_type": 0, "text": "[打call][打call][打call]"}, "pid": "4743980304827399"}, {"mid": "4744336924738440", "mblogid": "LiBpajSGs", "uid": 3812649472, "name": "JIANG7210", "data": {"visible_type": 0, "visible_list_id": 0, "time": "2022-03-07 10:52:10", "profile_image_url": "https://tvax1.sinaimg.cn/default/images/default_avatar_male_50.gif?KID=imgbed,tva&Expires=1646752532&ssig=jpkMEXPJdn", "profile_url": "/u/3812649472", "verified": false, "verified_type": -1, "domain": "", "weihao": "", "verified_type_ext": null, "avatar_large": "https://tvax1.sinaimg.cn/default/images/default_avatar_male_180.gif?KID=imgbed,tva&Expires=1646752532&ssig=yrsb5jXUOI", "avatar_hd": "https://tvax1.sinaimg.cn/default/images/default_avatar_male_180.gif?KID=imgbed,tva&Expires=1646752532&ssig=yrsb5jXUOI", "follow_me": false, "following": false, "mbrank": 0, "mbtype": 0, "planet_video": true, "icon_list": [], "can_edit": false, "textLength": null, "source": "iPhone客户端", "favorited": false, "cardid": null, "pic_ids": [], "geo": null, "pic_num": 0, "is_paid": false, "mblog_vip_type": 0, "reposts_count": 0, "comments_count": 0, "attitudes_count": 0, "attitudes_status": 0, "isLongText": false, "mlevel": 0, "content_auth": 0, "is_show_bulletin": 2, "mblogtype": 0, "showFeedRepost": false, "showFeedComment": false, "pictureViewerSign": false, "showPictureViewer": false, "repost_type": 2, "share_repost_type": 0, "text": "快转微博"}, "pid": "4743980304827399"}, {"mid": "4744344978850251", "mblogid": "LiBC9B8lZ", "uid": 1346037627, "name": "七零后新股民", "data": {"visible_type": 0, "visible_list_id": 0, "time": "2022-03-07 11:24:10", "profile_image_url": "https://tvax2.sinaimg.cn/crop.0.0.996.996.50/503ae77bly8fsiphg842rj20ro0roq56.jpg?KID=imgbed,tva&Expires=1646752532&ssig=%2FTu8ZC4q0H", "profile_url": "/u/1346037627", "verified": false, "verified_type": -1, "domain": "luoshaojun1973", "weihao": "", "verified_type_ext": null, "avatar_large": "https://tvax2.sinaimg.cn/crop.0.0.996.996.180/503ae77bly8fsiphg842rj20ro0roq56.jpg?KID=imgbed,tva&Expires=1646752532&ssig=UoetwilMEm", "avatar_hd": "https://tvax2.sinaimg.cn/crop.0.0.996.996.1024/503ae77bly8fsiphg842rj20ro0roq56.jpg?KID=imgbed,tva&Expires=1646752532&ssig=GpQ7oB6ISI", "follow_me": false, "following": false, "mbrank": 5, "mbtype": 2, "planet_video": true, "icon_list": [{"type": "icon", "data": {"value": "1", "icon_img": "http://n.sinaimg.cn/www/ea31a93f/20220121/feed_icon_torch@2x.png", "title": "我是火炬网络护跑手", "url": ""}}], "can_edit": false, "textLength": null, "source": "Note 9", "favorited": false, "cardid": null, "pic_ids": [], "geo": null, "pic_num": 0, "is_paid": false, "mblog_vip_type": 0, "reposts_count": 0, "comments_count": 0, "attitudes_count": 0, "attitudes_status": 0, "isLongText": false, "mlevel": 0, "content_auth": 0, "is_show_bulletin": 2, "mblogtype": 0, "showFeedRepost": false, "showFeedComment": false, "pictureViewerSign": false, "showPictureViewer": false, "repost_type": 2, "share_repost_type": 0, "text": "快转微博"}, "pid": "4743980304827399"}, {"mid": "4744357020174108", "mblogid": "LiBVA0Jic", "uid": 2485834535, "name": "消费维权爱心帮", "data": {"visible_type": 0, "visible_list_id": 0, "time": "2022-03-07 12:12:02", "profile_image_url": "https://tvax3.sinaimg.cn/crop.0.0.996.996.50/942ad327ly8fu00iuo3i7j20ro0rodhu.jpg?KID=imgbed,tva&Expires=1646752532&ssig=EOUFo8Vqk5", "profile_url": "/u/2485834535", "verified": false, "verified_type": -1, "domain": "", "weihao": "", "verified_type_ext": null, "avatar_large": "https://tvax3.sinaimg.cn/crop.0.0.996.996.180/942ad327ly8fu00iuo3i7j20ro0rodhu.jpg?KID=imgbed,tva&Expires=1646752532&ssig=s3DfL7MWtg", "avatar_hd": "https://tvax3.sinaimg.cn/crop.0.0.996.996.1024/942ad327ly8fu00iuo3i7j20ro0rodhu.jpg?KID=imgbed,tva&Expires=1646752532&ssig=qCSiVBKJdk", "follow_me": false, "following": false, "mbrank": 6, "mbtype": 11, "planet_video": false, "icon_list": [{"type": "vip", "data": {"mbrank": 6, "mbtype": 11}}, {"type": "icon", "data": {"value": "1", "icon_img": "https://h5.sinaimg.cn/upload/103/1651/2021/12/11/feed_icon_21bobao.png", "title": "我的微博播报", "url": "https://huodong.weibo.com/netchina2021/memories"}}], "can_edit": false, "textLength": null, "source": "HarmonyOS设备", "favorited": false, "cardid": null, "pic_ids": [], "geo": null, "pic_num": 0, "is_paid": false, "mblog_vip_type": 0, "reposts_count": 0, "comments_count": 0, "attitudes_count": 0, "attitudes_status": 0, "isLongText": false, "mlevel": 0, "content_auth": 0, "is_show_bulletin": 2, "mblogtype": 0, "showFeedRepost": false, "showFeedComment": false, "pictureViewerSign": false, "showPictureViewer": false, "repost_type": 3, "share_repost_type": 0, "text": "我去，看成了月球机器人[允悲][允悲]是"}, "pid": "4743980304827399"}, {"mid": "4744357162259644", "mblogid": "LiBVO9tPS", "uid": 1400475990, "name": "私募股权投资网", "data": {"visible_type": 0, "visible_list_id": 0, "time": "2022-03-07 12:12:36", "profile_image_url": "https://tvax1.sinaimg.cn/crop.0.0.996.996.50/53799156ly8g2cko0fg3pj20ro0rowi9.jpg?KID=imgbed,tva&Expires=1646752532&ssig=NVygS2Ag6N", "profile_url": "/u/1400475990", "verified": true, "verified_type": 2, "domain": "william760122", "weihao": "", "verified_type_ext": -1, "avatar_large": "https://tvax1.sinaimg.cn/crop.0.0.996.996.180/53799156ly8g2cko0fg3pj20ro0rowi9.jpg?KID=imgbed,tva&Expires=1646752532&ssig=Y6g4rL1Cjx", "avatar_hd": "https://tvax1.sinaimg.cn/crop.0.0.996.996.1024/53799156ly8g2cko0fg3pj20ro0rowi9.jpg?KID=imgbed,tva&Expires=1646752532&ssig=cnsokdkt%2BM", "follow_me": false, "following": false, "mbrank": 6, "mbtype": 2, "planet_video": false, "icon_list": [], "can_edit": false, "textLength": null, "source": "HUAWEI Mate 20 X 5G", "favorited": false, "cardid": null, "pic_ids": [], "geo": null, "pic_num": 0, "is_paid": false, "mblog_vip_type": 0, "reposts_count": 0, "comments_count": 0, "attitudes_count": 0, "attitudes_status": 0, "isLongText": false, "mlevel": 0, "content_auth": 0, "is_show_bulletin": 2, "mblogtype": 0, "showFeedRepost": false, "showFeedComment": false, "pictureViewerSign": false, "showPictureViewer": false, "repost_type": 3, "share_repost_type": 0, "text": "只干不说"}, "pid": "4743980304827399"}, {"mid": "4744395553247007", "mblogid": "LiCVJdCH5", "uid": 1760028173, "name": "团子接光遇ios代跑", "data": {"visible_type": 0, "visible_list_id": 0, "time": "2022-03-07 14:45:09", "profile_image_url": "https://tva1.sinaimg.cn/crop.0.15.750.750.50/68e7e60djw8fb5ml0ogs6j20ku0lojsn.jpg?KID=imgbed,tva&Expires=1646752532&ssig=9nL0zGzhaj", "profile_url": "/u/1760028173", "verified": false, "verified_type": -1, "domain": "", "weihao": "", "verified_type_ext": null, "avatar_large": "https://tva1.sinaimg.cn/crop.0.15.750.750.180/68e7e60djw8fb5ml0ogs6j20ku0lojsn.jpg?KID=imgbed,tva&Expires=1646752532&ssig=jPrURSo%2FMN", "avatar_hd": "https://tva1.sinaimg.cn/crop.0.15.750.750.1024/68e7e60djw8fb5ml0ogs6j20ku0lojsn.jpg?KID=imgbed,tva&Expires=1646752532&ssig=bRlWsnGb3i", "follow_me": false, "following": false, "mbrank": 0, "mbtype": 0, "planet_video": false, "icon_list": [], "can_edit": false, "textLength": null, "source": "iPhone客户端", "favorited": false, "cardid": null, "pic_ids": [], "geo": null, "pic_num": 0, "is_paid": false, "mblog_vip_type": 0, "reposts_count": 0, "comments_count": 0, "attitudes_count": 0, "attitudes_status": 0, "isLongText": false, "mlevel": 0, "content_auth": 0, "is_show_bulletin": 2, "mblogtype": 0, "showFeedRepost": false, "showFeedComment": false, "pictureViewerSign": false, "showPictureViewer": false, "repost_type": 2, "share_repost_type": 0, "text": "快转微博"}, "pid": "4743980304827399"}, {"mid": "4744399231911148", "mblogid": "LiD1F81aY", "uid": 2828514624, "name": "完犊子星人", "data": {"visible_type": 0, "visible_list_id": 0, "time": "2022-03-07 14:59:46", "profile_image_url": "https://tvax2.sinaimg.cn/crop.0.0.996.996.50/a897b540ly8gp22e9wxymj20ro0rotao.jpg?KID=imgbed,tva&Expires=1646752532&ssig=hZiRItM0qH", "profile_url": "/u/2828514624", "verified": false, "verified_type": 220, "domain": "", "weihao": "", "verified_type_ext": null, "avatar_large": "https://tvax2.sinaimg.cn/crop.0.0.996.996.180/a897b540ly8gp22e9wxymj20ro0rotao.jpg?KID=imgbed,tva&Expires=1646752532&ssig=8OdhYINe44", "avatar_hd": "https://tvax2.sinaimg.cn/crop.0.0.996.996.1024/a897b540ly8gp22e9wxymj20ro0rotao.jpg?KID=imgbed,tva&Expires=1646752532&ssig=dg99zaGudO", "follow_me": false, "following": false, "mbrank": 0, "mbtype": 0, "planet_video": true, "icon_list": [], "can_edit": false, "textLength": null, "source": "HUAWEI Mate 40", "favorited": false, "cardid": "star_11620_common", "pic_ids": [], "geo": null, "pic_num": 0, "is_paid": false, "mblog_vip_type": 0, "reposts_count": 0, "comments_count": 0, "attitudes_count": 0, "attitudes_status": 0, "isLongText": false, "mlevel": 0, "content_auth": 0, "is_show_bulletin": 2, "mblogtype": 0, "showFeedRepost": false, "showFeedComment": false, "pictureViewerSign": false, "showPictureViewer": false, "repost_type": 2, "share_repost_type": 0, "text": "快转微博"}, "pid": "4743980304827399"}, {"mid": "4744399319466939", "mblogid": "LiD1NDIMz", "uid": 1343196845, "name": "滅鳥先鋒", "data": {"visible_type": 0, "visible_list_id": 0, "time": "2022-03-07 15:00:07", "profile_image_url": "https://tva1.sinaimg.cn/crop.0.0.180.180.50/500f8eadjw1e8qgp5bmzyj2050050aa8.jpg?KID=imgbed,tva&Expires=1646752532&ssig=0tV67q66ki", "profile_url": "/u/1343196845", "verified": false, "verified_type": -1, "domain": "", "weihao": "", "verified_type_ext": null, "avatar_large": "https://tva1.sinaimg.cn/crop.0.0.180.180.180/500f8eadjw1e8qgp5bmzyj2050050aa8.jpg?KID=imgbed,tva&Expires=1646752532&ssig=mpg1YPf%2FkG", "avatar_hd": "https://tva1.sinaimg.cn/crop.0.0.180.180.1024/500f8eadjw1e8qgp5bmzyj2050050aa8.jpg?KID=imgbed,tva&Expires=1646752532&ssig=Ux68IaD%2BXj", "follow_me": false, "following": false, "mbrank": 0, "mbtype": 0, "planet_video": true, "icon_list": [{"type": "icon", "data": {"value": "1", "icon_img": "http://n.sinaimg.cn/www/ea31a93f/20220213/feed_icon_BingDwenDwenShueyRhonRhon@2x.png", "title": "微博实现一墩一融", "url": "https://s.weibo.com/weibo?q=%23为中国冬奥健儿加油%23"}}], "can_edit": false, "textLength": null, "source": "iPhone客户端", "favorited": false, "cardid": null, "pic_ids": [], "geo": null, "pic_num": 0, "is_paid": false, "mblog_vip_type": 0, "reposts_count": 0, "comments_count": 0, "attitudes_count": 0, "attitudes_status": 0, "isLongText": false, "mlevel": 0, "content_auth": 0, "is_show_bulletin": 2, "mblogtype": 0, "showFeedRepost": false, "showFeedComment": false, "pictureViewerSign": false, "showPictureViewer": false, "repost_type": 5, "share_repost_type": 0, "text": "//@没有逾越不了的冬天:要是那谁研发的，早就全网通稿了[二哈][二哈][二哈][二哈]"}, "pid": "4743980304827399"}, {"mid": "4744406353316027", "mblogid": "LiDd9dUEj", "uid": 5948581341, "name": "黑白小桥", "data": {"visible_type": 0, "visible_list_id": 0, "time": "2022-03-07 15:28:04", "profile_image_url": "https://tvax2.sinaimg.cn/crop.0.0.664.664.50/006uzDKlly8gdj32j5odhj30ig0iggmn.jpg?KID=imgbed,tva&Expires=1646752531&ssig=AchWWdCC0z", "profile_url": "/u/5948581341", "verified": false, "verified_type": -1, "domain": "", "weihao": "", "verified_type_ext": null, "avatar_large": "https://tvax2.sinaimg.cn/crop.0.0.664.664.180/006uzDKlly8gdj32j5odhj30ig0iggmn.jpg?KID=imgbed,tva&Expires=1646752531&ssig=y11w%2FUN71o", "avatar_hd": "https://tvax2.sinaimg.cn/crop.0.0.664.664.1024/006uzDKlly8gdj32j5odhj30ig0iggmn.jpg?KID=imgbed,tva&Expires=1646752531&ssig=KBxOjh8GM%2F", "follow_me": false, "following": false, "mbrank": 0, "mbtype": 0, "planet_video": true, "icon_list": [], "can_edit": false, "textLength": null, "source": "HarmonyOS设备", "favorited": false, "cardid": null, "pic_ids": [], "geo": null, "pic_num": 0, "is_paid": false, "mblog_vip_type": 0, "reposts_count": 0, "comments_count": 0, "attitudes_count": 1, "attitudes_status": 0, "isLongText": false, "mlevel": 0, "content_auth": 0, "is_show_bulletin": 2, "mblogtype": 0, "showFeedRepost": false, "showFeedComment": false, "pictureViewerSign": false, "showPictureViewer": false, "repost_type": 4, "share_repost_type": 0, "text": "这个不是华为产品，是华东师范的一个老师使用华为AI套件开与的，华为官网有推荐介绍。赵立坚眼拙，不清楚东方青帝，只知道华为[允悲][允悲][允悲]"}, "pid": "4743980304827399"}, {"mid": "4744425244200130", "mblogid": "LiDHChCE2", "uid": 1367452894, "name": "爱上雨柔", "data": {"visible_type": 0, "visible_list_id": 0, "time": "2022-03-07 16:43:08", "profile_image_url": "https://tva3.sinaimg.cn/crop.0.0.180.180.50/5181acdejw1e8qgp5bmzyj2050050aa8.jpg?KID=imgbed,tva&Expires=1646752531&ssig=vciodqMLu4", "profile_url": "/u/1367452894", "verified": false, "verified_type": -1, "domain": "", "weihao": "", "verified_type_ext": null, "avatar_large": "https://tva3.sinaimg.cn/crop.0.0.180.180.180/5181acdejw1e8qgp5bmzyj2050050aa8.jpg?KID=imgbed,tva&Expires=1646752531&ssig=mdws%2F11MKs", "avatar_hd": "https://tva3.sinaimg.cn/crop.0.0.180.180.1024/5181acdejw1e8qgp5bmzyj2050050aa8.jpg?KID=imgbed,tva&Expires=1646752531&ssig=QN3jAC7B21", "follow_me": false, "following": false, "mbrank": 0, "mbtype": 0, "planet_video": true, "icon_list": [{"type": "icon", "data": {"value": "1", "icon_img": "http://n.sinaimg.cn/www/ea31a93f/20220121/feed_icon_torch@2x.png", "title": "我是火炬网络护跑手", "url": ""}}], "can_edit": false, "textLength": null, "source": "三星Note10＋ 5G", "favorited": false, "cardid": "star_583", "pic_ids": [], "geo": null, "pic_num": 0, "is_paid": false, "mblog_vip_type": 0, "reposts_count": 0, "comments_count": 0, "attitudes_count": 0, "attitudes_status": 0, "isLongText": false, "mlevel": 0, "content_auth": 0, "is_show_bulletin": 2, "mblogtype": 0, "showFeedRepost": false, "showFeedComment": false, "pictureViewerSign": false, "showPictureViewer": false, "repost_type": 1, "share_repost_type": 0, "text": "转发微博"}, "pid": "4743980304827399"}, {"mid": "4744448062524895", "mblogid": "LiEiqaAQ7", "uid": 6375878099, "name": "稀疏算法与粒子滤波与均值漂移", "data": {"visible_type": 0, "visible_list_id": 0, "time": "2022-03-07 18:13:48", "profile_image_url": "https://tvax4.sinaimg.cn/crop.0.0.996.996.50/006Xux9xly8gf4skxjfwdj30ro0ro0vk.jpg?KID=imgbed,tva&Expires=1646752531&ssig=FzMFUeUbcx", "profile_url": "/u/6375878099", "verified": false, "verified_type": -1, "domain": "", "weihao": "", "verified_type_ext": null, "avatar_large": "https://tvax4.sinaimg.cn/crop.0.0.996.996.180/006Xux9xly8gf4skxjfwdj30ro0ro0vk.jpg?KID=imgbed,tva&Expires=1646752531&ssig=i7yVRW5GVT", "avatar_hd": "https://tvax4.sinaimg.cn/crop.0.0.996.996.1024/006Xux9xly8gf4skxjfwdj30ro0ro0vk.jpg?KID=imgbed,tva&Expires=1646752531&ssig=3F9C6oiZMX", "follow_me": false, "following": false, "mbrank": 6, "mbtype": 2, "planet_video": true, "icon_list": [], "can_edit": false, "textLength": null, "source": "HUAWEI Mate 30 5G", "favorited": false, "cardid": null, "pic_ids": [], "geo": null, "pic_num": 0, "is_paid": false, "mblog_vip_type": 0, "reposts_count": 0, "comments_count": 0, "attitudes_count": 0, "attitudes_status": 0, "isLongText": false, "mlevel": 0, "content_auth": 0, "is_show_bulletin": 2, "mblogtype": 0, "showFeedRepost": false, "showFeedComment": false, "pictureViewerSign": false, "showPictureViewer": false, "repost_type": 2, "share_repost_type": 0, "text": "快转微博"}, "pid": "4743980304827399"}, {"mid": "4744458811476327", "mblogid": "LiEzL6c3J", "uid": 6044114158, "name": "四方少女的日常", "data": {"visible_type": 0, "visible_list_id": 0, "time": "2022-03-07 18:56:31", "profile_image_url": "https://tvax1.sinaimg.cn/crop.0.0.736.736.50/006B2ucely8gb22bvnlu6j30kg0kgjt5.jpg?KID=imgbed,tva&Expires=1646752531&ssig=PPy2x9HPI4", "profile_url": "/u/6044114158", "verified": false, "verified_type": -1, "domain": "", "weihao": "", "verified_type_ext": null, "avatar_large": "https://tvax1.sinaimg.cn/crop.0.0.736.736.180/006B2ucely8gb22bvnlu6j30kg0kgjt5.jpg?KID=imgbed,tva&Expires=1646752531&ssig=51IVh1ZOjQ", "avatar_hd": "https://tvax1.sinaimg.cn/crop.0.0.736.736.1024/006B2ucely8gb22bvnlu6j30kg0kgjt5.jpg?KID=imgbed,tva&Expires=1646752531&ssig=2nyxiHfHCi", "follow_me": false, "following": false, "mbrank": 0, "mbtype": 0, "planet_video": false, "icon_list": [], "can_edit": false, "textLength": null, "source": "微博国际版", "favorited": false, "cardid": null, "pic_ids": [], "geo": null, "pic_num": 0, "is_paid": false, "mblog_vip_type": 0, "reposts_count": 0, "comments_count": 0, "attitudes_count": 0, "attitudes_status": 0, "isLongText": false, "mlevel": 0, "content_auth": 0, "is_show_bulletin": 2, "mblogtype": 0, "showFeedRepost": false, "showFeedComment": false, "pictureViewerSign": false, "showPictureViewer": false, "repost_type": 1, "share_repost_type": 0, "text": "哇噢"}, "pid": "4743980304827399"}, {"mid": "4744460178557622", "mblogid": "LiEBXzUea", "uid": 7522677263, "name": "此去经年1120", "data": {"visible_type": 0, "visible_list_id": 0, "time": "2022-03-07 19:01:57", "profile_image_url": "https://tvax4.sinaimg.cn/crop.0.0.578.578.50/008d6o0fly8gz5bw6tllxj30g20g2gmf.jpg?KID=imgbed,tva&Expires=1646752531&ssig=vH2tJofBL7", "profile_url": "/u/7522677263", "verified": false, "verified_type": -1, "domain": "", "weihao": "", "verified_type_ext": null, "avatar_large": "https://tvax4.sinaimg.cn/crop.0.0.578.578.180/008d6o0fly8gz5bw6tllxj30g20g2gmf.jpg?KID=imgbed,tva&Expires=1646752531&ssig=HEKH3rPbci", "avatar_hd": "https://tvax4.sinaimg.cn/crop.0.0.578.578.1024/008d6o0fly8gz5bw6tllxj30g20g2gmf.jpg?KID=imgbed,tva&Expires=1646752531&ssig=P0DlOJD9r%2F", "follow_me": false, "following": false, "mbrank": 0, "mbtype": 0, "planet_video": true, "icon_list": [{"type": "icon", "data": {"value": "1", "icon_img": "https://h5.sinaimg.cn/upload/100/1650/2021/12/29/pc.png", "title": "为中国冰雪加油", "url": "https://s.weibo.com/weibo?q=%23一起为中国冰雪加油%23"}}, {"type": "icon", "data": {"value": "1", "icon_img": "http://n.sinaimg.cn/www/ea31a93f/20220121/feed_icon_torch@2x.png", "title": "我是火炬网络护跑手", "url": ""}}, {"type": "icon", "data": {"value": "1", "icon_img": "http://n.sinaimg.cn/www/ea31a93f/20220213/feed_icon_BingDwenDwenShueyRhonRhon@2x.png", "title": "微博实现一墩一融", "url": "https://s.weibo.com/weibo?q=%23为中国冬奥健儿加油%23"}}], "can_edit": false, "textLength": null, "source": "小米8 SE", "favorited": false, "cardid": null, "pic_ids": [], "geo": null, "pic_num": 0, "is_paid": false, "mblog_vip_type": 0, "reposts_count": 0, "comments_count": 0, "attitudes_count": 0, "attitudes_status": 0, "isLongText": false, "mlevel": 0, "content_auth": 0, "is_show_bulletin": 2, "mblogtype": 0, "showFeedRepost": false, "showFeedComment": false, "pictureViewerSign": false, "showPictureViewer": false, "repost_type": 1, "share_repost_type": 0, "text": "转发微博"}, "pid": "4743980304827399"}, {"mid": "4744461546946621", "mblogid": "LiEEat98h", "uid": 5476913988, "name": "frances3319", "data": {"visible_type": 0, "visible_list_id": 0, "time": "2022-03-07 19:07:22", "profile_image_url": "https://tvax3.sinaimg.cn/crop.0.0.750.750.50/005YEzwoly8fkdklxm1hij30ku0ku3zx.jpg?KID=imgbed,tva&Expires=1646752531&ssig=aPBGNvplY1", "profile_url": "/u/5476913988", "verified": false, "verified_type": -1, "domain": "", "weihao": "", "verified_type_ext": null, "avatar_large": "https://tvax3.sinaimg.cn/crop.0.0.750.750.180/005YEzwoly8fkdklxm1hij30ku0ku3zx.jpg?KID=imgbed,tva&Expires=1646752531&ssig=YX3r9FytZy", "avatar_hd": "https://tvax3.sinaimg.cn/crop.0.0.750.750.1024/005YEzwoly8fkdklxm1hij30ku0ku3zx.jpg?KID=imgbed,tva&Expires=1646752531&ssig=DnjcrKDubX", "follow_me": false, "following": false, "mbrank": 0, "mbtype": 0, "planet_video": false, "icon_list": [], "can_edit": false, "textLength": null, "source": "HUAWEI P40 5G", "favorited": false, "cardid": null, "pic_ids": [], "geo": null, "pic_num": 0, "is_paid": false, "mblog_vip_type": 0, "reposts_count": 0, "comments_count": 0, "attitudes_count": 0, "attitudes_status": 0, "isLongText": false, "mlevel": 0, "content_auth": 0, "is_show_bulletin": 2, "mblogtype": 0, "showFeedRepost": false, "showFeedComment": false, "pictureViewerSign": false, "showPictureViewer": false, "repost_type": 2, "share_repost_type": 0, "text": "快转微博"}, "pid": "4743980304827399"}, {"mid": "4744473073160456", "mblogid": "LiEWLdgb6", "uid": 1705158993, "name": "幸福满满99999999999999", "data": {"visible_type": 0, "visible_list_id": 0, "time": "2022-03-07 19:53:11", "profile_image_url": "https://tvax2.sinaimg.cn/crop.0.0.1002.1002.50/65a2a951ly8goew1qayoxj20ru0ruwh2.jpg?KID=imgbed,tva&Expires=1646752531&ssig=RWI%2B8WJVdZ", "profile_url": "/u/1705158993", "verified": false, "verified_type": -1, "domain": "", "weihao": "", "verified_type_ext": null, "avatar_large": "https://tvax2.sinaimg.cn/crop.0.0.1002.1002.180/65a2a951ly8goew1qayoxj20ru0ruwh2.jpg?KID=imgbed,tva&Expires=1646752531&ssig=ButY%2FEkKFO", "avatar_hd": "https://tvax2.sinaimg.cn/crop.0.0.1002.1002.1024/65a2a951ly8goew1qayoxj20ru0ruwh2.jpg?KID=imgbed,tva&Expires=1646752531&ssig=ktZA554PKd", "follow_me": false, "following": false, "mbrank": 0, "mbtype": 0, "planet_video": false, "icon_list": [], "can_edit": false, "textLength": null, "source": "Neo5活力版 生而为赢", "favorited": false, "cardid": null, "pic_ids": [], "geo": null, "pic_num": 0, "is_paid": false, "mblog_vip_type": 0, "reposts_count": 0, "comments_count": 0, "attitudes_count": 0, "attitudes_status": 0, "isLongText": false, "mlevel": 0, "content_auth": 0, "is_show_bulletin": 2, "mblogtype": 0, "showFeedRepost": false, "showFeedComment": false, "pictureViewerSign": false, "showPictureViewer": false, "repost_type": 2, "share_repost_type": 0, "text": "快转微博"}, "pid": "4743980304827399"}, {"mid": "4744484401974841", "mblogid": "LiFf28hKh", "uid": 1143080297, "name": "clampcctv2005", "data": {"visible_type": 0, "visible_list_id": 0, "time": "2022-03-07 20:38:12", "profile_image_url": "https://tvax1.sinaimg.cn/crop.0.0.664.664.50/44220569ly8govym589sqj20ig0ih0tw.jpg?KID=imgbed,tva&Expires=1646752531&ssig=lTadi0ssV2", "profile_url": "/u/1143080297", "verified": false, "verified_type": -1, "domain": "", "weihao": "", "verified_type_ext": null, "avatar_large": "https://tvax1.sinaimg.cn/crop.0.0.664.664.180/44220569ly8govym589sqj20ig0ih0tw.jpg?KID=imgbed,tva&Expires=1646752531&ssig=Ff%2FT91vQyy", "avatar_hd": "https://tvax1.sinaimg.cn/crop.0.0.664.664.1024/44220569ly8govym589sqj20ig0ih0tw.jpg?KID=imgbed,tva&Expires=1646752531&ssig=lDF43Ziw4I", "follow_me": false, "following": false, "mbrank": 6, "mbtype": 12, "planet_video": true, "icon_list": [{"type": "vip", "data": {"mbrank": 6, "mbtype": 12}}, {"type": "icon", "data": {"value": "1", "icon_img": "http://n.sinaimg.cn/www/ea31a93f/20220213/feed_icon_BingDwenDwenShueyRhonRhon@2x.png", "title": "微博实现一墩一融", "url": "https://s.weibo.com/weibo?q=%23为中国冬奥健儿加油%23"}}], "can_edit": false, "textLength": null, "source": "足智多谋双子座", "favorited": false, "cardid": "star_1479", "pic_ids": [], "geo": null, "pic_num": 0, "is_paid": false, "mblog_vip_type": 0, "reposts_count": 0, "comments_count": 0, "attitudes_count": 0, "attitudes_status": 0, "isLongText": false, "mlevel": 0, "content_auth": 0, "is_show_bulletin": 2, "mblogtype": 0, "showFeedRepost": false, "showFeedComment": false, "pictureViewerSign": false, "showPictureViewer": false, "repost_type": 1, "share_repost_type": 0, "text": "转发微博"}, "pid": "4743980304827399"}, {"mid": "4744488403076354", "mblogid": "LiFlucUiC", "uid": 3968685572, "name": "Judy0099", "data": {"visible_type": 0, "visible_list_id": 0, "time": "2022-03-07 20:54:06", "profile_image_url": "https://tvax2.sinaimg.cn/crop.0.0.512.512.50/ec8d5604ly8fv4hw4knryj20e80e8t93.jpg?KID=imgbed,tva&Expires=1646752531&ssig=kIlztFpcw5", "profile_url": "/u/3968685572", "verified": true, "verified_type": 0, "domain": "", "weihao": "", "verified_type_ext": 0, "avatar_large": "https://tvax2.sinaimg.cn/crop.0.0.512.512.180/ec8d5604ly8fv4hw4knryj20e80e8t93.jpg?KID=imgbed,tva&Expires=1646752531&ssig=9We6vYG%2B73", "avatar_hd": "https://tvax2.sinaimg.cn/crop.0.0.512.512.1024/ec8d5604ly8fv4hw4knryj20e80e8t93.jpg?KID=imgbed,tva&Expires=1646752531&ssig=j6hqRSJZS0", "follow_me": false, "following": false, "mbrank": 7, "mbtype": 12, "planet_video": false, "icon_list": [{"type": "vip", "data": {"mbrank": 7, "mbtype": 12}}, {"type": "icon", "data": {"value": "1", "icon_img": "https://h5.sinaimg.cn/upload/100/1650/2021/12/29/pc.png", "title": "为中国冰雪加油", "url": "https://s.weibo.com/weibo?q=%23一起为中国冰雪加油%23"}}, {"type": "icon", "data": {"value": "1", "icon_img": "http://n.sinaimg.cn/www/ea31a93f/20220213/feed_icon_BingDwenDwenShueyRhonRhon@2x.png", "title": "微博实现一墩一融", "url": "https://s.weibo.com/weibo?q=%23为中国冬奥健儿加油%23"}}], "can_edit": false, "textLength": null, "source": "杨洋家的羊毛", "favorited": false, "cardid": "star_1391", "pic_ids": [], "geo": null, "pic_num": 0, "is_paid": false, "mblog_vip_type": 0, "reposts_count": 0, "comments_count": 0, "attitudes_count": 2, "attitudes_status": 0, "isLongText": false, "mlevel": 0, "content_auth": 0, "is_show_bulletin": 2, "mblogtype": 0, "showFeedRepost": false, "showFeedComment": false, "pictureViewerSign": false, "showPictureViewer": false, "repost_type": 3, "share_repost_type": 0, "text": "这个不错"}, "pid": "4743980304827399"}, {"mid": "4744543523832527", "mblogid": "LiGMog50X", "uid": 3211472413, "name": "打工仔老猫子", "data": {"visible_type": 0, "visible_list_id": 0, "time": "2022-03-08 00:33:08", "profile_image_url": "https://tvax1.sinaimg.cn/crop.0.0.996.996.50/003vl0G9ly8guvpj1ib7jj60ro0roabf02.jpg?KID=imgbed,tva&Expires=1646752531&ssig=32XbIke4PN", "profile_url": "/u/3211472413", "verified": false, "verified_type": -1, "domain": "", "weihao": "", "verified_type_ext": null, "avatar_large": "https://tvax1.sinaimg.cn/crop.0.0.996.996.180/003vl0G9ly8guvpj1ib7jj60ro0roabf02.jpg?KID=imgbed,tva&Expires=1646752531&ssig=eRRMax9nw2", "avatar_hd": "https://tvax1.sinaimg.cn/crop.0.0.996.996.1024/003vl0G9ly8guvpj1ib7jj60ro0roabf02.jpg?KID=imgbed,tva&Expires=1646752531&ssig=iYGOraPgjA", "follow_me": false, "following": false, "mbrank": 1, "mbtype": 2, "planet_video": false, "icon_list": [{"type": "icon", "data": {"value": "1", "icon_img": "https://h5.sinaimg.cn/upload/100/1650/2021/12/29/pc.png", "title": "为中国冰雪加油", "url": "https://s.weibo.com/weibo?q=%23一起为中国冰雪加油%23"}}], "can_edit": false, "textLength": null, "source": "华为畅享10 Plus", "favorited": false, "cardid": null, "pic_ids": [], "geo": null, "pic_num": 0, "is_paid": false, "mblog_vip_type": 0, "reposts_count": 0, "comments_count": 0, "attitudes_count": 0, "attitudes_status": 0, "isLongText": false, "mlevel": 0, "content_auth": 0, "is_show_bulletin": 2, "mblogtype": 0, "showFeedRepost": false, "showFeedComment": false, "pictureViewerSign": false, "showPictureViewer": false, "repost_type": 1, "share_repost_type": 0, "text": "[哆啦A梦吃惊]"}, "pid": "4743980304827399"}, {"mid": "4744589929349159", "mblogid": "LiHZeDe8T", "uid": 2655643983, "name": "北七里寨", "data": {"visible_type": 0, "visible_list_id": 0, "time": "2022-03-08 03:37:31", "profile_image_url": "https://tva2.sinaimg.cn/crop.0.0.180.180.50/9e49e94fjw1e8qgp5bmzyj2050050aa8.jpg?KID=imgbed,tva&Expires=1646752531&ssig=5NWc6eD4OZ", "profile_url": "/u/2655643983", "verified": false, "verified_type": -1, "domain": "", "weihao": "", "verified_type_ext": null, "avatar_large": "https://tva2.sinaimg.cn/crop.0.0.180.180.180/9e49e94fjw1e8qgp5bmzyj2050050aa8.jpg?KID=imgbed,tva&Expires=1646752531&ssig=eDad1Mh0%2Fi", "avatar_hd": "https://tva2.sinaimg.cn/crop.0.0.180.180.1024/9e49e94fjw1e8qgp5bmzyj2050050aa8.jpg?KID=imgbed,tva&Expires=1646752531&ssig=FREG1oj9oX", "follow_me": false, "following": false, "mbrank": 0, "mbtype": 0, "planet_video": true, "icon_list": [{"type": "icon", "data": {"value": "1", "icon_img": "http://n.sinaimg.cn/www/ea31a93f/20220121/feed_icon_torch@2x.png", "title": "我是火炬网络护跑手", "url": ""}}], "can_edit": false, "textLength": null, "source": "Redmi 10X 4G版", "favorited": false, "cardid": "star_583", "pic_ids": [], "geo": null, "pic_num": 0, "is_paid": false, "mblog_vip_type": 0, "reposts_count": 0, "comments_count": 0, "attitudes_count": 0, "attitudes_status": 0, "isLongText": false, "mlevel": 0, "content_auth": 0, "is_show_bulletin": 2, "mblogtype": 0, "showFeedRepost": false, "showFeedComment": false, "pictureViewerSign": false, "showPictureViewer": false, "repost_type": 2, "share_repost_type": 0, "text": "快转微博"}, "pid": "4743980304827399"}, {"mid": "4744671533728158", "mblogid": "LiK6RfDRA", "uid": 2439172425, "name": "一男叫龚凡", "data": {"visible_type": 0, "visible_list_id": 0, "time": "2022-03-08 09:01:47", "profile_image_url": "https://tva3.sinaimg.cn/crop.0.0.180.180.50/9162d149jw1e8qgp5bmzyj2050050aa8.jpg?KID=imgbed,tva&Expires=1646752531&ssig=BX%2FoYKHt7A", "profile_url": "/u/2439172425", "verified": false, "verified_type": -1, "domain": "", "weihao": "", "verified_type_ext": null, "avatar_large": "https://tva3.sinaimg.cn/crop.0.0.180.180.180/9162d149jw1e8qgp5bmzyj2050050aa8.jpg?KID=imgbed,tva&Expires=1646752531&ssig=%2BdsyBlG%2BFn", "avatar_hd": "https://tva3.sinaimg.cn/crop.0.0.180.180.1024/9162d149jw1e8qgp5bmzyj2050050aa8.jpg?KID=imgbed,tva&Expires=1646752531&ssig=gHgf14UJUJ", "follow_me": false, "following": false, "mbrank": 0, "mbtype": 0, "planet_video": false, "icon_list": [], "can_edit": false, "textLength": null, "source": "iPhone客户端", "favorited": false, "cardid": null, "pic_ids": [], "geo": null, "pic_num": 0, "is_paid": false, "mblog_vip_type": 0, "reposts_count": 0, "comments_count": 0, "attitudes_count": 0, "attitudes_status": 0, "isLongText": false, "mlevel": 0, "content_auth": 0, "is_show_bulletin": 2, "mblogtype": 0, "showFeedRepost": false, "showFeedComment": false, "pictureViewerSign": false, "showPictureViewer": false, "repost_type": 2, "share_repost_type": 0, "text": "快转微博"}, "pid": "4743980304827399"}, {"mid": "4744678123244927", "mblogid": "LiKhudC9x", "uid": 5093760131, "name": "用户kd44jokepy", "data": {"visible_type": 0, "visible_list_id": 0, "time": "2022-03-08 09:27:59", "profile_image_url": "https://tva4.sinaimg.cn/crop.0.0.540.540.50/005yITHtjw8ejxdh0p6ihj30f00f075q.jpg?KID=imgbed,tva&Expires=1646752531&ssig=28DPNv3hGu", "profile_url": "/u/5093760131", "verified": false, "verified_type": -1, "domain": "", "weihao": "", "verified_type_ext": null, "avatar_large": "https://tva4.sinaimg.cn/crop.0.0.540.540.180/005yITHtjw8ejxdh0p6ihj30f00f075q.jpg?KID=imgbed,tva&Expires=1646752531&ssig=NktRUnaCkO", "avatar_hd": "https://tva4.sinaimg.cn/crop.0.0.540.540.1024/005yITHtjw8ejxdh0p6ihj30f00f075q.jpg?KID=imgbed,tva&Expires=1646752531&ssig=BTM6gnakg2", "follow_me": false, "following": false, "mbrank": 0, "mbtype": 0, "planet_video": false, "icon_list": [{"type": "icon", "data": {"value": "1", "icon_img": "https://h5.sinaimg.cn/upload/100/1650/2021/12/29/pc.png", "title": "为中国冰雪加油", "url": "https://s.weibo.com/weibo?q=%23一起为中国冰雪加油%23"}}, {"type": "icon", "data": {"value": "1", "icon_img": "http://n.sinaimg.cn/www/ea31a93f/20220121/feed_icon_torch@2x.png", "title": "我是火炬网络护跑手", "url": ""}}, {"type": "icon", "data": {"value": "1", "icon_img": "https://h5.sinaimg.cn/upload/103/1651/2021/12/11/feed_icon_21bobao.png", "title": "我的微博播报", "url": "https://huodong.weibo.com/netchina2021/memories"}}], "can_edit": false, "textLength": null, "source": "iPhone客户端", "favorited": false, "cardid": null, "pic_ids": [], "geo": null, "pic_num": 0, "is_paid": false, "mblog_vip_type": 0, "reposts_count": 0, "comments_count": 0, "attitudes_count": 0, "attitudes_status": 0, "isLongText": false, "mlevel": 0, "content_auth": 0, "is_show_bulletin": 2, "mblogtype": 0, "showFeedRepost": false, "showFeedComment": false, "pictureViewerSign": false, "showPictureViewer": false, "repost_type": 2, "share_repost_type": 0, "text": "快转微博"}, "pid": "4743980304827399"}, {"mid": "4744684897306855", "mblogid": "LiKspuEQv", "uid": 2244667592, "name": "我爱我点", "data": {"visible_type": 0, "visible_list_id": 0, "time": "2022-03-08 09:54:54", "profile_image_url": "https://tva1.sinaimg.cn/crop.0.0.180.180.50/85cae8c8jw1e8qgp5bmzyj2050050aa8.jpg?KID=imgbed,tva&Expires=1646752531&ssig=CU%2FVTd3bqB", "profile_url": "/u/2244667592", "verified": false, "verified_type": 220, "domain": "ddian11", "weihao": "311575000", "verified_type_ext": null, "avatar_large": "https://tva1.sinaimg.cn/crop.0.0.180.180.180/85cae8c8jw1e8qgp5bmzyj2050050aa8.jpg?KID=imgbed,tva&Expires=1646752531&ssig=0f3uAjyekW", "avatar_hd": "https://tva1.sinaimg.cn/crop.0.0.180.180.1024/85cae8c8jw1e8qgp5bmzyj2050050aa8.jpg?KID=imgbed,tva&Expires=1646752531&ssig=fwDdKA2E5y", "follow_me": false, "following": false, "mbrank": 0, "mbtype": 0, "planet_video": true, "icon_list": [{"type": "icon", "data": {"value": "1", "icon_img": "http://n.sinaimg.cn/www/ea31a93f/20220121/feed_icon_torch@2x.png", "title": "我是火炬网络护跑手", "url": ""}}], "can_edit": false, "textLength": null, "source": "iPhone客户端", "favorited": false, "cardid": "star_11247_common", "pic_ids": [], "geo": null, "pic_num": 0, "is_paid": false, "mblog_vip_type": 0, "reposts_count": 0, "comments_count": 0, "attitudes_count": 0, "attitudes_status": 0, "isLongText": false, "mlevel": 0, "content_auth": 0, "is_show_bulletin": 2, "mblogtype": 0, "showFeedRepost": false, "showFeedComment": false, "pictureViewerSign": false, "showPictureViewer": false, "repost_type": 2, "share_repost_type": 0, "text": "快转微博"}, "pid": "4743980304827399"}, {"mid": "4744710789270860", "mblogid": "LiL8aCTM0", "uid": 5664681700, "name": "被风带过_HG", "data": {"visible_type": 0, "visible_list_id": 0, "time": "2022-03-08 11:37:47", "profile_image_url": "https://tvax1.sinaimg.cn/crop.0.0.1080.1080.50/006bmqtSly8gzpqjacge8j30u00u1tb9.jpg?KID=imgbed,tva&Expires=1646752531&ssig=m4kJ1QFOqZ", "profile_url": "/u/5664681700", "verified": false, "verified_type": -1, "domain": "", "weihao": "", "verified_type_ext": null, "avatar_large": "https://tvax1.sinaimg.cn/crop.0.0.1080.1080.180/006bmqtSly8gzpqjacge8j30u00u1tb9.jpg?KID=imgbed,tva&Expires=1646752531&ssig=tDC%2ByPlkXj", "avatar_hd": "https://tvax1.sinaimg.cn/crop.0.0.1080.1080.1024/006bmqtSly8gzpqjacge8j30u00u1tb9.jpg?KID=imgbed,tva&Expires=1646752531&ssig=DGua%2B4XbjQ", "follow_me": false, "following": false, "mbrank": 7, "mbtype": 12, "planet_video": true, "icon_list": [{"type": "vip", "data": {"mbrank": 7, "mbtype": 12}}, {"type": "icon", "data": {"value": "1", "icon_img": "http://n.sinaimg.cn/www/ea31a93f/20220121/feed_icon_torch@2x.png", "title": "我是火炬网络护跑手", "url": ""}}], "can_edit": false, "textLength": null, "source": "HUAWEI P20 Pro", "favorited": false, "cardid": "star_1317", "pic_ids": [], "geo": null, "pic_num": 0, "is_paid": false, "mblog_vip_type": 0, "reposts_count": 0, "comments_count": 0, "attitudes_count": 0, "attitudes_status": 0, "isLongText": false, "mlevel": 0, "content_auth": 0, "is_show_bulletin": 2, "mblogtype": 0, "showFeedRepost": false, "showFeedComment": false, "pictureViewerSign": false, "showPictureViewer": false, "repost_type": 1, "share_repost_type": 0, "text": "转发微博"}, "pid": "4743980304827399"}, {"mid": "4744820603748857", "mblogid": "LiNZifJfr", "uid": 7581548226, "name": "小白是只黑猫95523", "data": {"visible_type": 0, "visible_list_id": 0, "time": "2022-03-08 18:54:08", "profile_image_url": "https://tvax3.sinaimg.cn/crop.0.0.1002.1002.50/008h5p1Uly8gpu4blb4fjj30ru0ruq4u.jpg?KID=imgbed,tva&Expires=1646752531&ssig=WlWkGzTQeK", "profile_url": "/u/7581548226", "verified": true, "verified_type": 0, "domain": "", "weihao": "", "verified_type_ext": 0, "avatar_large": "https://tvax3.sinaimg.cn/crop.0.0.1002.1002.180/008h5p1Uly8gpu4blb4fjj30ru0ruq4u.jpg?KID=imgbed,tva&Expires=1646752531&ssig=A%2FCGfRjKJb", "avatar_hd": "https://tvax3.sinaimg.cn/crop.0.0.1002.1002.1024/008h5p1Uly8gpu4blb4fjj30ru0ruq4u.jpg?KID=imgbed,tva&Expires=1646752531&ssig=mLPbtQA%2FEK", "follow_me": false, "following": false, "mbrank": 3, "mbtype": 12, "planet_video": false, "icon_list": [{"type": "vip", "data": {"mbrank": 3, "mbtype": 12}}, {"type": "icon", "data": {"value": "1", "icon_img": "http://n.sinaimg.cn/www/ea31a93f/20220213/feed_icon_BingDwenDwenShueyRhonRhon@2x.png", "title": "微博实现一墩一融", "url": "https://s.weibo.com/weibo?q=%23为中国冬奥健儿加油%23"}}], "can_edit": false, "textLength": null, "source": "小米9", "favorited": false, "cardid": "star_1240", "pic_ids": [], "geo": null, "pic_num": 0, "is_paid": false, "mblog_vip_type": 0, "reposts_count": 0, "comments_count": 0, "attitudes_count": 0, "attitudes_status": 0, "isLongText": false, "mlevel": 0, "content_auth": 0, "is_show_bulletin": 2, "mblogtype": 0, "showFeedRepost": false, "showFeedComment": false, "pictureViewerSign": false, "showPictureViewer": false, "repost_type": 1, "share_repost_type": 0, "text": "这可是国家层面的宣传啊[可爱][可爱]"}, "pid": "4743980304827399"}, {"mid": "4744835614902948", "mblogid": "LiOnvkztO", "uid": 2146514155, "name": "大伟剧照", "data": {"visible_type": 0, "visible_list_id": 0, "time": "2022-03-08 19:53:48", "profile_image_url": "https://tvax3.sinaimg.cn/crop.0.0.996.996.50/7ff134ebly8g4bjqchz1gj20ro0rowg6.jpg?KID=imgbed,tva&Expires=1646752531&ssig=8e%2FLhrLtaY", "profile_url": "/u/2146514155", "verified": false, "verified_type": -1, "domain": "", "weihao": "", "verified_type_ext": null, "avatar_large": "https://tvax3.sinaimg.cn/crop.0.0.996.996.180/7ff134ebly8g4bjqchz1gj20ro0rowg6.jpg?KID=imgbed,tva&Expires=1646752531&ssig=PyywQN6nTz", "avatar_hd": "https://tvax3.sinaimg.cn/crop.0.0.996.996.1024/7ff134ebly8g4bjqchz1gj20ro0rowg6.jpg?KID=imgbed,tva&Expires=1646752531&ssig=fcJjoPgMM1", "follow_me": false, "following": false, "mbrank": 1, "mbtype": 2, "planet_video": false, "icon_list": [{"type": "icon", "data": {"value": "1", "icon_img": "http://n.sinaimg.cn/www/ea31a93f/20220121/feed_icon_torch@2x.png", "title": "我是火炬网络护跑手", "url": ""}}], "can_edit": false, "textLength": null, "source": "HUAWEI P40 Pro 5G", "favorited": false, "cardid": null, "pic_ids": [], "geo": null, "pic_num": 0, "is_paid": false, "mblog_vip_type": 0, "reposts_count": 0, "comments_count": 0, "attitudes_count": 0, "attitudes_status": 0, "isLongText": false, "mlevel": 0, "content_auth": 0, "is_show_bulletin": 2, "mblogtype": 0, "showFeedRepost": false, "showFeedComment": false, "pictureViewerSign": false, "showPictureViewer": false, "repost_type": 3, "share_repost_type": 0, "text": "转发微博"}, "pid": "4743980304827399"}]}