[{"mid": "4749119694834386", "mblogid": "LkBPjkhDY", "uid": 2114103762, "name": "篮球经典", "data": {"visible_type": 0, "visible_list_id": 0, "time": "2022-03-20 15:37:12", "profile_image_url": "https://tvax2.sinaimg.cn/crop.0.0.500.500.50/7e02a9d2ly8gonqdjt8b5j20dw0dwju5.jpg?KID=imgbed,tva&Expires=1647970628&ssig=qvxLxv8ML9", "profile_url": "/u/2114103762", "verified": true, "verified_type": 0, "domain": "", "weihao": "648014012", "verified_type_ext": 1, "avatar_large": "https://tvax2.sinaimg.cn/crop.0.0.500.500.180/7e02a9d2ly8gonqdjt8b5j20dw0dwju5.jpg?KID=imgbed,tva&Expires=1647970628&ssig=lPhBsIcc5t", "avatar_hd": "https://tvax2.sinaimg.cn/crop.0.0.500.500.1024/7e02a9d2ly8gonqdjt8b5j20dw0dwju5.jpg?KID=imgbed,tva&Expires=1647970628&ssig=EOntNE%2FR4O", "follow_me": false, "following": false, "mbrank": 7, "mbtype": 12, "planet_video": false, "icon_list": [{"type": "vip", "data": {"mbrank": 7, "mbtype": 12}}], "can_edit": false, "textLength": 369, "source": "微博视频号", "favorited": false, "cardid": null, "pic_ids": [], "geo": null, "pic_num": 0, "is_paid": false, "mblog_vip_type": 0, "comments_count": 15, "attitudes_count": 179, "attitudes_status": 0, "isLongText": true, "mlevel": 0, "content_auth": 0, "is_show_bulletin": 2, "mblogtype": 0, "showFeedRepost": false, "showFeedComment": false, "pictureViewerSign": false, "showPictureViewer": false, "repost_type": null, "share_repost_type": 0, "text": "湖人今天末节小阵容被波尔金吉斯打爆，赛后沃格尔被问到是否有想过用霍华德的话题！\n沃格尔说道：“霍华德今天没有打，是因为我们想用换防策略，波津拥有出色的投篮能力，换防能增加他的出手难度，末节波津利用错位惩罚了我们的换防策略，当我们改变换防策略时，他马上就能利用挡拆投进三分，这就是他 ​​​"}}, {"mid": "4749137050600220", "mblogid": "LkChj2w8Y", "uid": 1736329970, "name": "新浪NBA", "data": {"visible_type": 0, "visible_list_id": 0, "time": "2022-03-20 16:46:09", "profile_image_url": "https://tvax4.sinaimg.cn/crop.0.0.1080.1080.50/677e4af2ly8gdilnmrgf0j20u00u0jsv.jpg?KID=imgbed,tva&Expires=1647970650&ssig=HmHE4gi%2FZc", "profile_url": "/u/1736329970", "verified": true, "verified_type": 7, "domain": "nbachannel", "weihao": "", "verified_type_ext": 0, "avatar_large": "https://tvax4.sinaimg.cn/crop.0.0.1080.1080.180/677e4af2ly8gdilnmrgf0j20u00u0jsv.jpg?KID=imgbed,tva&Expires=1647970650&ssig=c5rwjG%2BASx", "avatar_hd": "https://tvax4.sinaimg.cn/crop.0.0.1080.1080.1024/677e4af2ly8gdilnmrgf0j20u00u0jsv.jpg?KID=imgbed,tva&Expires=1647970650&ssig=vDBfic%2FebC", "follow_me": false, "following": false, "mbrank": 7, "mbtype": 12, "planet_video": false, "icon_list": [{"type": "vip", "data": {"mbrank": 7, "mbtype": 12}}], "can_edit": false, "textLength": null, "source": "微博 weibo.com", "favorited": false, "cardid": null, "pic_ids": [], "geo": null, "pic_num": 0, "is_paid": false, "mblog_vip_type": 0, "comments_count": 9, "attitudes_count": 20, "attitudes_status": 0, "isLongText": false, "mlevel": 0, "content_auth": 0, "is_show_bulletin": 2, "mblogtype": 0, "showFeedRepost": false, "showFeedComment": false, "pictureViewerSign": false, "showPictureViewer": false, "repost_type": 1, "share_repost_type": 0, "text": "#詹姆斯总得分历史第二# [并不简单]波尔津吉斯轰下27分"}, "pid": "4749119694834386"}, {"mid": "4749137277096375", "mblogid": "LkChFtM5F", "uid": 2839107347, "name": "微博篮球", "data": {"visible_type": 0, "visible_list_id": 0, "time": "2022-03-20 16:47:04", "profile_image_url": "https://tvax1.sinaimg.cn/crop.0.0.664.664.50/00368BvZly8gln29dkixsj60ig0igaah02.jpg?KID=imgbed,tva&Expires=1647970650&ssig=yn7IR3rTCM", "profile_url": "/u/2839107347", "verified": true, "verified_type": 7, "domain": "", "weihao": "", "verified_type_ext": 0, "avatar_large": "https://tvax1.sinaimg.cn/crop.0.0.664.664.180/00368BvZly8gln29dkixsj60ig0igaah02.jpg?KID=imgbed,tva&Expires=1647970650&ssig=Z31F2m599v", "avatar_hd": "https://tvax1.sinaimg.cn/crop.0.0.664.664.1024/00368BvZly8gln29dkixsj60ig0igaah02.jpg?KID=imgbed,tva&Expires=1647970650&ssig=AYaHFVIPhu", "follow_me": false, "following": false, "mbrank": 7, "mbtype": 12, "planet_video": false, "icon_list": [{"type": "vip", "data": {"mbrank": 7, "mbtype": 12}}], "can_edit": false, "textLength": null, "source": "微博 weibo.com", "favorited": false, "cardid": null, "pic_ids": [], "geo": null, "pic_num": 0, "is_paid": false, "mblog_vip_type": 0, "comments_count": 0, "attitudes_count": 0, "attitudes_status": 0, "isLongText": false, "mlevel": 0, "content_auth": 0, "is_show_bulletin": 2, "mblogtype": 0, "showFeedRepost": false, "showFeedComment": false, "pictureViewerSign": false, "showPictureViewer": false, "repost_type": 1, "share_repost_type": 0, "text": "#奇才逆转湖人# #詹姆斯38分# 沃格尔解释为何不用霍华德~"}, "pid": "4749119694834386"}, {"mid": "4749137281549640", "mblogid": "LkChG6v8c", "uid": 3052547574, "name": "爱家庭教师爱篮球爱科比", "data": {"visible_type": 0, "visible_list_id": 0, "time": "2022-03-20 16:47:05", "profile_image_url": "https://tva2.sinaimg.cn/crop.54.0.198.198.50/b5f22df6jw8f6jacbgldwj208u064wev.jpg?KID=imgbed,tva&Expires=1647970740&ssig=jq%2Bmae5pQB", "profile_url": "/u/3052547574", "verified": false, "verified_type": -1, "domain": "shengyao520", "weihao": "", "verified_type_ext": null, "avatar_large": "https://tva2.sinaimg.cn/crop.54.0.198.198.180/b5f22df6jw8f6jacbgldwj208u064wev.jpg?KID=imgbed,tva&Expires=1647970740&ssig=Xyw4AwlylF", "avatar_hd": "https://tva2.sinaimg.cn/crop.54.0.198.198.1024/b5f22df6jw8f6jacbgldwj208u064wev.jpg?KID=imgbed,tva&Expires=1647970740&ssig=K8tk3Ubxgk", "follow_me": false, "following": false, "mbrank": 0, "mbtype": 0, "planet_video": true, "icon_list": [], "can_edit": false, "textLength": null, "source": "新版微博 weibo.com", "favorited": false, "cardid": null, "pic_ids": [], "geo": null, "pic_num": 0, "is_paid": false, "mblog_vip_type": 0, "comments_count": 0, "attitudes_count": 0, "attitudes_status": 0, "isLongText": false, "mlevel": 0, "content_auth": 0, "is_show_bulletin": 2, "mblogtype": 0, "showFeedRepost": false, "showFeedComment": false, "pictureViewerSign": false, "showPictureViewer": false, "repost_type": 2, "share_repost_type": 0, "text": "//@新浪NBA:#詹姆斯总得分历史第二# [并不简单]波尔津吉斯轰下27分"}, "pid": "4749137050600220"}]