[{"mid": "4749418597978156", "mblogid": "LkJBpxttW", "uid": 6237887860, "name": "源源有佳", "data": {"visible_type": 0, "visible_list_id": 0, "time": "2022-03-21 11:24:56", "profile_image_url": "https://tvax2.sinaimg.cn/crop.0.0.1080.1080.50/006O9xAwly8gw2g61m3kfj30u00u0gp8.jpg?KID=imgbed,tva&Expires=1647970466&ssig=8VYi6JS567", "profile_url": "/u/6237887860", "verified": true, "verified_type": 0, "domain": "", "weihao": "", "verified_type_ext": 0, "avatar_large": "https://tvax2.sinaimg.cn/crop.0.0.1080.1080.180/006O9xAwly8gw2g61m3kfj30u00u0gp8.jpg?KID=imgbed,tva&Expires=1647970466&ssig=JfmuV4p19X", "avatar_hd": "https://tvax2.sinaimg.cn/crop.0.0.1080.1080.1024/006O9xAwly8gw2g61m3kfj30u00u0gp8.jpg?KID=imgbed,tva&Expires=1647970466&ssig=DMwg1OUD8n", "follow_me": false, "following": false, "mbrank": 2, "mbtype": 11, "planet_video": false, "icon_list": [{"type": "vip", "data": {"mbrank": 2, "mbtype": 11}}], "can_edit": false, "textLength": 93, "source": "微博视频号", "favorited": false, "cardid": null, "pic_ids": [], "geo": null, "pic_num": 0, "is_paid": false, "mblog_vip_type": 0, "comments_count": 19, "attitudes_count": 452, "attitudes_status": 0, "isLongText": false, "mlevel": 0, "content_auth": 0, "is_show_bulletin": 2, "mblogtype": 0, "showFeedRepost": false, "showFeedComment": false, "pictureViewerSign": false, "showPictureViewer": false, "repost_type": null, "share_repost_type": 0, "text": "爱情不能强求 \"杨紫 \"肖战\n\n#春日欢乐创作营##如何评价余生请多指教的情感戏# http://t.cn/A666xz9T ​​​"}}, {"mid": "4749890699919682", "mblogid": "LkVSRFCyS", "uid": 3703681124, "name": "喜欢爱吃包包的包包", "data": {"visible_type": 0, "visible_list_id": 0, "time": "2022-03-22 18:40:53", "profile_image_url": "https://tvax3.sinaimg.cn/crop.0.0.664.664.50/dcc1b064ly8goci1khgtdj20ig0igq3o.jpg?KID=imgbed,tva&Expires=1647970476&ssig=mLdNqlmS80", "profile_url": "/u/3703681124", "verified": false, "verified_type": -1, "domain": "", "weihao": "", "verified_type_ext": null, "avatar_large": "https://tvax3.sinaimg.cn/crop.0.0.664.664.180/dcc1b064ly8goci1khgtdj20ig0igq3o.jpg?KID=imgbed,tva&Expires=1647970476&ssig=5QwIgABJ6i", "avatar_hd": "https://tvax3.sinaimg.cn/crop.0.0.664.664.1024/dcc1b064ly8goci1khgtdj20ig0igq3o.jpg?KID=imgbed,tva&Expires=1647970476&ssig=ds8DgQp1rp", "follow_me": false, "following": false, "mbrank": 0, "mbtype": 0, "planet_video": false, "icon_list": [], "can_edit": false, "textLength": null, "source": "HUAWEI nova 2s", "favorited": false, "cardid": null, "pic_ids": [], "geo": null, "pic_num": 0, "is_paid": false, "mblog_vip_type": 0, "comments_count": 0, "attitudes_count": 0, "attitudes_status": 0, "isLongText": false, "mlevel": 0, "content_auth": 0, "is_show_bulletin": 2, "mblogtype": 0, "showFeedRepost": false, "showFeedComment": false, "pictureViewerSign": false, "showPictureViewer": false, "repost_type": 2, "share_repost_type": 0, "text": "快转微博"}, "pid": "4749418597978156"}, {"mid": "4749891354497143", "mblogid": "LkVTViRUz", "uid": 5976253653, "name": "雪舞0129", "data": {"visible_type": 0, "visible_list_id": 0, "time": "2022-03-22 18:43:30", "profile_image_url": "https://tvax2.sinaimg.cn/crop.0.0.996.996.50/006wrKzXly8fnq5cr1a4wj30ro0rowfz.jpg?KID=imgbed,tva&Expires=1647970476&ssig=xAjM0wKrWo", "profile_url": "/u/5976253653", "verified": false, "verified_type": -1, "domain": "", "weihao": "", "verified_type_ext": null, "avatar_large": "https://tvax2.sinaimg.cn/crop.0.0.996.996.180/006wrKzXly8fnq5cr1a4wj30ro0rowfz.jpg?KID=imgbed,tva&Expires=1647970476&ssig=QqDHig2Z9F", "avatar_hd": "https://tvax2.sinaimg.cn/crop.0.0.996.996.1024/006wrKzXly8fnq5cr1a4wj30ro0rowfz.jpg?KID=imgbed,tva&Expires=1647970476&ssig=9wuVVOvxol", "follow_me": false, "following": false, "mbrank": 7, "mbtype": 12, "planet_video": true, "icon_list": [{"type": "vip", "data": {"mbrank": 7, "mbtype": 12}}], "can_edit": false, "textLength": null, "source": "nova 9 精彩由我摄定", "favorited": false, "cardid": "star_1522", "pic_ids": [], "geo": null, "pic_num": 0, "is_paid": false, "mblog_vip_type": 0, "comments_count": 0, "attitudes_count": 0, "attitudes_status": 0, "isLongText": false, "mlevel": 0, "content_auth": 0, "is_show_bulletin": 2, "mblogtype": 0, "showFeedRepost": false, "showFeedComment": false, "pictureViewerSign": false, "showPictureViewer": false, "repost_type": 2, "share_repost_type": 0, "text": "快转微博"}, "pid": "4749418597978156"}]