[{"mid": "4749504950049992", "mblogid": "LkLQH0d0k", "uid": 6882908789, "name": "IT数码侠", "data": {"visible_type": 0, "visible_list_id": 0, "time": "2022-03-21 17:08:04", "profile_image_url": "https://tvax1.sinaimg.cn/crop.173.132.418.418.50/007vNYZTly8gci214kqzmj30ky0j5gn3.jpg?KID=imgbed,tva&Expires=1648029772&ssig=juos7NyoW9", "profile_url": "/u/6882908789", "verified": true, "verified_type": 0, "domain": "", "weihao": "", "verified_type_ext": 1, "avatar_large": "https://tvax1.sinaimg.cn/crop.173.132.418.418.180/007vNYZTly8gci214kqzmj30ky0j5gn3.jpg?KID=imgbed,tva&Expires=1648029772&ssig=T6%2BQtuxaGv", "avatar_hd": "https://tvax1.sinaimg.cn/crop.173.132.418.418.1024/007vNYZTly8gci214kqzmj30ky0j5gn3.jpg?KID=imgbed,tva&Expires=1648029772&ssig=wHXPs2O%2BAb", "follow_me": false, "following": false, "mbrank": 6, "mbtype": 12, "planet_video": false, "icon_list": [{"type": "vip", "data": {"mbrank": 6, "mbtype": 12}}], "can_edit": false, "textLength": 287, "source": "微博 weibo.com", "favorited": false, "cardid": null, "pic_ids": ["007vNYZTly1h0hm7qan65j30hs0wb75j"], "geo": null, "pic_num": 1, "is_paid": false, "mblog_vip_type": 0, "comments_count": 159, "attitudes_count": 1052, "attitudes_status": 0, "isLongText": true, "mlevel": 0, "content_auth": 0, "is_show_bulletin": 2, "mblogtype": 0, "showFeedRepost": false, "showFeedComment": false, "pictureViewerSign": false, "showPictureViewer": false, "repost_type": null, "share_repost_type": 0, "text": "#钉钉将推出下班勿扰功能#这个功能，老板看了会欲哭无泪，员工看了会心力交瘁。\n\n功能设计的确实挺好的，「下班勿扰功能」一键开启，将不再收到私聊、群聊以及@ 自己的消息。哪个打工人看了不得连连称赞？\n\n但关键是，哪个职场社畜敢打开下班勿扰功能？老板在群里@你，你不予回复，第二天上班可能就饭 ​​​"}}]