[{"mid": "4749638236898214", "mblogid": "LkPjFsWxw", "uid": 7016206379, "name": "阿猫电影", "data": {"visible_type": 0, "visible_list_id": 0, "time": "2022-03-22 01:57:42", "profile_image_url": "https://tvax4.sinaimg.cn/crop.0.0.1080.1080.50/007EPhN1ly8gfqqevgo3lj30u00u0419.jpg?KID=imgbed,tva&Expires=1647970300&ssig=qZTHyuVHAD", "profile_url": "/u/7016206379", "verified": true, "verified_type": 0, "domain": "", "weihao": "", "verified_type_ext": 1, "avatar_large": "https://tvax4.sinaimg.cn/crop.0.0.1080.1080.180/007EPhN1ly8gfqqevgo3lj30u00u0419.jpg?KID=imgbed,tva&Expires=1647970300&ssig=E38hoSqaQN", "avatar_hd": "https://tvax4.sinaimg.cn/crop.0.0.1080.1080.1024/007EPhN1ly8gfqqevgo3lj30u00u0419.jpg?KID=imgbed,tva&Expires=1647970300&ssig=7Am%2FJe3Nwq", "follow_me": false, "following": false, "mbrank": 6, "mbtype": 12, "planet_video": false, "icon_list": [{"type": "vip", "data": {"mbrank": 6, "mbtype": 12}}], "can_edit": false, "textLength": 111, "source": "iPhone 13 Pro Max", "favorited": false, "cardid": "star_1231", "pic_ids": [], "geo": null, "pic_num": 0, "is_paid": false, "mblog_vip_type": 0, "comments_count": 18, "attitudes_count": 443, "attitudes_status": 0, "isLongText": false, "mlevel": 0, "content_auth": 0, "is_show_bulletin": 2, "mblogtype": 0, "showFeedRepost": false, "showFeedComment": false, "pictureViewerSign": false, "showPictureViewer": false, "repost_type": null, "share_repost_type": 0, "text": "戴上眼镜是小奶狗，眼睛一摘秒变大狼狗，天知道摘眼镜那里我看了多少遍！#社内相亲##剧集二创榜# http://t.cn/A66XvGQ1 ​​​"}}, {"mid": "4749661930520650", "mblogid": "LkPVT2brA", "uid": 2129389140, "name": "晓晓晓云呀", "data": {"visible_type": 0, "visible_list_id": 0, "time": "2022-03-22 03:31:51", "profile_image_url": "https://tvax1.sinaimg.cn/crop.0.0.996.996.50/7eebe654ly8gpgmctbu09j20ro0rognq.jpg?KID=imgbed,tva&Expires=1647970300&ssig=BUT1aIKwJw", "profile_url": "/u/2129389140", "verified": false, "verified_type": 220, "domain": "", "weihao": "", "verified_type_ext": null, "avatar_large": "https://tvax1.sinaimg.cn/crop.0.0.996.996.180/7eebe654ly8gpgmctbu09j20ro0rognq.jpg?KID=imgbed,tva&Expires=1647970300&ssig=EEt1V9WObN", "avatar_hd": "https://tvax1.sinaimg.cn/crop.0.0.996.996.1024/7eebe654ly8gpgmctbu09j20ro0rognq.jpg?KID=imgbed,tva&Expires=1647970300&ssig=Awk%2Bp47jbU", "follow_me": false, "following": false, "mbrank": 0, "mbtype": 0, "planet_video": true, "icon_list": [], "can_edit": false, "textLength": null, "source": "nova6 5G自拍大不一样", "favorited": false, "cardid": null, "pic_ids": [], "geo": null, "pic_num": 0, "is_paid": false, "mblog_vip_type": 0, "comments_count": 0, "attitudes_count": 0, "attitudes_status": 0, "isLongText": false, "mlevel": 0, "content_auth": 0, "is_show_bulletin": 2, "mblogtype": 0, "showFeedRepost": false, "showFeedComment": false, "pictureViewerSign": false, "showPictureViewer": false, "repost_type": 2, "share_repost_type": 0, "text": "快转微博"}, "pid": "4749638236898214"}, {"mid": "4749695420989601", "mblogid": "LkQNU49rj", "uid": 6615783892, "name": "00牛油果味软起司00", "data": {"visible_type": 0, "visible_list_id": 0, "time": "2022-03-22 05:44:55", "profile_image_url": "https://tvax2.sinaimg.cn/crop.0.0.1080.1080.50/007dJ9BOly8gl1sjdo65nj30u00u076d.jpg?KID=imgbed,tva&Expires=1647970300&ssig=AwAefsESED", "profile_url": "/u/6615783892", "verified": false, "verified_type": -1, "domain": "", "weihao": "", "verified_type_ext": null, "avatar_large": "https://tvax2.sinaimg.cn/crop.0.0.1080.1080.180/007dJ9BOly8gl1sjdo65nj30u00u076d.jpg?KID=imgbed,tva&Expires=1647970300&ssig=JfcAxbTT6Q", "avatar_hd": "https://tvax2.sinaimg.cn/crop.0.0.1080.1080.1024/007dJ9BOly8gl1sjdo65nj30u00u076d.jpg?KID=imgbed,tva&Expires=1647970300&ssig=WjXMMiCgYR", "follow_me": false, "following": false, "mbrank": 0, "mbtype": 0, "planet_video": false, "icon_list": [], "can_edit": false, "textLength": null, "source": "iPhone", "favorited": false, "cardid": null, "pic_ids": [], "geo": null, "pic_num": 0, "is_paid": false, "mblog_vip_type": 0, "comments_count": 0, "attitudes_count": 0, "attitudes_status": 0, "isLongText": false, "mlevel": 0, "content_auth": 0, "is_show_bulletin": 2, "mblogtype": 0, "showFeedRepost": false, "showFeedComment": false, "pictureViewerSign": false, "showPictureViewer": false, "repost_type": 2, "share_repost_type": 0, "text": "快转微博"}, "pid": "4749638236898214"}, {"mid": "4749733433708244", "mblogid": "LkRNdfyGo", "uid": 5900821722, "name": "沙雕产品经理", "data": {"visible_type": 0, "visible_list_id": 0, "time": "2022-03-22 08:15:59", "profile_image_url": "https://tvax4.sinaimg.cn/crop.0.0.996.996.50/006rlfhUly8g5qu3jrkqsj30ro0ro77s.jpg?KID=imgbed,tva&Expires=1647970300&ssig=to4MWxiusx", "profile_url": "/u/5900821722", "verified": false, "verified_type": -1, "domain": "", "weihao": "", "verified_type_ext": null, "avatar_large": "https://tvax4.sinaimg.cn/crop.0.0.996.996.180/006rlfhUly8g5qu3jrkqsj30ro0ro77s.jpg?KID=imgbed,tva&Expires=1647970300&ssig=xl7Gv5ZUSj", "avatar_hd": "https://tvax4.sinaimg.cn/crop.0.0.996.996.1024/006rlfhUly8g5qu3jrkqsj30ro0ro77s.jpg?KID=imgbed,tva&Expires=1647970300&ssig=17AAa%2Fw%2F%2B8", "follow_me": false, "following": false, "mbrank": 0, "mbtype": 0, "planet_video": true, "icon_list": [{"type": "icon", "data": {"value": "1", "icon_img": "https://h5.sinaimg.cn/upload/106/1683/2022/03/18/feed_icon_chuntian_default.png", "title": "你好春天", "url": "https://s.weibo.com/weibo/%23%E4%BD%A0%E5%A5%BD%E6%98%A5%E5%A4%A9%23"}}], "can_edit": false, "textLength": null, "source": "荣耀50 Pro 5G", "favorited": false, "cardid": null, "pic_ids": [], "geo": null, "pic_num": 0, "is_paid": false, "mblog_vip_type": 0, "comments_count": 0, "attitudes_count": 0, "attitudes_status": 0, "isLongText": false, "mlevel": 0, "content_auth": 0, "is_show_bulletin": 2, "mblogtype": 0, "showFeedRepost": false, "showFeedComment": false, "pictureViewerSign": false, "showPictureViewer": false, "repost_type": 2, "share_repost_type": 0, "text": "快转微博"}, "pid": "4749638236898214"}, {"mid": "4749755924875222", "mblogid": "LkSnuksgC", "uid": 3610918662, "name": "吃面多放葱", "data": {"visible_type": 0, "visible_list_id": 0, "time": "2022-03-22 09:45:21", "profile_image_url": "https://tvax3.sinaimg.cn/crop.0.0.996.996.50/d73a3f06ly8grmsqdoym4j20ro0ro42u.jpg?KID=imgbed,tva&Expires=1647970300&ssig=YyE2YZuRUW", "profile_url": "/u/3610918662", "verified": false, "verified_type": -1, "domain": "", "weihao": "", "verified_type_ext": null, "avatar_large": "https://tvax3.sinaimg.cn/crop.0.0.996.996.180/d73a3f06ly8grmsqdoym4j20ro0ro42u.jpg?KID=imgbed,tva&Expires=1647970300&ssig=tA8oFPlfrh", "avatar_hd": "https://tvax3.sinaimg.cn/crop.0.0.996.996.1024/d73a3f06ly8grmsqdoym4j20ro0ro42u.jpg?KID=imgbed,tva&Expires=1647970300&ssig=tGzlJ88F%2BG", "follow_me": false, "following": false, "mbrank": 0, "mbtype": 0, "planet_video": false, "icon_list": [], "can_edit": false, "textLength": null, "source": "nova7Pro你在焦点在", "favorited": false, "cardid": null, "pic_ids": [], "geo": null, "pic_num": 0, "is_paid": false, "mblog_vip_type": 0, "comments_count": 0, "attitudes_count": 0, "attitudes_status": 0, "isLongText": false, "mlevel": 0, "content_auth": 0, "is_show_bulletin": 2, "mblogtype": 0, "showFeedRepost": false, "showFeedComment": false, "pictureViewerSign": false, "showPictureViewer": false, "repost_type": 1, "share_repost_type": 0, "text": "转发微博"}, "pid": "4749638236898214"}, {"mid": "4749764346252439", "mblogid": "LkSB4qexN", "uid": 6122356749, "name": "么么鲸鱼", "data": {"visible_type": 0, "visible_list_id": 0, "time": "2022-03-22 10:18:49", "profile_image_url": "https://tvax1.sinaimg.cn/crop.0.0.1006.1006.50/006GkMFvly8gtff4v62i3j30ry0ry77b.jpg?KID=imgbed,tva&Expires=1647970300&ssig=bPnfjqmV4p", "profile_url": "/u/6122356749", "verified": false, "verified_type": -1, "domain": "", "weihao": "", "verified_type_ext": null, "avatar_large": "https://tvax1.sinaimg.cn/crop.0.0.1006.1006.180/006GkMFvly8gtff4v62i3j30ry0ry77b.jpg?KID=imgbed,tva&Expires=1647970300&ssig=3VtWB4jlep", "avatar_hd": "https://tvax1.sinaimg.cn/crop.0.0.1006.1006.1024/006GkMFvly8gtff4v62i3j30ry0ry77b.jpg?KID=imgbed,tva&Expires=1647970300&ssig=07mqrkFxO%2B", "follow_me": false, "following": false, "mbrank": 1, "mbtype": 2, "planet_video": false, "icon_list": [], "can_edit": false, "textLength": null, "source": "Android", "favorited": false, "cardid": null, "pic_ids": [], "geo": null, "pic_num": 0, "is_paid": false, "mblog_vip_type": 0, "comments_count": 0, "attitudes_count": 0, "attitudes_status": 0, "isLongText": false, "mlevel": 0, "content_auth": 0, "is_show_bulletin": 2, "mblogtype": 0, "showFeedRepost": false, "showFeedComment": false, "pictureViewerSign": false, "showPictureViewer": false, "repost_type": 1, "share_repost_type": 0, "text": "反正都很帅"}, "pid": "4749638236898214"}, {"mid": "4749780654228006", "mblogid": "LkT1nhJTE", "uid": 2327808932, "name": "蝴蝶椰椰", "data": {"visible_type": 0, "visible_list_id": 0, "time": "2022-03-22 11:23:36", "profile_image_url": "https://tvax2.sinaimg.cn/crop.0.0.583.583.50/8abf8ba4ly8gymv6sderaj20g70g7wew.jpg?KID=imgbed,tva&Expires=1647970300&ssig=wSBU6BranS", "profile_url": "/u/2327808932", "verified": false, "verified_type": -1, "domain": "", "weihao": "", "verified_type_ext": null, "avatar_large": "https://tvax2.sinaimg.cn/crop.0.0.583.583.180/8abf8ba4ly8gymv6sderaj20g70g7wew.jpg?KID=imgbed,tva&Expires=1647970300&ssig=ogasWWtmg3", "avatar_hd": "https://tvax2.sinaimg.cn/crop.0.0.583.583.1024/8abf8ba4ly8gymv6sderaj20g70g7wew.jpg?KID=imgbed,tva&Expires=1647970300&ssig=LS87mIMpMY", "follow_me": false, "following": false, "mbrank": 1, "mbtype": 2, "planet_video": false, "icon_list": [{"type": "icon", "data": {"value": "1", "icon_img": "http://n.sinaimg.cn/www/ea31a93f/20220213/feed_icon_BingDwenDwenShueyRhonRhon@2x.png", "title": "微博实现一墩一融", "url": "https://s.weibo.com/weibo?q=%23为中国冬奥健儿加油%23"}}], "can_edit": false, "textLength": null, "source": "iPhone客户端", "favorited": false, "cardid": null, "pic_ids": [], "geo": null, "pic_num": 0, "is_paid": false, "mblog_vip_type": 0, "comments_count": 1, "attitudes_count": 0, "attitudes_status": 0, "isLongText": false, "mlevel": 0, "content_auth": 0, "is_show_bulletin": 2, "mblogtype": 0, "showFeedRepost": false, "showFeedComment": false, "pictureViewerSign": false, "showPictureViewer": false, "repost_type": 1, "share_repost_type": 0, "text": "我是土狗"}, "pid": "4749638236898214"}, {"mid": "4749785410308589", "mblogid": "LkT931ihf", "uid": 5596939754, "name": "stupidcow888", "data": {"visible_type": 0, "visible_list_id": 0, "time": "2022-03-22 11:42:31", "profile_image_url": "https://tva2.sinaimg.cn/crop.0.0.168.168.50/0066MbHQjw8eri9lrytmdj304o04ojr8.jpg?KID=imgbed,tva&Expires=1647970300&ssig=ob9rcKE5Xs", "profile_url": "/u/5596939754", "verified": false, "verified_type": -1, "domain": "", "weihao": "", "verified_type_ext": null, "avatar_large": "https://tva2.sinaimg.cn/crop.0.0.168.168.180/0066MbHQjw8eri9lrytmdj304o04ojr8.jpg?KID=imgbed,tva&Expires=1647970300&ssig=IsoJ%2F114My", "avatar_hd": "https://tva2.sinaimg.cn/crop.0.0.168.168.1024/0066MbHQjw8eri9lrytmdj304o04ojr8.jpg?KID=imgbed,tva&Expires=1647970300&ssig=5GnC9CYM5A", "follow_me": false, "following": false, "mbrank": 0, "mbtype": 0, "planet_video": false, "icon_list": [], "can_edit": false, "textLength": null, "source": "iPhone", "favorited": false, "cardid": null, "pic_ids": [], "geo": null, "pic_num": 0, "is_paid": false, "mblog_vip_type": 0, "comments_count": 0, "attitudes_count": 0, "attitudes_status": 0, "isLongText": false, "mlevel": 0, "content_auth": 0, "is_show_bulletin": 2, "mblogtype": 0, "showFeedRepost": false, "showFeedComment": false, "pictureViewerSign": false, "showPictureViewer": false, "repost_type": 2, "share_repost_type": 0, "text": "快转微博"}, "pid": "4749638236898214"}, {"mid": "4749802115696516", "mblogid": "LkTzZnTVi", "uid": 5239446115, "name": "风一样的我LA", "data": {"visible_type": 0, "visible_list_id": 0, "time": "2022-03-22 12:48:54", "profile_image_url": "https://tvax3.sinaimg.cn/crop.0.0.664.664.50/005IAbhply8fxsu7fztilj30ig0igtby.jpg?KID=imgbed,tva&Expires=1647970300&ssig=BRHC2IXPUY", "profile_url": "/u/5239446115", "verified": false, "verified_type": -1, "domain": "", "weihao": "", "verified_type_ext": null, "avatar_large": "https://tvax3.sinaimg.cn/crop.0.0.664.664.180/005IAbhply8fxsu7fztilj30ig0igtby.jpg?KID=imgbed,tva&Expires=1647970300&ssig=mVzcciaYbd", "avatar_hd": "https://tvax3.sinaimg.cn/crop.0.0.664.664.1024/005IAbhply8fxsu7fztilj30ig0igtby.jpg?KID=imgbed,tva&Expires=1647970300&ssig=CQ7Cvfe9Py", "follow_me": false, "following": false, "mbrank": 0, "mbtype": 0, "planet_video": true, "icon_list": [], "can_edit": false, "textLength": null, "source": "iPhone客户端", "favorited": false, "cardid": "star_583", "pic_ids": [], "geo": null, "pic_num": 0, "is_paid": false, "mblog_vip_type": 0, "comments_count": 0, "attitudes_count": 0, "attitudes_status": 0, "isLongText": false, "mlevel": 0, "content_auth": 0, "is_show_bulletin": 2, "mblogtype": 0, "showFeedRepost": false, "showFeedComment": false, "pictureViewerSign": false, "showPictureViewer": false, "repost_type": 2, "share_repost_type": 0, "text": "快转微博"}, "pid": "4749638236898214"}, {"mid": "4749804020439718", "mblogid": "LkTD41Qoe", "uid": 1789584805, "name": "dannymeme", "data": {"visible_type": 0, "visible_list_id": 0, "time": "2022-03-22 12:56:28", "profile_image_url": "https://tva3.sinaimg.cn/crop.8.24.711.711.50/6aaae5a5jw8eyc4qfwt5oj20k00zk0vc.jpg?KID=imgbed,tva&Expires=1647970300&ssig=kRBauHazu9", "profile_url": "/u/1789584805", "verified": false, "verified_type": -1, "domain": "", "weihao": "", "verified_type_ext": null, "avatar_large": "https://tva3.sinaimg.cn/crop.8.24.711.711.180/6aaae5a5jw8eyc4qfwt5oj20k00zk0vc.jpg?KID=imgbed,tva&Expires=1647970300&ssig=CZuu924SYw", "avatar_hd": "https://tva3.sinaimg.cn/crop.8.24.711.711.1024/6aaae5a5jw8eyc4qfwt5oj20k00zk0vc.jpg?KID=imgbed,tva&Expires=1647970300&ssig=47ww4XFx2g", "follow_me": false, "following": false, "mbrank": 2, "mbtype": 2, "planet_video": false, "icon_list": [], "can_edit": false, "textLength": null, "source": "iPhone客户端", "favorited": false, "cardid": null, "pic_ids": [], "geo": null, "pic_num": 0, "is_paid": false, "mblog_vip_type": 0, "comments_count": 0, "attitudes_count": 0, "attitudes_status": 0, "isLongText": false, "mlevel": 0, "content_auth": 0, "is_show_bulletin": 2, "mblogtype": 0, "showFeedRepost": false, "showFeedComment": false, "pictureViewerSign": false, "showPictureViewer": false, "repost_type": 1, "share_repost_type": 0, "text": "这个"}, "pid": "4749638236898214"}, {"mid": "4749809216389972", "mblogid": "LkTLrqOk4", "uid": 6445196863, "name": "糖朝栗子·", "data": {"visible_type": 0, "visible_list_id": 0, "time": "2022-03-22 13:17:06", "profile_image_url": "https://tvax3.sinaimg.cn/crop.0.0.828.828.50/0072bo87ly8h0gd700rwxj30n00n0jtn.jpg?KID=imgbed,tva&Expires=1647970300&ssig=i7y5WzpkHn", "profile_url": "/u/6445196863", "verified": true, "verified_type": 0, "domain": "", "weihao": "", "verified_type_ext": 0, "avatar_large": "https://tvax3.sinaimg.cn/crop.0.0.828.828.180/0072bo87ly8h0gd700rwxj30n00n0jtn.jpg?KID=imgbed,tva&Expires=1647970300&ssig=l4x017ObXx", "avatar_hd": "https://tvax3.sinaimg.cn/crop.0.0.828.828.1024/0072bo87ly8h0gd700rwxj30n00n0jtn.jpg?KID=imgbed,tva&Expires=1647970300&ssig=Eq6YtCHVPZ", "follow_me": false, "following": false, "mbrank": 2, "mbtype": 11, "planet_video": false, "icon_list": [{"type": "vip", "data": {"mbrank": 2, "mbtype": 11}}, {"type": "icon", "data": {"value": "1", "icon_img": "http://n.sinaimg.cn/www/ea31a93f/20220213/feed_icon_BingDwenDwenShueyRhonRhon@2x.png", "title": "微博实现一墩一融", "url": "https://s.weibo.com/weibo?q=%23为中国冬奥健儿加油%23"}}, {"type": "icon", "data": {"value": "1", "icon_img": "https://h5.sinaimg.cn/upload/106/1683/2022/03/11/feed_icon_xiaolvren2x.png", "title": "绿植领养", "url": "https://s.weibo.com/weibo?q=%23绿植领养%23"}}], "can_edit": false, "textLength": null, "source": "iPhone 11", "favorited": false, "cardid": null, "pic_ids": [], "geo": null, "pic_num": 0, "is_paid": false, "mblog_vip_type": 0, "comments_count": 0, "attitudes_count": 0, "attitudes_status": 0, "isLongText": false, "mlevel": 0, "content_auth": 0, "is_show_bulletin": 2, "mblogtype": 0, "showFeedRepost": false, "showFeedComment": false, "pictureViewerSign": false, "showPictureViewer": false, "repost_type": 1, "share_repost_type": 0, "text": "这是我可以看的吗[哇]"}, "pid": "4749638236898214"}, {"mid": "4749812128547174", "mblogid": "LkTQ8zRvE", "uid": 6415174501, "name": "LLL啊G", "data": {"visible_type": 0, "visible_list_id": 0, "time": "2022-03-22 13:28:40", "profile_image_url": "https://tvax2.sinaimg.cn/crop.0.0.888.888.50/00709pWtly8gdcuy82re1j30oo0oo0u0.jpg?KID=imgbed,tva&Expires=1647970300&ssig=ExldUcA8ST", "profile_url": "/u/6415174501", "verified": false, "verified_type": -1, "domain": "", "weihao": "", "verified_type_ext": null, "avatar_large": "https://tvax2.sinaimg.cn/crop.0.0.888.888.180/00709pWtly8gdcuy82re1j30oo0oo0u0.jpg?KID=imgbed,tva&Expires=1647970300&ssig=biBKLSEeyp", "avatar_hd": "https://tvax2.sinaimg.cn/crop.0.0.888.888.1024/00709pWtly8gdcuy82re1j30oo0oo0u0.jpg?KID=imgbed,tva&Expires=1647970300&ssig=o2oCuF8A%2Bo", "follow_me": false, "following": false, "mbrank": 0, "mbtype": 0, "planet_video": true, "icon_list": [], "can_edit": false, "textLength": null, "source": "iPhone客户端", "favorited": false, "cardid": null, "pic_ids": [], "geo": null, "pic_num": 0, "is_paid": false, "mblog_vip_type": 0, "comments_count": 0, "attitudes_count": 0, "attitudes_status": 0, "isLongText": false, "mlevel": 0, "content_auth": 0, "is_show_bulletin": 2, "mblogtype": 0, "showFeedRepost": false, "showFeedComment": false, "pictureViewerSign": false, "showPictureViewer": false, "repost_type": 2, "share_repost_type": 0, "text": "快转微博"}, "pid": "4749638236898214"}, {"mid": "4749842905827418", "mblogid": "LkUDMorYC", "uid": 2959187077, "name": "小尾巴8975", "data": {"visible_type": 0, "visible_list_id": 0, "time": "2022-03-22 15:30:59", "profile_image_url": "https://tva1.sinaimg.cn/crop.0.0.180.180.50/b0619c85jw1e8qgp5bmzyj2050050aa8.jpg?KID=imgbed,tva&Expires=1647970300&ssig=JqxCexNZk1", "profile_url": "/u/2959187077", "verified": false, "verified_type": -1, "domain": "", "weihao": "", "verified_type_ext": null, "avatar_large": "https://tva1.sinaimg.cn/crop.0.0.180.180.180/b0619c85jw1e8qgp5bmzyj2050050aa8.jpg?KID=imgbed,tva&Expires=1647970300&ssig=6iAbrbNEBT", "avatar_hd": "https://tva1.sinaimg.cn/crop.0.0.180.180.1024/b0619c85jw1e8qgp5bmzyj2050050aa8.jpg?KID=imgbed,tva&Expires=1647970300&ssig=R0oGGXjv4A", "follow_me": false, "following": false, "mbrank": 1, "mbtype": 2, "planet_video": true, "icon_list": [{"type": "icon", "data": {"value": "1", "icon_img": "http://n.sinaimg.cn/www/ea31a93f/20220213/feed_icon_BingDwenDwenShueyRhonRhon@2x.png", "title": "微博实现一墩一融", "url": "https://s.weibo.com/weibo?q=%23为中国冬奥健儿加油%23"}}], "can_edit": false, "textLength": null, "source": "HUAWEI P30", "favorited": false, "cardid": null, "pic_ids": [], "geo": null, "pic_num": 0, "is_paid": false, "mblog_vip_type": 0, "comments_count": 0, "attitudes_count": 0, "attitudes_status": 0, "isLongText": false, "mlevel": 0, "content_auth": 0, "is_show_bulletin": 2, "mblogtype": 0, "showFeedRepost": false, "showFeedComment": false, "pictureViewerSign": false, "showPictureViewer": false, "repost_type": 2, "share_repost_type": 0, "text": "快转微博"}, "pid": "4749638236898214"}, {"mid": "4749913516411242", "mblogid": "LkWtFqTR8", "uid": 1155821697, "name": "木木夕啊木木夕", "data": {"visible_type": 0, "visible_list_id": 0, "time": "2022-03-22 20:11:34", "profile_image_url": "https://tva3.sinaimg.cn/crop.0.0.180.180.50/44e47081jw1e8qgp5bmzyj2050050aa8.jpg?KID=imgbed,tva&Expires=1647970300&ssig=iAyJOBurxb", "profile_url": "/u/1155821697", "verified": false, "verified_type": -1, "domain": "", "weihao": "", "verified_type_ext": null, "avatar_large": "https://tva3.sinaimg.cn/crop.0.0.180.180.180/44e47081jw1e8qgp5bmzyj2050050aa8.jpg?KID=imgbed,tva&Expires=1647970300&ssig=wlRajSV3Ok", "avatar_hd": "https://tva3.sinaimg.cn/crop.0.0.180.180.1024/44e47081jw1e8qgp5bmzyj2050050aa8.jpg?KID=imgbed,tva&Expires=1647970300&ssig=iJsShUTQyo", "follow_me": false, "following": false, "mbrank": 0, "mbtype": 0, "planet_video": true, "icon_list": [], "can_edit": false, "textLength": null, "source": "HUAWEI P20", "favorited": false, "cardid": null, "pic_ids": [], "geo": null, "pic_num": 0, "is_paid": false, "mblog_vip_type": 0, "comments_count": 0, "attitudes_count": 0, "attitudes_status": 0, "isLongText": false, "mlevel": 0, "content_auth": 0, "is_show_bulletin": 2, "mblogtype": 0, "showFeedRepost": false, "showFeedComment": false, "pictureViewerSign": false, "showPictureViewer": false, "repost_type": 1, "share_repost_type": 0, "text": "转发微博"}, "pid": "4749638236898214"}, {"mid": "4749919019075588", "mblogid": "LkWCxC4Ys", "uid": 7394960134, "name": "译生易玺", "data": {"visible_type": 0, "visible_list_id": 0, "time": "2022-03-22 20:33:26", "profile_image_url": "https://tvax3.sinaimg.cn/crop.0.0.1080.1080.50/0084suWyly8h08hn38d4xj30u00u0js3.jpg?KID=imgbed,tva&Expires=1647970300&ssig=ixpks4PPk2", "profile_url": "/u/7394960134", "verified": false, "verified_type": -1, "domain": "", "weihao": "", "verified_type_ext": null, "avatar_large": "https://tvax3.sinaimg.cn/crop.0.0.1080.1080.180/0084suWyly8h08hn38d4xj30u00u0js3.jpg?KID=imgbed,tva&Expires=1647970300&ssig=X4oIfmk2k4", "avatar_hd": "https://tvax3.sinaimg.cn/crop.0.0.1080.1080.1024/0084suWyly8h08hn38d4xj30u00u0js3.jpg?KID=imgbed,tva&Expires=1647970300&ssig=KT5k%2BNy3Pa", "follow_me": false, "following": false, "mbrank": 1, "mbtype": 2, "planet_video": true, "icon_list": [{"type": "icon", "data": {"value": "1", "icon_img": "https://h5.sinaimg.cn/upload/106/1683/2022/03/11/feed_icon_xiaolvren2x.png", "title": "绿植领养", "url": "https://s.weibo.com/weibo?q=%23绿植领养%23"}}], "can_edit": false, "textLength": null, "source": "iPad客户端", "favorited": false, "cardid": "star_11247_common", "pic_ids": [], "geo": null, "pic_num": 0, "is_paid": false, "mblog_vip_type": 0, "comments_count": 0, "attitudes_count": 0, "attitudes_status": 0, "isLongText": false, "mlevel": 0, "content_auth": 0, "is_show_bulletin": 2, "mblogtype": 0, "showFeedRepost": false, "showFeedComment": false, "pictureViewerSign": false, "showPictureViewer": false, "repost_type": 1, "share_repost_type": 0, "text": "转发微博"}, "pid": "4749638236898214"}, {"mid": "4749928235008851", "mblogid": "LkWRpl11V", "uid": 6366886060, "name": "点盏猫aiko", "data": {"visible_type": 0, "visible_list_id": 0, "time": "2022-03-22 21:10:02", "profile_image_url": "https://tvax1.sinaimg.cn/crop.0.0.828.828.50/006WSNUEly8h0c0oosphxj30n00n00t8.jpg?KID=imgbed,tva&Expires=1647970300&ssig=nTa6okiykv", "profile_url": "/u/6366886060", "verified": false, "verified_type": -1, "domain": "", "weihao": "", "verified_type_ext": null, "avatar_large": "https://tvax1.sinaimg.cn/crop.0.0.828.828.180/006WSNUEly8h0c0oosphxj30n00n00t8.jpg?KID=imgbed,tva&Expires=1647970300&ssig=II35v4IpXE", "avatar_hd": "https://tvax1.sinaimg.cn/crop.0.0.828.828.1024/006WSNUEly8h0c0oosphxj30n00n00t8.jpg?KID=imgbed,tva&Expires=1647970300&ssig=EVSCiaB1En", "follow_me": false, "following": false, "mbrank": 0, "mbtype": 0, "planet_video": false, "icon_list": [], "can_edit": false, "textLength": null, "source": "iPhone客户端", "favorited": false, "cardid": "star_11247_common", "pic_ids": [], "geo": null, "pic_num": 0, "is_paid": false, "mblog_vip_type": 0, "comments_count": 0, "attitudes_count": 0, "attitudes_status": 0, "isLongText": false, "mlevel": 0, "content_auth": 0, "is_show_bulletin": 2, "mblogtype": 0, "showFeedRepost": false, "showFeedComment": false, "pictureViewerSign": false, "showPictureViewer": false, "repost_type": 1, "share_repost_type": 0, "text": "这是小朋友不能看的[doge]"}, "pid": "4749638236898214"}]