[{"mid": "4749837889966719", "mblogid": "LkUvGFONx", "uid": 1574736884, "name": "熊市黑马猎手", "data": {"visible_type": 0, "visible_list_id": 0, "time": "2022-03-22 15:11:03", "profile_image_url": "https://tvax2.sinaimg.cn/crop.0.0.603.603.50/5ddc93f4ly8gzx4shkzfpj20gr0grwfd.jpg?KID=imgbed,tva&Expires=1648030445&ssig=U%2Bk0TddMrb", "profile_url": "/u/1574736884", "verified": true, "verified_type": 0, "domain": "", "weihao": "", "verified_type_ext": 1, "avatar_large": "https://tvax2.sinaimg.cn/crop.0.0.603.603.180/5ddc93f4ly8gzx4shkzfpj20gr0grwfd.jpg?KID=imgbed,tva&Expires=1648030445&ssig=%2BoVcdnGXh2", "avatar_hd": "https://tvax2.sinaimg.cn/crop.0.0.603.603.1024/5ddc93f4ly8gzx4shkzfpj20gr0grwfd.jpg?KID=imgbed,tva&Expires=1648030445&ssig=YlWBm02W5k", "follow_me": false, "following": false, "mbrank": 2, "mbtype": 11, "planet_video": false, "icon_list": [{"type": "vip", "data": {"mbrank": 2, "mbtype": 11}}], "can_edit": false, "textLength": 497, "source": "", "favorited": false, "cardid": "star_005", "pic_ids": [], "geo": null, "pic_num": 0, "is_paid": false, "mblog_vip_type": 0, "comments_count": 0, "attitudes_count": 844, "attitudes_status": 0, "isLongText": true, "mlevel": 0, "content_auth": 0, "is_show_bulletin": 2, "mblogtype": 0, "showFeedRepost": false, "showFeedComment": false, "pictureViewerSign": false, "showPictureViewer": false, "repost_type": null, "share_repost_type": 0, "text": "北向资金净卖出-9.22亿，内资主力“净卖出”15股，名单来了：\n隆基股份 （-8.77亿） -2.54%\n中国医药 （-7.11亿） -4.35%\n九安医疗 （-6.28亿） -6.48%\n贵州茅台 （-5.91亿） -0.55%\n宁德时代 （-5.34亿） -1.35%\n雅本化学 （-4.99亿） -11.05%\n沃森生物 （-4.92亿） -5.58%\n苏州高新 （-3.74亿） 9.97 ​​​"}}]