[{"mid": "4749859850290406", "mblogid": "LkV571dxY", "uid": 7399894004, "name": "沙姆雄狮_EL", "data": {"visible_type": 0, "visible_list_id": 0, "time": "2022-03-22 16:38:19", "profile_image_url": "https://tvax2.sinaimg.cn/crop.0.0.996.996.50/0084Nct6ly8gjqyjz43tlj30ro0rotbm.jpg?KID=imgbed,tva&Expires=1647999925&ssig=GqXX8UTFig", "profile_url": "/u/7399894004", "verified": true, "verified_type": 0, "domain": "", "weihao": "", "verified_type_ext": 1, "avatar_large": "https://tvax2.sinaimg.cn/crop.0.0.996.996.180/0084Nct6ly8gjqyjz43tlj30ro0rotbm.jpg?KID=imgbed,tva&Expires=1647999925&ssig=AOg98Q%2BIgD", "avatar_hd": "https://tvax2.sinaimg.cn/crop.0.0.996.996.1024/0084Nct6ly8gjqyjz43tlj30ro0rotbm.jpg?KID=imgbed,tva&Expires=1647999925&ssig=VkhJ9L%2BbJF", "follow_me": false, "following": false, "mbrank": 5, "mbtype": 12, "planet_video": false, "icon_list": [{"type": "vip", "data": {"mbrank": 5, "mbtype": 12}}], "can_edit": false, "textLength": 417, "source": "", "favorited": false, "cardid": null, "pic_ids": ["0084Nct6ly1h0iqypiw2gj30ku0xtgnw"], "geo": null, "pic_num": 1, "is_paid": false, "mblog_vip_type": 0, "comments_count": 120, "attitudes_count": 781, "attitudes_status": 0, "isLongText": true, "mlevel": 0, "content_auth": 0, "is_show_bulletin": 2, "mblogtype": 0, "showFeedRepost": false, "showFeedComment": false, "pictureViewerSign": false, "showPictureViewer": false, "repost_type": null, "share_repost_type": 0, "text": "沙特阿拉伯外交部表示，由于也门胡塞武装对沙特石油设施进行袭击，沙特将不对目前国际市场原油紧缺的情况负责。（تعلن المملكة العربية السعودية أنها تخلي مسؤوليتها من أي نقص في إمدادات  النفط للأسواق العالمية  ​​​"}}, {"mid": "4749860304327077", "mblogid": "LkV5Qi9Fz", "uid": 6185181083, "name": "茶叶大神二号", "data": {"visible_type": 0, "visible_list_id": 0, "time": "2022-03-22 16:40:07", "profile_image_url": "https://tvax2.sinaimg.cn/crop.0.0.1080.1080.50/006KAo9dly8gteytqs9w7j30u00u040l.jpg?KID=imgbed,tva&Expires=1647999936&ssig=cCySqDoDGl", "profile_url": "/u/6185181083", "verified": false, "verified_type": -1, "domain": "", "weihao": "", "verified_type_ext": null, "avatar_large": "https://tvax2.sinaimg.cn/crop.0.0.1080.1080.180/006KAo9dly8gteytqs9w7j30u00u040l.jpg?KID=imgbed,tva&Expires=1647999936&ssig=5AHl71H5xR", "avatar_hd": "https://tvax2.sinaimg.cn/crop.0.0.1080.1080.1024/006KAo9dly8gteytqs9w7j30u00u040l.jpg?KID=imgbed,tva&Expires=1647999936&ssig=fgHvlHCtIH", "follow_me": false, "following": false, "mbrank": 0, "mbtype": 0, "planet_video": true, "icon_list": [{"type": "icon", "data": {"value": "1", "icon_img": "http://n.sinaimg.cn/www/ea31a93f/20220213/feed_icon_BingDwenDwenShueyRhonRhon@2x.png", "title": "微博实现一墩一融", "url": "https://s.weibo.com/weibo?q=%23为中国冬奥健儿加油%23"}}], "can_edit": false, "textLength": null, "source": "小米11", "favorited": false, "cardid": null, "pic_ids": [], "geo": null, "pic_num": 0, "is_paid": false, "mblog_vip_type": 0, "comments_count": 0, "attitudes_count": 0, "attitudes_status": 0, "isLongText": false, "mlevel": 0, "content_auth": 0, "is_show_bulletin": 2, "mblogtype": 0, "showFeedRepost": false, "showFeedComment": false, "pictureViewerSign": false, "showPictureViewer": false, "repost_type": 4, "share_repost_type": 0, "text": "很有精神[喵喵]"}, "pid": "4749859850290406"}, {"mid": "4749860367239975", "mblogid": "LkV5WunrN", "uid": 6511628672, "name": "忠诚你个waaaaaaaaaaagh", "data": {"visible_type": 0, "visible_list_id": 0, "time": "2022-03-22 16:40:22", "profile_image_url": "https://tvax2.sinaimg.cn/crop.0.0.40.40.50/0076G84Uly8ftvswckd49j30140140sh.jpg?KID=imgbed,tva&Expires=1647999936&ssig=u8HQRRocir", "profile_url": "/u/6511628672", "verified": false, "verified_type": -1, "domain": "", "weihao": "", "verified_type_ext": null, "avatar_large": "https://tvax2.sinaimg.cn/crop.0.0.40.40.180/0076G84Uly8ftvswckd49j30140140sh.jpg?KID=imgbed,tva&Expires=1647999936&ssig=NuJ5VDtEvL", "avatar_hd": "https://tvax2.sinaimg.cn/crop.0.0.40.40.1024/0076G84Uly8ftvswckd49j30140140sh.jpg?KID=imgbed,tva&Expires=1647999936&ssig=LgHqC4j5FX", "follow_me": false, "following": false, "mbrank": 1, "mbtype": 11, "planet_video": false, "icon_list": [{"type": "vip", "data": {"mbrank": 1, "mbtype": 11}}], "can_edit": false, "textLength": null, "source": "HUAWEI Mate 40 Pro", "favorited": false, "cardid": null, "pic_ids": [], "geo": null, "pic_num": 0, "is_paid": false, "mblog_vip_type": 0, "comments_count": 0, "attitudes_count": 0, "attitudes_status": 0, "isLongText": false, "mlevel": 0, "content_auth": 0, "is_show_bulletin": 2, "mblogtype": 0, "showFeedRepost": false, "showFeedComment": false, "pictureViewerSign": false, "showPictureViewer": false, "repost_type": 1, "share_repost_type": 0, "text": "摆烂是吧"}, "pid": "4749859850290406"}, {"mid": "4749860522168674", "mblogid": "LkV6c96aC", "uid": 7479501453, "name": "铁军24师下士", "data": {"visible_type": 0, "visible_list_id": 0, "time": "2022-03-22 16:40:59", "profile_image_url": "https://tvax3.sinaimg.cn/crop.0.0.996.996.50/008abe0dly8ggo5tp9cqaj30ro0romzg.jpg?KID=imgbed,tva&Expires=1647999936&ssig=vQYyVzXWII", "profile_url": "/u/7479501453", "verified": false, "verified_type": -1, "domain": "", "weihao": "", "verified_type_ext": null, "avatar_large": "https://tvax3.sinaimg.cn/crop.0.0.996.996.180/008abe0dly8ggo5tp9cqaj30ro0romzg.jpg?KID=imgbed,tva&Expires=1647999936&ssig=FZoe5%2Bk2N7", "avatar_hd": "https://tvax3.sinaimg.cn/crop.0.0.996.996.1024/008abe0dly8ggo5tp9cqaj30ro0romzg.jpg?KID=imgbed,tva&Expires=1647999936&ssig=9RTkjTo4bm", "follow_me": false, "following": false, "mbrank": 5, "mbtype": 12, "planet_video": false, "icon_list": [{"type": "vip", "data": {"mbrank": 5, "mbtype": 12}}], "can_edit": false, "textLength": null, "source": "HUAWEI Mate 40E", "favorited": false, "cardid": null, "pic_ids": [], "geo": null, "pic_num": 0, "is_paid": false, "mblog_vip_type": 0, "comments_count": 0, "attitudes_count": 1, "attitudes_status": 0, "isLongText": false, "mlevel": 0, "content_auth": 0, "is_show_bulletin": 2, "mblogtype": 0, "showFeedRepost": false, "showFeedComment": false, "pictureViewerSign": false, "showPictureViewer": false, "repost_type": 1, "share_repost_type": 0, "text": "[doge][doge][喵喵][喵喵]"}, "pid": "4749859850290406"}, {"mid": "4749860609460752", "mblogid": "LkV6kDHaM", "uid": 7316892185, "name": "海中深色", "data": {"visible_type": 0, "visible_list_id": 0, "time": "2022-03-22 16:41:20", "profile_image_url": "https://tvax1.sinaimg.cn/crop.0.0.1080.1080.50/007ZaVU5ly8g7ruxqtezwj30u00u0dh0.jpg?KID=imgbed,tva&Expires=1647999936&ssig=JkTVmp3Whb", "profile_url": "/u/7316892185", "verified": false, "verified_type": -1, "domain": "", "weihao": "", "verified_type_ext": null, "avatar_large": "https://tvax1.sinaimg.cn/crop.0.0.1080.1080.180/007ZaVU5ly8g7ruxqtezwj30u00u0dh0.jpg?KID=imgbed,tva&Expires=1647999936&ssig=UB%2FFWkI%2FW3", "avatar_hd": "https://tvax1.sinaimg.cn/crop.0.0.1080.1080.1024/007ZaVU5ly8g7ruxqtezwj30u00u0dh0.jpg?KID=imgbed,tva&Expires=1647999936&ssig=u7wpvOQ87P", "follow_me": false, "following": false, "mbrank": 0, "mbtype": 0, "planet_video": true, "icon_list": [], "can_edit": false, "textLength": null, "source": "iPhone客户端", "favorited": false, "cardid": null, "pic_ids": [], "geo": null, "pic_num": 0, "is_paid": false, "mblog_vip_type": 0, "comments_count": 0, "attitudes_count": 0, "attitudes_status": 0, "isLongText": false, "mlevel": 0, "content_auth": 0, "is_show_bulletin": 2, "mblogtype": 0, "showFeedRepost": false, "showFeedComment": false, "pictureViewerSign": false, "showPictureViewer": false, "repost_type": 1, "share_repost_type": 0, "text": "转发微博"}, "pid": "4749859850290406"}, {"mid": "4749860639083708", "mblogid": "LkV6nC75q", "uid": 5359472605, "name": "龙虾前尘", "data": {"visible_type": 0, "visible_list_id": 0, "time": "2022-03-22 16:41:27", "profile_image_url": "https://tvax3.sinaimg.cn/crop.40.0.280.280.50/005QHNExly1gc2wpytq74j30a007sjrf.jpg?KID=imgbed,tva&Expires=1647999936&ssig=bTJYkTL6XK", "profile_url": "/u/5359472605", "verified": false, "verified_type": -1, "domain": "", "weihao": "", "verified_type_ext": null, "avatar_large": "https://tvax3.sinaimg.cn/crop.40.0.280.280.180/005QHNExly1gc2wpytq74j30a007sjrf.jpg?KID=imgbed,tva&Expires=1647999936&ssig=VobmJKMTws", "avatar_hd": "https://tvax3.sinaimg.cn/crop.40.0.280.280.1024/005QHNExly1gc2wpytq74j30a007sjrf.jpg?KID=imgbed,tva&Expires=1647999936&ssig=hPJSRkfnth", "follow_me": false, "following": false, "mbrank": 0, "mbtype": 0, "planet_video": false, "icon_list": [], "can_edit": false, "textLength": null, "source": "新版微博 weibo.com", "favorited": false, "cardid": null, "pic_ids": [], "geo": null, "pic_num": 0, "is_paid": false, "mblog_vip_type": 0, "comments_count": 1, "attitudes_count": 0, "attitudes_status": 0, "isLongText": false, "mlevel": 0, "content_auth": 0, "is_show_bulletin": 2, "mblogtype": 0, "showFeedRepost": false, "showFeedComment": false, "pictureViewerSign": false, "showPictureViewer": false, "repost_type": 3, "share_repost_type": 0, "text": "一碰就躺啊你这是"}, "pid": "4749859850290406"}, {"mid": "4749860664511368", "mblogid": "LkV6qiVC0", "uid": 1441373433, "name": "九天菩萨么么哒", "data": {"visible_type": 0, "visible_list_id": 0, "time": "2022-03-22 16:41:33", "profile_image_url": "https://tvax4.sinaimg.cn/crop.0.0.512.512.50/55e99cf9ly8gzwtyzhwbwj20e80e8ta1.jpg?KID=imgbed,tva&Expires=1647999936&ssig=hv6HF5xWH9", "profile_url": "/u/1441373433", "verified": false, "verified_type": -1, "domain": "lovecatandbear", "weihao": "", "verified_type_ext": null, "avatar_large": "https://tvax4.sinaimg.cn/crop.0.0.512.512.180/55e99cf9ly8gzwtyzhwbwj20e80e8ta1.jpg?KID=imgbed,tva&Expires=1647999936&ssig=9nl5G0MwJy", "avatar_hd": "https://tvax4.sinaimg.cn/crop.0.0.512.512.1024/55e99cf9ly8gzwtyzhwbwj20e80e8ta1.jpg?KID=imgbed,tva&Expires=1647999936&ssig=68i07BSn5S", "follow_me": false, "following": false, "mbrank": 0, "mbtype": 0, "planet_video": true, "icon_list": [], "can_edit": false, "textLength": null, "source": "微博 weibo.com", "favorited": false, "cardid": "star_11247_common", "pic_ids": [], "geo": null, "pic_num": 0, "is_paid": false, "mblog_vip_type": 0, "comments_count": 0, "attitudes_count": 0, "attitudes_status": 0, "isLongText": false, "mlevel": 0, "content_auth": 0, "is_show_bulletin": 2, "mblogtype": 0, "showFeedRepost": false, "showFeedComment": false, "pictureViewerSign": false, "showPictureViewer": false, "repost_type": 4, "share_repost_type": 0, "text": "老王爷这是要稀宗死啊"}, "pid": "4749859850290406"}, {"mid": "4749861092329063", "mblogid": "LkV779LTx", "uid": 2084738597, "name": "不易拉罐装", "data": {"visible_type": 0, "visible_list_id": 0, "time": "2022-03-22 16:43:15", "profile_image_url": "https://tvax4.sinaimg.cn/crop.0.0.512.512.50/7c429625ly8gp7n6e7kyrj20e80e874p.jpg?KID=imgbed,tva&Expires=1647999936&ssig=1UWKsMT%2FKT", "profile_url": "/u/2084738597", "verified": false, "verified_type": -1, "domain": "obvbj", "weihao": "", "verified_type_ext": null, "avatar_large": "https://tvax4.sinaimg.cn/crop.0.0.512.512.180/7c429625ly8gp7n6e7kyrj20e80e874p.jpg?KID=imgbed,tva&Expires=1647999936&ssig=%2Bzr9KDmeWs", "avatar_hd": "https://tvax4.sinaimg.cn/crop.0.0.512.512.1024/7c429625ly8gp7n6e7kyrj20e80e874p.jpg?KID=imgbed,tva&Expires=1647999936&ssig=iMpSTiNfha", "follow_me": false, "following": false, "mbrank": 1, "mbtype": 2, "planet_video": false, "icon_list": [], "can_edit": false, "textLength": null, "source": "iPhone客户端", "favorited": false, "cardid": null, "pic_ids": [], "geo": null, "pic_num": 0, "is_paid": false, "mblog_vip_type": 0, "comments_count": 0, "attitudes_count": 0, "attitudes_status": 0, "isLongText": false, "mlevel": 0, "content_auth": 0, "is_show_bulletin": 2, "mblogtype": 0, "showFeedRepost": false, "showFeedComment": false, "pictureViewerSign": false, "showPictureViewer": false, "repost_type": 1, "share_repost_type": 0, "text": "转发微博"}, "pid": "4749859850290406"}, {"mid": "4749861121693009", "mblogid": "LkV7a76qB", "uid": 5124093313, "name": "Foxcub", "data": {"visible_type": 0, "visible_list_id": 0, "time": "2022-03-22 16:43:22", "profile_image_url": "https://tva1.sinaimg.cn/crop.0.0.996.996.50/005AMaKljw8f7ykubxgflj30ro0rpq4g.jpg?KID=imgbed,tva&Expires=1647999936&ssig=g7Z9u%2BlWFV", "profile_url": "/u/5124093313", "verified": false, "verified_type": -1, "domain": "", "weihao": "", "verified_type_ext": null, "avatar_large": "https://tva1.sinaimg.cn/crop.0.0.996.996.180/005AMaKljw8f7ykubxgflj30ro0rpq4g.jpg?KID=imgbed,tva&Expires=1647999936&ssig=wR00UBIiU2", "avatar_hd": "https://tva1.sinaimg.cn/crop.0.0.996.996.1024/005AMaKljw8f7ykubxgflj30ro0rpq4g.jpg?KID=imgbed,tva&Expires=1647999936&ssig=3T0lkaVzTW", "follow_me": false, "following": false, "mbrank": 7, "mbtype": 12, "planet_video": false, "icon_list": [{"type": "vip", "data": {"mbrank": 7, "mbtype": 12}}], "can_edit": false, "textLength": null, "source": "HUAWEI Mate 10", "favorited": false, "cardid": null, "pic_ids": [], "geo": null, "pic_num": 0, "is_paid": false, "mblog_vip_type": 0, "comments_count": 1, "attitudes_count": 1, "attitudes_status": 0, "isLongText": false, "mlevel": 0, "content_auth": 0, "is_show_bulletin": 2, "mblogtype": 0, "showFeedRepost": false, "showFeedComment": false, "pictureViewerSign": false, "showPictureViewer": false, "repost_type": 3, "share_repost_type": 0, "text": "//@土御雷001:牛逼[允悲][允悲][允悲]。美国现在树敌太多，一群国家都开始阴奉阳违了。"}, "pid": "4749859850290406"}, {"mid": "4749861570480429", "mblogid": "LkV7T20YR", "uid": 2232582041, "name": "宇宙冰箱MA", "data": {"visible_type": 0, "visible_list_id": 0, "time": "2022-03-22 16:45:09", "profile_image_url": "https://tvax3.sinaimg.cn/crop.0.0.664.664.50/85127f99ly8gctx9zyve0j20ig0igjt7.jpg?KID=imgbed,tva&Expires=1647999936&ssig=l3YVNBRY82", "profile_url": "/u/2232582041", "verified": false, "verified_type": -1, "domain": "", "weihao": "", "verified_type_ext": null, "avatar_large": "https://tvax3.sinaimg.cn/crop.0.0.664.664.180/85127f99ly8gctx9zyve0j20ig0igjt7.jpg?KID=imgbed,tva&Expires=1647999936&ssig=Y37cDdChgt", "avatar_hd": "https://tvax3.sinaimg.cn/crop.0.0.664.664.1024/85127f99ly8gctx9zyve0j20ig0igjt7.jpg?KID=imgbed,tva&Expires=1647999936&ssig=o%2F3bGT5zuc", "follow_me": false, "following": false, "mbrank": 0, "mbtype": 0, "planet_video": true, "icon_list": [], "can_edit": false, "textLength": null, "source": "新版微博 weibo.com", "favorited": false, "cardid": null, "pic_ids": [], "geo": null, "pic_num": 0, "is_paid": false, "mblog_vip_type": 0, "comments_count": 0, "attitudes_count": 0, "attitudes_status": 0, "isLongText": false, "mlevel": 0, "content_auth": 0, "is_show_bulletin": 2, "mblogtype": 0, "showFeedRepost": false, "showFeedComment": false, "pictureViewerSign": false, "showPictureViewer": false, "repost_type": 2, "share_repost_type": 0, "text": "快转微博"}, "pid": "4749859850290406"}, {"mid": "4749861708108737", "mblogid": "LkV86y1s5", "uid": 6937894431, "name": "贺兰鸽子", "data": {"visible_type": 0, "visible_list_id": 0, "time": "2022-03-22 16:45:42", "profile_image_url": "https://tvax1.sinaimg.cn/crop.0.0.40.40.50/007zwHh5ly4fz69bky52tj3014014a9t.jpg?KID=imgbed,tva&Expires=1648000131&ssig=9bPJ4h5Xt4", "profile_url": "/u/6937894431", "verified": false, "verified_type": -1, "domain": "", "weihao": "", "verified_type_ext": null, "avatar_large": "https://tvax1.sinaimg.cn/crop.0.0.40.40.180/007zwHh5ly4fz69bky52tj3014014a9t.jpg?KID=imgbed,tva&Expires=1648000131&ssig=XTvk%2BDda5x", "avatar_hd": "https://tvax1.sinaimg.cn/crop.0.0.40.40.1024/007zwHh5ly4fz69bky52tj3014014a9t.jpg?KID=imgbed,tva&Expires=1648000131&ssig=1oPbTpzdvF", "follow_me": false, "following": false, "mbrank": 0, "mbtype": 0, "planet_video": true, "icon_list": [], "can_edit": false, "textLength": null, "source": "微博 weibo.com", "favorited": false, "cardid": null, "pic_ids": [], "geo": null, "pic_num": 0, "is_paid": false, "mblog_vip_type": 0, "comments_count": 1, "attitudes_count": 0, "attitudes_status": 0, "isLongText": false, "mlevel": 0, "content_auth": 0, "is_show_bulletin": 2, "mblogtype": 0, "showFeedRepost": false, "showFeedComment": false, "pictureViewerSign": false, "showPictureViewer": false, "repost_type": 4, "share_repost_type": 0, "text": "“哎呀,我的胳膊肘儿啊!哎呀,我的波棱盖儿啊!”//@龙虾前尘:一碰就躺啊你这是"}, "pid": "4749860639083708"}, {"mid": "4749862413536577", "mblogid": "LkV9feQ1z", "uid": 5863825500, "name": "Martelllee", "data": {"visible_type": 0, "visible_list_id": 0, "time": "2022-03-22 16:48:30", "profile_image_url": "https://tvax2.sinaimg.cn/crop.0.0.960.960.50/006oQ0SEly8g9w44oifsnj30qo0qo0v1.jpg?KID=imgbed,tva&Expires=1647999936&ssig=ZVNDMgXQnO", "profile_url": "/u/5863825500", "verified": false, "verified_type": -1, "domain": "", "weihao": "", "verified_type_ext": null, "avatar_large": "https://tvax2.sinaimg.cn/crop.0.0.960.960.180/006oQ0SEly8g9w44oifsnj30qo0qo0v1.jpg?KID=imgbed,tva&Expires=1647999936&ssig=M9uO4FstUd", "avatar_hd": "https://tvax2.sinaimg.cn/crop.0.0.960.960.1024/006oQ0SEly8g9w44oifsnj30qo0qo0v1.jpg?KID=imgbed,tva&Expires=1647999936&ssig=LSSvRE%2Fbok", "follow_me": false, "following": false, "mbrank": 0, "mbtype": 0, "planet_video": true, "icon_list": [], "can_edit": false, "textLength": null, "source": "vivo Z3性能实力派", "favorited": false, "cardid": null, "pic_ids": [], "geo": null, "pic_num": 0, "is_paid": false, "mblog_vip_type": 0, "comments_count": 0, "attitudes_count": 0, "attitudes_status": 0, "isLongText": false, "mlevel": 0, "content_auth": 0, "is_show_bulletin": 2, "mblogtype": 0, "showFeedRepost": false, "showFeedComment": false, "pictureViewerSign": false, "showPictureViewer": false, "repost_type": 1, "share_repost_type": 0, "text": "接着涨呗。。。"}, "pid": "4749859850290406"}, {"mid": "4749862597562330", "mblogid": "LkV9xvJj4", "uid": 2724834815, "name": "Baabbabyy_", "data": {"visible_type": 0, "visible_list_id": 0, "time": "2022-03-22 16:49:14", "profile_image_url": "https://tvax3.sinaimg.cn/crop.8.264.1072.1072.50/a269adffly8gcv89x8s3bj20u014079g.jpg?KID=imgbed,tva&Expires=1647999936&ssig=Z0lPquzx2V", "profile_url": "/u/2724834815", "verified": false, "verified_type": -1, "domain": "", "weihao": "", "verified_type_ext": null, "avatar_large": "https://tvax3.sinaimg.cn/crop.8.264.1072.1072.180/a269adffly8gcv89x8s3bj20u014079g.jpg?KID=imgbed,tva&Expires=1647999936&ssig=kkjQJV%2F0nO", "avatar_hd": "https://tvax3.sinaimg.cn/crop.8.264.1072.1072.1024/a269adffly8gcv89x8s3bj20u014079g.jpg?KID=imgbed,tva&Expires=1647999936&ssig=7FW5ACXh66", "follow_me": false, "following": false, "mbrank": 0, "mbtype": 0, "planet_video": true, "icon_list": [], "can_edit": false, "textLength": null, "source": "微博极速版", "favorited": false, "cardid": null, "pic_ids": [], "geo": null, "pic_num": 0, "is_paid": false, "mblog_vip_type": 0, "comments_count": 0, "attitudes_count": 0, "attitudes_status": 0, "isLongText": false, "mlevel": 0, "content_auth": 0, "is_show_bulletin": 2, "mblogtype": 0, "showFeedRepost": false, "showFeedComment": false, "pictureViewerSign": false, "showPictureViewer": false, "repost_type": 1, "share_repost_type": 0, "text": "//@托马斯的车技粉 :听懂掌声[并不简单]"}, "pid": "4749859850290406"}, {"mid": "4749862711068290", "mblogid": "LkV9J4tUu", "uid": 5941173656, "name": "sagebrush123", "data": {"visible_type": 0, "visible_list_id": 0, "time": "2022-03-22 16:49:41", "profile_image_url": "https://tva4.sinaimg.cn/crop.11.0.618.618.50/006u4yFyjw8f4987lzsycj30hs0h6q3n.jpg?KID=imgbed,tva&Expires=1647999935&ssig=5NmQYZAJkq", "profile_url": "/u/5941173656", "verified": true, "verified_type": 0, "domain": "", "weihao": "", "verified_type_ext": 0, "avatar_large": "https://tva4.sinaimg.cn/crop.11.0.618.618.180/006u4yFyjw8f4987lzsycj30hs0h6q3n.jpg?KID=imgbed,tva&Expires=1647999935&ssig=wg%2F2ziOdB4", "avatar_hd": "https://tva4.sinaimg.cn/crop.11.0.618.618.1024/006u4yFyjw8f4987lzsycj30hs0h6q3n.jpg?KID=imgbed,tva&Expires=1647999935&ssig=WXEaG%2FMLXB", "follow_me": false, "following": false, "mbrank": 4, "mbtype": 12, "planet_video": true, "icon_list": [{"type": "vip", "data": {"mbrank": 4, "mbtype": 12}}, {"type": "icon", "data": {"value": "1", "icon_img": "http://n.sinaimg.cn/www/ea31a93f/20220213/feed_icon_BingDwenDwenShueyRhonRhon@2x.png", "title": "微博实现一墩一融", "url": "https://s.weibo.com/weibo?q=%23为中国冬奥健儿加油%23"}}], "can_edit": false, "textLength": null, "source": "", "favorited": false, "cardid": null, "pic_ids": [], "geo": null, "pic_num": 0, "is_paid": false, "mblog_vip_type": 0, "comments_count": 0, "attitudes_count": 0, "attitudes_status": 0, "isLongText": false, "mlevel": 0, "content_auth": 0, "is_show_bulletin": 2, "mblogtype": 0, "showFeedRepost": false, "showFeedComment": false, "pictureViewerSign": false, "showPictureViewer": false, "repost_type": 5, "share_repost_type": 0, "text": "//@爱在深秋时节的傍晚:拜登:[doge][doge][doge][doge]？？？？"}, "pid": "4749859850290406"}, {"mid": "4749862799151717", "mblogid": "LkV9RCoMl", "uid": 7417466321, "name": "一个铁憨憨201207", "data": {"visible_type": 0, "visible_list_id": 0, "time": "2022-03-22 16:50:02", "profile_image_url": "https://tvax2.sinaimg.cn/crop.0.0.664.664.50/0085YVPzly8gd2ny64yshj30ig0ihab0.jpg?KID=imgbed,tva&Expires=1647999935&ssig=q%2BYxvE5xfC", "profile_url": "/u/7417466321", "verified": false, "verified_type": -1, "domain": "", "weihao": "", "verified_type_ext": null, "avatar_large": "https://tvax2.sinaimg.cn/crop.0.0.664.664.180/0085YVPzly8gd2ny64yshj30ig0ihab0.jpg?KID=imgbed,tva&Expires=1647999935&ssig=OHVjlJDV1l", "avatar_hd": "https://tvax2.sinaimg.cn/crop.0.0.664.664.1024/0085YVPzly8gd2ny64yshj30ig0ihab0.jpg?KID=imgbed,tva&Expires=1647999935&ssig=qWKFTMf1Eo", "follow_me": false, "following": false, "mbrank": 0, "mbtype": 0, "planet_video": true, "icon_list": [], "can_edit": false, "textLength": null, "source": "HUAWEI Mate 9", "favorited": false, "cardid": null, "pic_ids": [], "geo": null, "pic_num": 0, "is_paid": false, "mblog_vip_type": 0, "comments_count": 0, "attitudes_count": 0, "attitudes_status": 0, "isLongText": false, "mlevel": 0, "content_auth": 0, "is_show_bulletin": 2, "mblogtype": 0, "showFeedRepost": false, "showFeedComment": false, "pictureViewerSign": false, "showPictureViewer": false, "repost_type": 1, "share_repost_type": 0, "text": "[doge][doge][doge]，有点意思"}, "pid": "4749859850290406"}, {"mid": "4749863910901883", "mblogid": "LkVbF3MCv", "uid": 2711979640, "name": "猪_啊的的", "data": {"visible_type": 0, "visible_list_id": 0, "time": "2022-03-22 16:54:26", "profile_image_url": "https://tvax1.sinaimg.cn/crop.0.0.600.600.50/002XxbN6ly8gts6w75oimj60go0go0sn02.jpg?KID=imgbed,tva&Expires=1647999935&ssig=CM%2BTAZQepg", "profile_url": "/u/2711979640", "verified": false, "verified_type": -1, "domain": "", "weihao": "", "verified_type_ext": null, "avatar_large": "https://tvax1.sinaimg.cn/crop.0.0.600.600.180/002XxbN6ly8gts6w75oimj60go0go0sn02.jpg?KID=imgbed,tva&Expires=1647999935&ssig=C9Q62nsmLz", "avatar_hd": "https://tvax1.sinaimg.cn/crop.0.0.600.600.1024/002XxbN6ly8gts6w75oimj60go0go0sn02.jpg?KID=imgbed,tva&Expires=1647999935&ssig=42IDGHqR1L", "follow_me": false, "following": false, "mbrank": 0, "mbtype": 0, "planet_video": true, "icon_list": [], "can_edit": false, "textLength": null, "source": "iPhone客户端", "favorited": false, "cardid": null, "pic_ids": [], "geo": null, "pic_num": 0, "is_paid": false, "mblog_vip_type": 0, "comments_count": 0, "attitudes_count": 0, "attitudes_status": 0, "isLongText": false, "mlevel": 0, "content_auth": 0, "is_show_bulletin": 2, "mblogtype": 0, "showFeedRepost": false, "showFeedComment": false, "pictureViewerSign": false, "showPictureViewer": false, "repost_type": 4, "share_repost_type": 0, "text": "看看那边印度和巴基斯坦，再瞅瞅这边伊朗和沙特[思考][思考]"}, "pid": "4749859850290406"}, {"mid": "4749863927939554", "mblogid": "LkVbGxjrk", "uid": 6470405650, "name": "吃到了狐狸的葡萄", "data": {"visible_type": 0, "visible_list_id": 0, "time": "2022-03-22 16:54:30", "profile_image_url": "https://tvax3.sinaimg.cn/crop.0.0.788.788.50/0073Ta5sly8h03epr45n5j30lw0lwjsu.jpg?KID=imgbed,tva&Expires=1647999935&ssig=x0qVhz5pLy", "profile_url": "/u/6470405650", "verified": false, "verified_type": -1, "domain": "", "weihao": "", "verified_type_ext": null, "avatar_large": "https://tvax3.sinaimg.cn/crop.0.0.788.788.180/0073Ta5sly8h03epr45n5j30lw0lwjsu.jpg?KID=imgbed,tva&Expires=1647999935&ssig=4J3SBqOHRA", "avatar_hd": "https://tvax3.sinaimg.cn/crop.0.0.788.788.1024/0073Ta5sly8h03epr45n5j30lw0lwjsu.jpg?KID=imgbed,tva&Expires=1647999935&ssig=ZHpJSzmEGY", "follow_me": false, "following": false, "mbrank": 0, "mbtype": 0, "planet_video": false, "icon_list": [], "can_edit": false, "textLength": null, "source": "iPhone客户端", "favorited": false, "cardid": null, "pic_ids": [], "geo": null, "pic_num": 0, "is_paid": false, "mblog_vip_type": 0, "comments_count": 0, "attitudes_count": 0, "attitudes_status": 0, "isLongText": false, "mlevel": 0, "content_auth": 0, "is_show_bulletin": 2, "mblogtype": 0, "showFeedRepost": false, "showFeedComment": false, "pictureViewerSign": false, "showPictureViewer": false, "repost_type": 2, "share_repost_type": 0, "text": "快转微博"}, "pid": "4749859850290406"}, {"mid": "4749864061113422", "mblogid": "LkVbU4FEq", "uid": 3679654473, "name": "元宝亮闪闪", "data": {"visible_type": 0, "visible_list_id": 0, "time": "2022-03-22 16:55:03", "profile_image_url": "https://tvax3.sinaimg.cn/crop.0.0.1080.1080.50/db531249ly8fztvcts9b8j20u00u0jtb.jpg?KID=imgbed,tva&Expires=1647999935&ssig=4p%2F9ni7f8i", "profile_url": "/u/3679654473", "verified": false, "verified_type": -1, "domain": "tiantianyuanbao", "weihao": "", "verified_type_ext": null, "avatar_large": "https://tvax3.sinaimg.cn/crop.0.0.1080.1080.180/db531249ly8fztvcts9b8j20u00u0jtb.jpg?KID=imgbed,tva&Expires=1647999935&ssig=EVJtmoucOi", "avatar_hd": "https://tvax3.sinaimg.cn/crop.0.0.1080.1080.1024/db531249ly8fztvcts9b8j20u00u0jtb.jpg?KID=imgbed,tva&Expires=1647999935&ssig=3j0UVyfITQ", "follow_me": false, "following": false, "mbrank": 6, "mbtype": 11, "planet_video": false, "icon_list": [{"type": "vip", "data": {"mbrank": 6, "mbtype": 11}}], "can_edit": false, "textLength": null, "source": "iPhone 11 Pro Max", "favorited": false, "cardid": null, "pic_ids": [], "geo": null, "pic_num": 0, "is_paid": false, "mblog_vip_type": 0, "comments_count": 0, "attitudes_count": 0, "attitudes_status": 0, "isLongText": false, "mlevel": 0, "content_auth": 0, "is_show_bulletin": 2, "mblogtype": 0, "showFeedRepost": false, "showFeedComment": false, "pictureViewerSign": false, "showPictureViewer": false, "repost_type": 5, "share_repost_type": 0, "text": "//@猪_啊的的:看看那边印度和巴基斯坦，再瞅瞅这边伊朗和沙特[思考][思考]"}, "pid": "4749859850290406"}, {"mid": "4749866888857654", "mblogid": "LkVgsBaho", "uid": 7305910597, "name": "离理得胜", "data": {"visible_type": 0, "visible_list_id": 0, "time": "2022-03-22 17:06:17", "profile_image_url": "https://tvax2.sinaimg.cn/crop.0.0.1002.1002.50/007YqR5Hly8g6zis0ljehj30ru0ruq3w.jpg?KID=imgbed,tva&Expires=1647999935&ssig=5TsgCn8EaG", "profile_url": "/u/7305910597", "verified": false, "verified_type": -1, "domain": "", "weihao": "", "verified_type_ext": null, "avatar_large": "https://tvax2.sinaimg.cn/crop.0.0.1002.1002.180/007YqR5Hly8g6zis0ljehj30ru0ruq3w.jpg?KID=imgbed,tva&Expires=1647999935&ssig=eRw1uc8JGK", "avatar_hd": "https://tvax2.sinaimg.cn/crop.0.0.1002.1002.1024/007YqR5Hly8g6zis0ljehj30ru0ruq3w.jpg?KID=imgbed,tva&Expires=1647999935&ssig=fvLS2tpYMX", "follow_me": false, "following": false, "mbrank": 0, "mbtype": 0, "planet_video": true, "icon_list": [], "can_edit": false, "textLength": null, "source": "坚果 R2", "favorited": false, "cardid": null, "pic_ids": [], "geo": null, "pic_num": 0, "is_paid": false, "mblog_vip_type": 0, "comments_count": 0, "attitudes_count": 0, "attitudes_status": 0, "isLongText": false, "mlevel": 0, "content_auth": 0, "is_show_bulletin": 2, "mblogtype": 0, "showFeedRepost": false, "showFeedComment": false, "pictureViewerSign": false, "showPictureViewer": false, "repost_type": 2, "share_repost_type": 0, "text": "快转微博"}, "pid": "4749859850290406"}, {"mid": "4749870529515840", "mblogid": "LkVmkDVvi", "uid": 1995560901, "name": "sz深蓝", "data": {"visible_type": 0, "visible_list_id": 0, "time": "2022-03-22 17:20:45", "profile_image_url": "https://tva4.sinaimg.cn/crop.0.0.180.180.50/76f1d7c5jw1e8qgp5bmzyj2050050aa8.jpg?KID=imgbed,tva&Expires=1647999935&ssig=8IYYj%2FtV6z", "profile_url": "/u/1995560901", "verified": false, "verified_type": -1, "domain": "", "weihao": "", "verified_type_ext": null, "avatar_large": "https://tva4.sinaimg.cn/crop.0.0.180.180.180/76f1d7c5jw1e8qgp5bmzyj2050050aa8.jpg?KID=imgbed,tva&Expires=1647999935&ssig=1FhSEUl8C%2F", "avatar_hd": "https://tva4.sinaimg.cn/crop.0.0.180.180.1024/76f1d7c5jw1e8qgp5bmzyj2050050aa8.jpg?KID=imgbed,tva&Expires=1647999935&ssig=98VJfoMI0l", "follow_me": false, "following": false, "mbrank": 0, "mbtype": 0, "planet_video": true, "icon_list": [], "can_edit": false, "textLength": null, "source": "新版微博 weibo.com", "favorited": false, "cardid": null, "pic_ids": [], "geo": null, "pic_num": 0, "is_paid": false, "mblog_vip_type": 0, "comments_count": 0, "attitudes_count": 0, "attitudes_status": 0, "isLongText": false, "mlevel": 0, "content_auth": 0, "is_show_bulletin": 2, "mblogtype": 0, "showFeedRepost": false, "showFeedComment": false, "pictureViewerSign": false, "showPictureViewer": false, "repost_type": 4, "share_repost_type": 0, "text": "这戏演得。。。"}, "pid": "4749859850290406"}, {"mid": "4749877416562303", "mblogid": "LkVxrrx9B", "uid": 6536791010, "name": "唧唧复唧唧耳东", "data": {"visible_type": 0, "visible_list_id": 0, "time": "2022-03-22 17:48:07", "profile_image_url": "https://tvax4.sinaimg.cn/crop.0.0.1008.1008.50/0078nHX4ly8gim2olbpz1j30s00s03ze.jpg?KID=imgbed,tva&Expires=1647999935&ssig=RtJEMO0%2BZa", "profile_url": "/u/6536791010", "verified": false, "verified_type": -1, "domain": "gigigigi54", "weihao": "", "verified_type_ext": null, "avatar_large": "https://tvax4.sinaimg.cn/crop.0.0.1008.1008.180/0078nHX4ly8gim2olbpz1j30s00s03ze.jpg?KID=imgbed,tva&Expires=1647999935&ssig=HFDTIO2db3", "avatar_hd": "https://tvax4.sinaimg.cn/crop.0.0.1008.1008.1024/0078nHX4ly8gim2olbpz1j30s00s03ze.jpg?KID=imgbed,tva&Expires=1647999935&ssig=c%2FnSKTlmls", "follow_me": false, "following": false, "mbrank": 1, "mbtype": 2, "planet_video": true, "icon_list": [], "can_edit": false, "textLength": null, "source": "iPhone客户端", "favorited": false, "cardid": null, "pic_ids": [], "geo": null, "pic_num": 0, "is_paid": false, "mblog_vip_type": 0, "comments_count": 0, "attitudes_count": 0, "attitudes_status": 0, "isLongText": false, "mlevel": 0, "content_auth": 0, "is_show_bulletin": 2, "mblogtype": 0, "showFeedRepost": false, "showFeedComment": false, "pictureViewerSign": false, "showPictureViewer": false, "repost_type": 3, "share_repost_type": 0, "text": "不增产了？"}, "pid": "4749859850290406"}, {"mid": "4749877680277594", "mblogid": "LkVxS1adk", "uid": 1946192501, "name": "潇湘风骨__海纳气概", "data": {"visible_type": 0, "visible_list_id": 0, "time": "2022-03-22 17:49:10", "profile_image_url": "https://tvax4.sinaimg.cn/crop.0.0.750.750.50/74008a75ly8g7vl4gydjpj20ku0kuabc.jpg?KID=imgbed,tva&Expires=1647999935&ssig=T5hodCu53C", "profile_url": "/u/1946192501", "verified": false, "verified_type": -1, "domain": "", "weihao": "", "verified_type_ext": null, "avatar_large": "https://tvax4.sinaimg.cn/crop.0.0.750.750.180/74008a75ly8g7vl4gydjpj20ku0kuabc.jpg?KID=imgbed,tva&Expires=1647999935&ssig=C7kC%2BevAgX", "avatar_hd": "https://tvax4.sinaimg.cn/crop.0.0.750.750.1024/74008a75ly8g7vl4gydjpj20ku0kuabc.jpg?KID=imgbed,tva&Expires=1647999935&ssig=xlip4Duscc", "follow_me": false, "following": false, "mbrank": 0, "mbtype": 0, "planet_video": true, "icon_list": [{"type": "icon", "data": {"value": "1", "icon_img": "http://n.sinaimg.cn/www/ea31a93f/20220213/feed_icon_BingDwenDwenShueyRhonRhon@2x.png", "title": "微博实现一墩一融", "url": "https://s.weibo.com/weibo?q=%23为中国冬奥健儿加油%23"}}, {"type": "icon", "data": {"value": "1", "icon_img": "https://h5.sinaimg.cn/upload/106/1683/2022/03/18/feed_icon_chuntian_default.png", "title": "你好春天", "url": "https://s.weibo.com/weibo/%23%E4%BD%A0%E5%A5%BD%E6%98%A5%E5%A4%A9%23"}}], "can_edit": false, "textLength": null, "source": "iPhone客户端", "favorited": false, "cardid": null, "pic_ids": [], "geo": null, "pic_num": 0, "is_paid": false, "mblog_vip_type": 0, "comments_count": 0, "attitudes_count": 0, "attitudes_status": 0, "isLongText": false, "mlevel": 0, "content_auth": 0, "is_show_bulletin": 2, "mblogtype": 0, "showFeedRepost": false, "showFeedComment": false, "pictureViewerSign": false, "showPictureViewer": false, "repost_type": 2, "share_repost_type": 0, "text": "快转微博"}, "pid": "4749859850290406"}, {"mid": "4749879719493932", "mblogid": "LkVB9DPNW", "uid": 6501740540, "name": "千里奇袭利沃夫", "data": {"visible_type": 0, "visible_list_id": 0, "time": "2022-03-22 17:57:15", "profile_image_url": "https://tvax4.sinaimg.cn/crop.0.0.666.666.50/00760DIUly8h077xskv91j30ii0ii0ut.jpg?KID=imgbed,tva&Expires=1647999935&ssig=281u0pglcR", "profile_url": "/u/6501740540", "verified": false, "verified_type": -1, "domain": "", "weihao": "", "verified_type_ext": null, "avatar_large": "https://tvax4.sinaimg.cn/crop.0.0.666.666.180/00760DIUly8h077xskv91j30ii0ii0ut.jpg?KID=imgbed,tva&Expires=1647999935&ssig=xnmUtXyHyX", "avatar_hd": "https://tvax4.sinaimg.cn/crop.0.0.666.666.1024/00760DIUly8h077xskv91j30ii0ii0ut.jpg?KID=imgbed,tva&Expires=1647999935&ssig=A3DYWVR2MY", "follow_me": false, "following": false, "mbrank": 1, "mbtype": 12, "planet_video": true, "icon_list": [{"type": "vip", "data": {"mbrank": 1, "mbtype": 12}}], "can_edit": false, "textLength": null, "source": "HUAWEI P40 Pro 5G", "favorited": false, "cardid": null, "pic_ids": [], "geo": null, "pic_num": 0, "is_paid": false, "mblog_vip_type": 0, "comments_count": 0, "attitudes_count": 0, "attitudes_status": 0, "isLongText": false, "mlevel": 0, "content_auth": 0, "is_show_bulletin": 2, "mblogtype": 0, "showFeedRepost": false, "showFeedComment": false, "pictureViewerSign": false, "showPictureViewer": false, "repost_type": 1, "share_repost_type": 0, "text": "转发微博"}, "pid": "4749859850290406"}, {"mid": "4749880003659118", "mblogid": "LkVBCflU2", "uid": 6057331483, "name": "为了权世界的和平", "data": {"visible_type": 0, "visible_list_id": 0, "time": "2022-03-22 17:58:24", "profile_image_url": "https://tvax4.sinaimg.cn/crop.0.0.996.996.50/006BVWCTly8fyfh925spwj30ro0ro3zl.jpg?KID=imgbed,tva&Expires=1647999935&ssig=lRJPsAkn0j", "profile_url": "/u/6057331483", "verified": false, "verified_type": -1, "domain": "", "weihao": "", "verified_type_ext": null, "avatar_large": "https://tvax4.sinaimg.cn/crop.0.0.996.996.180/006BVWCTly8fyfh925spwj30ro0ro3zl.jpg?KID=imgbed,tva&Expires=1647999935&ssig=dUKNEa2%2BUD", "avatar_hd": "https://tvax4.sinaimg.cn/crop.0.0.996.996.1024/006BVWCTly8fyfh925spwj30ro0ro3zl.jpg?KID=imgbed,tva&Expires=1647999935&ssig=I%2FNQzen5qp", "follow_me": false, "following": false, "mbrank": 1, "mbtype": 2, "planet_video": true, "icon_list": [], "can_edit": false, "textLength": null, "source": "HarmonyOS设备", "favorited": false, "cardid": null, "pic_ids": [], "geo": null, "pic_num": 0, "is_paid": false, "mblog_vip_type": 0, "comments_count": 0, "attitudes_count": 0, "attitudes_status": 0, "isLongText": false, "mlevel": 0, "content_auth": 0, "is_show_bulletin": 2, "mblogtype": 0, "showFeedRepost": false, "showFeedComment": false, "pictureViewerSign": false, "showPictureViewer": false, "repost_type": 1, "share_repost_type": 0, "text": "[doge]"}, "pid": "4749859850290406"}, {"mid": "4749882620904074", "mblogid": "LkVFQ3NbQ", "uid": 6364624954, "name": "视野分析师", "data": {"visible_type": 0, "visible_list_id": 0, "time": "2022-03-22 18:08:47", "profile_image_url": "https://tvax3.sinaimg.cn/crop.0.0.996.996.50/006WJjHcly8gdhk10uspij30ro0rojty.jpg?KID=imgbed,tva&Expires=1647999935&ssig=8%2FYfK7SJh5", "profile_url": "/u/6364624954", "verified": false, "verified_type": -1, "domain": "", "weihao": "", "verified_type_ext": null, "avatar_large": "https://tvax3.sinaimg.cn/crop.0.0.996.996.180/006WJjHcly8gdhk10uspij30ro0rojty.jpg?KID=imgbed,tva&Expires=1647999935&ssig=4s7oAse6I%2B", "avatar_hd": "https://tvax3.sinaimg.cn/crop.0.0.996.996.1024/006WJjHcly8gdhk10uspij30ro0rojty.jpg?KID=imgbed,tva&Expires=1647999935&ssig=EmjykwlZCn", "follow_me": false, "following": false, "mbrank": 0, "mbtype": 0, "planet_video": false, "icon_list": [], "can_edit": false, "textLength": null, "source": "OPPO随光而变R17", "favorited": false, "cardid": null, "pic_ids": [], "geo": null, "pic_num": 0, "is_paid": false, "mblog_vip_type": 0, "comments_count": 0, "attitudes_count": 0, "attitudes_status": 0, "isLongText": false, "mlevel": 0, "content_auth": 0, "is_show_bulletin": 2, "mblogtype": 0, "showFeedRepost": false, "showFeedComment": false, "pictureViewerSign": false, "showPictureViewer": false, "repost_type": 2, "share_repost_type": 0, "text": "快转微博"}, "pid": "4749859850290406"}, {"mid": "4749883057635798", "mblogid": "LkVGxw2q2", "uid": 1921164491, "name": "Free丨Bird", "data": {"visible_type": 0, "visible_list_id": 0, "time": "2022-03-22 18:10:31", "profile_image_url": "https://tva4.sinaimg.cn/crop.0.0.640.640.50/7282a4cbjw8elobrebbuoj20hs0hs752.jpg?KID=imgbed,tva&Expires=1647999935&ssig=WZF2Z3aIoX", "profile_url": "/u/1921164491", "verified": false, "verified_type": -1, "domain": "caigaobandou", "weihao": "", "verified_type_ext": null, "avatar_large": "https://tva4.sinaimg.cn/crop.0.0.640.640.180/7282a4cbjw8elobrebbuoj20hs0hs752.jpg?KID=imgbed,tva&Expires=1647999935&ssig=br%2Fwls85pa", "avatar_hd": "https://tva4.sinaimg.cn/crop.0.0.640.640.1024/7282a4cbjw8elobrebbuoj20hs0hs752.jpg?KID=imgbed,tva&Expires=1647999935&ssig=7xgQTbo7%2Fq", "follow_me": false, "following": false, "mbrank": 0, "mbtype": 0, "planet_video": true, "icon_list": [], "can_edit": false, "textLength": null, "source": "VVebo", "favorited": false, "cardid": null, "pic_ids": [], "geo": null, "pic_num": 0, "is_paid": false, "mblog_vip_type": 0, "comments_count": 0, "attitudes_count": 0, "attitudes_status": 0, "isLongText": false, "mlevel": 0, "content_auth": 0, "is_show_bulletin": 2, "mblogtype": 0, "showFeedRepost": false, "showFeedComment": false, "pictureViewerSign": false, "showPictureViewer": false, "repost_type": 1, "share_repost_type": 0, "text": "转发微博"}, "pid": "4749859850290406"}, {"mid": "4749885679864692", "mblogid": "LkVKLFofW", "uid": 6167869710, "name": "RoadSchell", "data": {"visible_type": 0, "visible_list_id": 0, "time": "2022-03-22 18:20:57", "profile_image_url": "https://tvax4.sinaimg.cn/crop.0.0.996.996.50/006JpKFwly8gdimhzdq00j30ro0ro0uh.jpg?KID=imgbed,tva&Expires=1647999935&ssig=twaQxS%2FT8Y", "profile_url": "/u/6167869710", "verified": false, "verified_type": -1, "domain": "", "weihao": "", "verified_type_ext": null, "avatar_large": "https://tvax4.sinaimg.cn/crop.0.0.996.996.180/006JpKFwly8gdimhzdq00j30ro0ro0uh.jpg?KID=imgbed,tva&Expires=1647999935&ssig=8zpSCYzWsX", "avatar_hd": "https://tvax4.sinaimg.cn/crop.0.0.996.996.1024/006JpKFwly8gdimhzdq00j30ro0ro0uh.jpg?KID=imgbed,tva&Expires=1647999935&ssig=z7JJzBmbjD", "follow_me": false, "following": false, "mbrank": 1, "mbtype": 2, "planet_video": true, "icon_list": [{"type": "icon", "data": {"value": "1", "icon_img": "http://n.sinaimg.cn/www/ea31a93f/20220213/feed_icon_BingDwenDwenShueyRhonRhon@2x.png", "title": "微博实现一墩一融", "url": "https://s.weibo.com/weibo?q=%23为中国冬奥健儿加油%23"}}, {"type": "icon", "data": {"value": "1", "icon_img": "https://h5.sinaimg.cn/upload/106/1683/2022/03/18/feed_icon_chuntian_default.png", "title": "你好春天", "url": "https://s.weibo.com/weibo/%23%E4%BD%A0%E5%A5%BD%E6%98%A5%E5%A4%A9%23"}}], "can_edit": false, "textLength": null, "source": "HUAWEI P30", "favorited": false, "cardid": null, "pic_ids": [], "geo": null, "pic_num": 0, "is_paid": false, "mblog_vip_type": 0, "comments_count": 0, "attitudes_count": 0, "attitudes_status": 0, "isLongText": false, "mlevel": 0, "content_auth": 0, "is_show_bulletin": 2, "mblogtype": 0, "showFeedRepost": false, "showFeedComment": false, "pictureViewerSign": false, "showPictureViewer": false, "repost_type": 1, "share_repost_type": 0, "text": "转发微博"}, "pid": "4749859850290406"}, {"mid": "4749890376175908", "mblogid": "LkVSlpUDq", "uid": 2449940394, "name": "宁波痞子熊", "data": {"visible_type": 0, "visible_list_id": 0, "time": "2022-03-22 18:39:37", "profile_image_url": "https://tva1.sinaimg.cn/crop.0.0.996.996.50/92071faajw8f02m0xs3g3j20ro0rpaex.jpg?KID=imgbed,tva&Expires=1647999935&ssig=Dj7Tv5L%2B4%2F", "profile_url": "/u/2449940394", "verified": false, "verified_type": -1, "domain": "", "weihao": "", "verified_type_ext": null, "avatar_large": "https://tva1.sinaimg.cn/crop.0.0.996.996.180/92071faajw8f02m0xs3g3j20ro0rpaex.jpg?KID=imgbed,tva&Expires=1647999935&ssig=3bUWQ59TQj", "avatar_hd": "https://tva1.sinaimg.cn/crop.0.0.996.996.1024/92071faajw8f02m0xs3g3j20ro0rpaex.jpg?KID=imgbed,tva&Expires=1647999935&ssig=I7hP8s%2BKNY", "follow_me": false, "following": false, "mbrank": 0, "mbtype": 0, "planet_video": true, "icon_list": [], "can_edit": false, "textLength": null, "source": "HUAWEI Mate 30 5G", "favorited": false, "cardid": null, "pic_ids": [], "geo": null, "pic_num": 0, "is_paid": false, "mblog_vip_type": 0, "comments_count": 0, "attitudes_count": 0, "attitudes_status": 0, "isLongText": false, "mlevel": 0, "content_auth": 0, "is_show_bulletin": 2, "mblogtype": 0, "showFeedRepost": false, "showFeedComment": false, "pictureViewerSign": false, "showPictureViewer": false, "repost_type": 1, "share_repost_type": 0, "text": "转发微博"}, "pid": "4749859850290406"}, {"mid": "4749891353445449", "mblogid": "LkVTVesjL", "uid": 6429137315, "name": "认真工作的紫玉", "data": {"visible_type": 0, "visible_list_id": 0, "time": "2022-03-22 18:43:29", "profile_image_url": "https://tvax1.sinaimg.cn/crop.0.0.568.568.50/007160j9ly8g6iz4kpn8yj30fs0fswfl.jpg?KID=imgbed,tva&Expires=1647999935&ssig=9dxQAAnjzA", "profile_url": "/u/6429137315", "verified": false, "verified_type": -1, "domain": "", "weihao": "", "verified_type_ext": null, "avatar_large": "https://tvax1.sinaimg.cn/crop.0.0.568.568.180/007160j9ly8g6iz4kpn8yj30fs0fswfl.jpg?KID=imgbed,tva&Expires=1647999935&ssig=6cnvpK%2BIT2", "avatar_hd": "https://tvax1.sinaimg.cn/crop.0.0.568.568.1024/007160j9ly8g6iz4kpn8yj30fs0fswfl.jpg?KID=imgbed,tva&Expires=1647999935&ssig=qXCxULXOvf", "follow_me": false, "following": false, "mbrank": 0, "mbtype": 0, "planet_video": false, "icon_list": [], "can_edit": false, "textLength": null, "source": "新版微博 weibo.com", "favorited": false, "cardid": "star_1518", "pic_ids": [], "geo": null, "pic_num": 0, "is_paid": false, "mblog_vip_type": 0, "comments_count": 0, "attitudes_count": 0, "attitudes_status": 0, "isLongText": false, "mlevel": 0, "content_auth": 0, "is_show_bulletin": 2, "mblogtype": 0, "showFeedRepost": false, "showFeedComment": false, "pictureViewerSign": false, "showPictureViewer": false, "repost_type": 1, "share_repost_type": 0, "text": "233333"}, "pid": "4749859850290406"}, {"mid": "4749994005365374", "mblogid": "LkYzumvMi", "uid": 2685538053, "name": "肆苗", "data": {"visible_type": 0, "visible_list_id": 0, "time": "2022-03-23 01:31:24", "profile_image_url": "https://tvax3.sinaimg.cn/crop.0.0.1002.1002.50/a0120f05ly8gqlp3yz2ktj20ru0rudjr.jpg?KID=imgbed,tva&Expires=1647999935&ssig=TtM0R5xApr", "profile_url": "/u/2685538053", "verified": false, "verified_type": -1, "domain": "", "weihao": "", "verified_type_ext": null, "avatar_large": "https://tvax3.sinaimg.cn/crop.0.0.1002.1002.180/a0120f05ly8gqlp3yz2ktj20ru0rudjr.jpg?KID=imgbed,tva&Expires=1647999935&ssig=b2ZCk5W%2FIQ", "avatar_hd": "https://tvax3.sinaimg.cn/crop.0.0.1002.1002.1024/a0120f05ly8gqlp3yz2ktj20ru0rudjr.jpg?KID=imgbed,tva&Expires=1647999935&ssig=jhBX%2BTOpmh", "follow_me": false, "following": false, "mbrank": 2, "mbtype": 2, "planet_video": false, "icon_list": [], "can_edit": false, "textLength": null, "source": "小米10S", "favorited": false, "cardid": null, "pic_ids": [], "geo": null, "pic_num": 0, "is_paid": false, "mblog_vip_type": 0, "comments_count": 0, "attitudes_count": 0, "attitudes_status": 0, "isLongText": false, "mlevel": 0, "content_auth": 0, "is_show_bulletin": 2, "mblogtype": 0, "showFeedRepost": false, "showFeedComment": false, "pictureViewerSign": false, "showPictureViewer": false, "repost_type": 2, "share_repost_type": 0, "text": "//@猫不埋咖啡:网友整理的耗子。评论无法发图[怒] http://t.cn/A66XN4ve"}, "pid": "4749859850290406"}, {"mid": "4750006463234271", "mblogid": "LkYTAdznF", "uid": 7743898929, "name": "gtmdjzjrfwh", "data": {"visible_type": 0, "visible_list_id": 0, "time": "2022-03-23 02:20:54", "profile_image_url": "https://tvax2.sinaimg.cn/crop.0.0.1080.1080.50/008s4BRDly8gzxngvs6fmj30u00u0dia.jpg?KID=imgbed,tva&Expires=1647999935&ssig=3WW7MoA7mK", "profile_url": "/u/7743898929", "verified": false, "verified_type": -1, "domain": "", "weihao": "", "verified_type_ext": null, "avatar_large": "https://tvax2.sinaimg.cn/crop.0.0.1080.1080.180/008s4BRDly8gzxngvs6fmj30u00u0dia.jpg?KID=imgbed,tva&Expires=1647999935&ssig=DWw7pnPx6N", "avatar_hd": "https://tvax2.sinaimg.cn/crop.0.0.1080.1080.1024/008s4BRDly8gzxngvs6fmj30u00u0dia.jpg?KID=imgbed,tva&Expires=1647999935&ssig=qlkDZFQb53", "follow_me": false, "following": false, "mbrank": 1, "mbtype": 11, "planet_video": true, "icon_list": [{"type": "vip", "data": {"mbrank": 1, "mbtype": 11}}], "can_edit": false, "textLength": null, "source": "iPhone 12 Pro", "favorited": false, "cardid": null, "pic_ids": [], "geo": null, "pic_num": 0, "is_paid": false, "mblog_vip_type": 0, "comments_count": 0, "attitudes_count": 0, "attitudes_status": 0, "isLongText": false, "mlevel": 0, "content_auth": 0, "is_show_bulletin": 2, "mblogtype": 0, "showFeedRepost": false, "showFeedComment": false, "pictureViewerSign": false, "showPictureViewer": false, "repost_type": 1, "share_repost_type": 0, "text": "[挖鼻]我高度怀疑这是沙特自导自演"}, "pid": "4749859850290406"}]