[{"mid": "4749879262053742", "mblogid": "LkVAq8CgS", "uid": 3727617093, "name": "谭小姐说股市", "data": {"visible_type": 0, "visible_list_id": 0, "time": "2022-03-22 17:55:27", "profile_image_url": "https://tvax2.sinaimg.cn/crop.0.0.512.512.50/de2eec45ly8gwe0c9r3qmj20e80e874o.jpg?KID=imgbed,tva&Expires=1648029682&ssig=DrUVHwW24Z", "profile_url": "/u/3727617093", "verified": true, "verified_type": 0, "domain": "", "weihao": "", "verified_type_ext": 1, "avatar_large": "https://tvax2.sinaimg.cn/crop.0.0.512.512.180/de2eec45ly8gwe0c9r3qmj20e80e874o.jpg?KID=imgbed,tva&Expires=1648029682&ssig=wI5fgZYWJw", "avatar_hd": "https://tvax2.sinaimg.cn/crop.0.0.512.512.1024/de2eec45ly8gwe0c9r3qmj20e80e874o.jpg?KID=imgbed,tva&Expires=1648029682&ssig=lig8z9ZyOU", "follow_me": false, "following": false, "mbrank": 6, "mbtype": 11, "planet_video": false, "icon_list": [{"type": "vip", "data": {"mbrank": 6, "mbtype": 11}}], "can_edit": false, "textLength": 339, "source": "", "favorited": false, "cardid": "star_1281", "pic_ids": [], "geo": null, "pic_num": 0, "is_paid": false, "mblog_vip_type": 0, "comments_count": 0, "attitudes_count": 407, "attitudes_status": 0, "isLongText": true, "mlevel": 0, "content_auth": 0, "is_show_bulletin": 2, "mblogtype": 0, "showFeedRepost": false, "showFeedComment": false, "pictureViewerSign": false, "showPictureViewer": false, "repost_type": null, "share_repost_type": 0, "text": "北向资金净卖出-9.22亿，外资今日“增持买入”10股，名单来了：\n招商银行 （2.83亿）银行\n紫金矿业 （1.89亿）金属铜\n宁德时代 （1.83亿）锂电池\n阳光电源 （1.59亿）光伏\n上海医药 （1.53亿）医药\n复星医药 （1.05亿）医药\n兴业银行 （8175.04万）银行\n顺丰控股 （4669.74万）快递\n万科A     （1145.0 ​​​"}}]