[{"mid": "4749906478367667", "mblogid": "LkWijz6On", "uid": 5393135816, "name": "寰亚SYHP", "data": {"visible_type": 0, "visible_list_id": 0, "time": "2022-03-22 19:43:36", "profile_image_url": "https://tvax4.sinaimg.cn/crop.0.0.1002.1002.50/005SZ2Zyly8gdi2122ukwj30ru0ruq5l.jpg?KID=imgbed,tva&Expires=1648030572&ssig=gWdcfEdPQs", "profile_url": "/u/5393135816", "verified": true, "verified_type": 0, "domain": "", "weihao": "", "verified_type_ext": 1, "avatar_large": "https://tvax4.sinaimg.cn/crop.0.0.1002.1002.180/005SZ2Zyly8gdi2122ukwj30ru0ruq5l.jpg?KID=imgbed,tva&Expires=1648030572&ssig=427wyY%2BjzC", "avatar_hd": "https://tvax4.sinaimg.cn/crop.0.0.1002.1002.1024/005SZ2Zyly8gdi2122ukwj30ru0ruq5l.jpg?KID=imgbed,tva&Expires=1648030572&ssig=HlNlsFcbo1", "follow_me": false, "following": false, "mbrank": 7, "mbtype": 12, "planet_video": false, "icon_list": [{"type": "vip", "data": {"mbrank": 7, "mbtype": 12}}], "can_edit": false, "textLength": 200, "source": "微博视频号", "favorited": false, "cardid": null, "pic_ids": [], "geo": null, "pic_num": 0, "is_paid": false, "mblog_vip_type": 0, "comments_count": 254, "attitudes_count": 696, "attitudes_status": 0, "isLongText": false, "mlevel": 8388608, "content_auth": 0, "is_show_bulletin": 2, "mblogtype": 0, "showFeedRepost": false, "showFeedComment": false, "pictureViewerSign": false, "showPictureViewer": false, "repost_type": null, "share_repost_type": 0, "text": "2022十大国际新闻人物，非乌克兰总统泽连斯基莫属，无论夸或贬，都是影响力。能让高冷的欧美议员放下身段，为他喝彩。即使互相利用，也是前无古人，后无来者。→_→你服或不服，不服也🉐服。 http://t.cn/A66XYymg ​​​"}}, {"mid": "4749907418156651", "mblogid": "LkWjPydUT", "uid": 1014055951, "name": "皇傲雪", "data": {"visible_type": 0, "visible_list_id": 0, "time": "2022-03-22 19:47:20", "profile_image_url": "https://tva2.sinaimg.cn/crop.0.0.180.180.50/3c71440fjw1e8qgp5bmzyj2050050aa8.jpg?KID=imgbed,tva&Expires=1648030575&ssig=BGUiuSqkbm", "profile_url": "/u/1014055951", "verified": false, "verified_type": -1, "domain": "qck85", "weihao": "", "verified_type_ext": null, "avatar_large": "https://tva2.sinaimg.cn/crop.0.0.180.180.180/3c71440fjw1e8qgp5bmzyj2050050aa8.jpg?KID=imgbed,tva&Expires=1648030575&ssig=coQNjbX70K", "avatar_hd": "https://tva2.sinaimg.cn/crop.0.0.180.180.1024/3c71440fjw1e8qgp5bmzyj2050050aa8.jpg?KID=imgbed,tva&Expires=1648030575&ssig=PJYQYWJGTH", "follow_me": false, "following": false, "mbrank": 4, "mbtype": 12, "planet_video": true, "icon_list": [{"type": "vip", "data": {"mbrank": 4, "mbtype": 12}}], "can_edit": false, "textLength": null, "source": "HUAWEI P40 Pro 5G", "favorited": false, "cardid": null, "pic_ids": [], "geo": null, "pic_num": 0, "is_paid": false, "mblog_vip_type": 0, "comments_count": 0, "attitudes_count": 0, "attitudes_status": 0, "isLongText": false, "mlevel": 8388608, "content_auth": 0, "is_show_bulletin": 2, "mblogtype": 0, "showFeedRepost": false, "showFeedComment": false, "pictureViewerSign": false, "showPictureViewer": false, "repost_type": 3, "share_repost_type": 0, "text": "典型的狐假虎威，如果他不是美国的棋子，谁会给他这个脸"}, "pid": "4749906478367667"}, {"mid": "4749907568889314", "mblogid": "LkWk4Biw2", "uid": 2936750293, "name": "蒌蒿Halo", "data": {"visible_type": 0, "visible_list_id": 0, "time": "2022-03-22 19:47:56", "profile_image_url": "https://tvax3.sinaimg.cn/crop.3.0.153.153.50/af0b40d5ly8h019io7ee6j204g049dfs.jpg?KID=imgbed,tva&Expires=1648030574&ssig=hLDvsOK8Mo", "profile_url": "/u/2936750293", "verified": false, "verified_type": -1, "domain": "", "weihao": "", "verified_type_ext": null, "avatar_large": "https://tvax3.sinaimg.cn/crop.3.0.153.153.180/af0b40d5ly8h019io7ee6j204g049dfs.jpg?KID=imgbed,tva&Expires=1648030574&ssig=sDMj9y4l4Y", "avatar_hd": "https://tvax3.sinaimg.cn/crop.3.0.153.153.1024/af0b40d5ly8h019io7ee6j204g049dfs.jpg?KID=imgbed,tva&Expires=1648030574&ssig=z2OGRr%2Bm0c", "follow_me": false, "following": false, "mbrank": 0, "mbtype": 0, "planet_video": true, "icon_list": [], "can_edit": false, "textLength": null, "source": "VVebo", "favorited": false, "cardid": "star_583", "pic_ids": [], "geo": null, "pic_num": 0, "is_paid": false, "mblog_vip_type": 0, "comments_count": 0, "attitudes_count": 0, "attitudes_status": 0, "isLongText": false, "mlevel": 8388608, "content_auth": 0, "is_show_bulletin": 2, "mblogtype": 0, "showFeedRepost": false, "showFeedComment": false, "pictureViewerSign": false, "showPictureViewer": false, "repost_type": 1, "share_repost_type": 0, "text": "享受过演员的恣意与洒脱，经历过总统的无上权力与世界级瞩目，此人生足矣足矣"}, "pid": "4749906478367667"}, {"mid": "4749907666407556", "mblogid": "LkWkeqSTG", "uid": 6822766715, "name": "夹去天堂的恶之花", "data": {"visible_type": 0, "visible_list_id": 0, "time": "2022-03-22 19:48:19", "profile_image_url": "https://tvax1.sinaimg.cn/crop.0.0.1002.1002.50/007rJDirly8gen0e3q00uj30ru0ru404.jpg?KID=imgbed,tva&Expires=1648030574&ssig=L3lAgYDihv", "profile_url": "/u/6822766715", "verified": false, "verified_type": -1, "domain": "", "weihao": "", "verified_type_ext": null, "avatar_large": "https://tvax1.sinaimg.cn/crop.0.0.1002.1002.180/007rJDirly8gen0e3q00uj30ru0ru404.jpg?KID=imgbed,tva&Expires=1648030574&ssig=R7O34%2B%2FKaM", "avatar_hd": "https://tvax1.sinaimg.cn/crop.0.0.1002.1002.1024/007rJDirly8gen0e3q00uj30ru0ru404.jpg?KID=imgbed,tva&Expires=1648030574&ssig=yuwiNTsd%2B%2F", "follow_me": false, "following": false, "mbrank": 2, "mbtype": 2, "planet_video": true, "icon_list": [{"type": "icon", "data": {"value": "1", "icon_img": "http://n.sinaimg.cn/www/ea31a93f/20220213/feed_icon_BingDwenDwenShueyRhonRhon@2x.png", "title": "微博实现一墩一融", "url": "https://s.weibo.com/weibo?q=%23为中国冬奥健儿加油%23"}}], "can_edit": false, "textLength": null, "source": "iPad Pro", "favorited": false, "cardid": null, "pic_ids": [], "geo": null, "pic_num": 0, "is_paid": false, "mblog_vip_type": 0, "comments_count": 0, "attitudes_count": 0, "attitudes_status": 0, "isLongText": false, "mlevel": 8388608, "content_auth": 0, "is_show_bulletin": 2, "mblogtype": 0, "showFeedRepost": false, "showFeedComment": false, "pictureViewerSign": false, "showPictureViewer": false, "repost_type": 4, "share_repost_type": 0, "text": "演员当总统，很容易出成绩[doge]"}, "pid": "4749906478367667"}, {"mid": "4749908030786335", "mblogid": "LkWkP3iyP", "uid": 1946192501, "name": "潇湘风骨__海纳气概", "data": {"visible_type": 0, "visible_list_id": 0, "time": "2022-03-22 19:49:46", "profile_image_url": "https://tvax4.sinaimg.cn/crop.0.0.750.750.50/74008a75ly8g7vl4gydjpj20ku0kuabc.jpg?KID=imgbed,tva&Expires=1648030574&ssig=7IZwD%2BwmJ5", "profile_url": "/u/1946192501", "verified": false, "verified_type": -1, "domain": "", "weihao": "", "verified_type_ext": null, "avatar_large": "https://tvax4.sinaimg.cn/crop.0.0.750.750.180/74008a75ly8g7vl4gydjpj20ku0kuabc.jpg?KID=imgbed,tva&Expires=1648030574&ssig=8i4HmVuPl1", "avatar_hd": "https://tvax4.sinaimg.cn/crop.0.0.750.750.1024/74008a75ly8g7vl4gydjpj20ku0kuabc.jpg?KID=imgbed,tva&Expires=1648030574&ssig=zz2Hf6a0SK", "follow_me": false, "following": false, "mbrank": 0, "mbtype": 0, "planet_video": true, "icon_list": [{"type": "icon", "data": {"value": "1", "icon_img": "http://n.sinaimg.cn/www/ea31a93f/20220213/feed_icon_BingDwenDwenShueyRhonRhon@2x.png", "title": "微博实现一墩一融", "url": "https://s.weibo.com/weibo?q=%23为中国冬奥健儿加油%23"}}, {"type": "icon", "data": {"value": "1", "icon_img": "https://h5.sinaimg.cn/upload/106/1683/2022/03/18/feed_icon_chuntian_default.png", "title": "你好春天", "url": "https://s.weibo.com/weibo/%23%E4%BD%A0%E5%A5%BD%E6%98%A5%E5%A4%A9%23"}}], "can_edit": false, "textLength": null, "source": "iPhone客户端", "favorited": false, "cardid": null, "pic_ids": [], "geo": null, "pic_num": 0, "is_paid": false, "mblog_vip_type": 0, "comments_count": 0, "attitudes_count": 0, "attitudes_status": 0, "isLongText": false, "mlevel": 8388608, "content_auth": 0, "is_show_bulletin": 2, "mblogtype": 0, "showFeedRepost": false, "showFeedComment": false, "pictureViewerSign": false, "showPictureViewer": false, "repost_type": 2, "share_repost_type": 0, "text": "快转微博"}, "pid": "4749906478367667"}, {"mid": "4749908249153765", "mblogid": "LkWlaCpjn", "uid": 2462577805, "name": "edody2022", "data": {"visible_type": 0, "visible_list_id": 0, "time": "2022-03-22 19:50:38", "profile_image_url": "https://tvax4.sinaimg.cn/crop.0.0.570.570.50/92c7f48dly8gzz74ip0cej20fu0fu75d.jpg?KID=imgbed,tva&Expires=1648030574&ssig=qPprS3dg5a", "profile_url": "/u/2462577805", "verified": false, "verified_type": -1, "domain": "", "weihao": "907743127", "verified_type_ext": null, "avatar_large": "https://tvax4.sinaimg.cn/crop.0.0.570.570.180/92c7f48dly8gzz74ip0cej20fu0fu75d.jpg?KID=imgbed,tva&Expires=1648030574&ssig=lhJWh7VL8b", "avatar_hd": "https://tvax4.sinaimg.cn/crop.0.0.570.570.1024/92c7f48dly8gzz74ip0cej20fu0fu75d.jpg?KID=imgbed,tva&Expires=1648030574&ssig=H7B0elRxZj", "follow_me": false, "following": false, "mbrank": 0, "mbtype": 0, "planet_video": true, "icon_list": [], "can_edit": false, "textLength": null, "source": "See微博客户端", "favorited": false, "cardid": null, "pic_ids": [], "geo": null, "pic_num": 0, "is_paid": false, "mblog_vip_type": 0, "comments_count": 0, "attitudes_count": 0, "attitudes_status": 0, "isLongText": false, "mlevel": 8388608, "content_auth": 0, "is_show_bulletin": 2, "mblogtype": 0, "showFeedRepost": false, "showFeedComment": false, "pictureViewerSign": false, "showPictureViewer": false, "repost_type": 1, "share_repost_type": 0, "text": "球长殿下……[笑cry]"}, "pid": "4749906478367667"}, {"mid": "4749910819736611", "mblogid": "LkWpjEQW7", "uid": 2627712055, "name": "美中不足5555", "data": {"visible_type": 0, "visible_list_id": 0, "time": "2022-03-22 20:00:51", "profile_image_url": "https://tvax4.sinaimg.cn/crop.0.0.1080.1080.50/9c9fb437ly8go29n3hjkxj20u00u0448.jpg?KID=imgbed,tva&Expires=1648030574&ssig=BZYn51HKIb", "profile_url": "/u/2627712055", "verified": false, "verified_type": -1, "domain": "", "weihao": "", "verified_type_ext": null, "avatar_large": "https://tvax4.sinaimg.cn/crop.0.0.1080.1080.180/9c9fb437ly8go29n3hjkxj20u00u0448.jpg?KID=imgbed,tva&Expires=1648030574&ssig=ykzCtS6NPT", "avatar_hd": "https://tvax4.sinaimg.cn/crop.0.0.1080.1080.1024/9c9fb437ly8go29n3hjkxj20u00u0448.jpg?KID=imgbed,tva&Expires=1648030574&ssig=IFSm%2BrQlAB", "follow_me": false, "following": false, "mbrank": 0, "mbtype": 0, "planet_video": false, "icon_list": [], "can_edit": false, "textLength": null, "source": "iPhone客户端", "favorited": false, "cardid": null, "pic_ids": [], "geo": null, "pic_num": 0, "is_paid": false, "mblog_vip_type": 0, "comments_count": 0, "attitudes_count": 0, "attitudes_status": 0, "isLongText": false, "mlevel": 8388608, "content_auth": 0, "is_show_bulletin": 2, "mblogtype": 0, "showFeedRepost": false, "showFeedComment": false, "pictureViewerSign": false, "showPictureViewer": false, "repost_type": 1, "share_repost_type": 0, "text": "落背耳补个醉街演完奖？"}, "pid": "4749906478367667"}, {"mid": "4749913881578809", "mblogid": "LkWug6CIF", "uid": 1962116750, "name": "爱丽舍风云", "data": {"visible_type": 0, "visible_list_id": 0, "time": "2022-03-22 20:13:01", "profile_image_url": "https://tva1.sinaimg.cn/crop.0.0.180.180.50/74f3868ejw1e8qgp5bmzyj2050050aa8.jpg?KID=imgbed,tva&Expires=1648030574&ssig=vFo1%2FNv%2BZX", "profile_url": "/u/1962116750", "verified": false, "verified_type": -1, "domain": "", "weihao": "", "verified_type_ext": null, "avatar_large": "https://tva1.sinaimg.cn/crop.0.0.180.180.180/74f3868ejw1e8qgp5bmzyj2050050aa8.jpg?KID=imgbed,tva&Expires=1648030574&ssig=ii1PMIsL%2BA", "avatar_hd": "https://tva1.sinaimg.cn/crop.0.0.180.180.1024/74f3868ejw1e8qgp5bmzyj2050050aa8.jpg?KID=imgbed,tva&Expires=1648030574&ssig=v9CR0OyMO8", "follow_me": false, "following": false, "mbrank": 0, "mbtype": 0, "planet_video": true, "icon_list": [], "can_edit": false, "textLength": null, "source": "OPPO Reno5 K 5G", "favorited": false, "cardid": null, "pic_ids": [], "geo": null, "pic_num": 0, "is_paid": false, "mblog_vip_type": 0, "comments_count": 0, "attitudes_count": 0, "attitudes_status": 0, "isLongText": false, "mlevel": 8388608, "content_auth": 0, "is_show_bulletin": 2, "mblogtype": 0, "showFeedRepost": false, "showFeedComment": false, "pictureViewerSign": false, "showPictureViewer": false, "repost_type": 1, "share_repost_type": 0, "text": "转发微博"}, "pid": "4749906478367667"}, {"mid": "4749913920112215", "mblogid": "LkWuk0tbV", "uid": 6351849037, "name": "浅末风尘", "data": {"visible_type": 0, "visible_list_id": 0, "time": "2022-03-22 20:13:09", "profile_image_url": "https://tvax4.sinaimg.cn/crop.0.0.996.996.50/006VRI61ly8gdnhndipmnj30ro0roq5t.jpg?KID=imgbed,tva&Expires=1648030574&ssig=YKPjiSiVwB", "profile_url": "/u/6351849037", "verified": true, "verified_type": 0, "domain": "", "weihao": "", "verified_type_ext": 0, "avatar_large": "https://tvax4.sinaimg.cn/crop.0.0.996.996.180/006VRI61ly8gdnhndipmnj30ro0roq5t.jpg?KID=imgbed,tva&Expires=1648030574&ssig=Lu5nK2fqok", "avatar_hd": "https://tvax4.sinaimg.cn/crop.0.0.996.996.1024/006VRI61ly8gdnhndipmnj30ro0roq5t.jpg?KID=imgbed,tva&Expires=1648030574&ssig=N632nbKRJB", "follow_me": false, "following": false, "mbrank": 6, "mbtype": 12, "planet_video": false, "icon_list": [{"type": "vip", "data": {"mbrank": 6, "mbtype": 12}}], "can_edit": false, "textLength": null, "source": "HUAWEI Mate 30 5G", "favorited": false, "cardid": "star_1522", "pic_ids": [], "geo": null, "pic_num": 0, "is_paid": false, "mblog_vip_type": 0, "comments_count": 0, "attitudes_count": 0, "attitudes_status": 0, "isLongText": false, "mlevel": 8388608, "content_auth": 0, "is_show_bulletin": 2, "mblogtype": 0, "showFeedRepost": false, "showFeedComment": false, "pictureViewerSign": false, "showPictureViewer": false, "repost_type": 4, "share_repost_type": 0, "text": "你见或者不见，人都在视频里，不悲不喜。你喜欢或者不喜欢，人就在在那里，不紧不慢。你杀或者不杀，不知道在哪里，不仁不义……[二哈]#俄乌局势#"}, "pid": "4749906478367667"}, {"mid": "4749913978831288", "mblogid": "LkWupB3q8", "uid": 3189184037, "name": "弗拉基米尔汤可夫斯基", "data": {"visible_type": 0, "visible_list_id": 0, "time": "2022-03-22 20:13:23", "profile_image_url": "https://tvax2.sinaimg.cn/crop.0.0.512.512.50/003tPusdly8gu666561wtj60e80e8wf002.jpg?KID=imgbed,tva&Expires=1648030574&ssig=dVvgOi%2Bhx3", "profile_url": "/u/3189184037", "verified": false, "verified_type": -1, "domain": "", "weihao": "", "verified_type_ext": null, "avatar_large": "https://tvax2.sinaimg.cn/crop.0.0.512.512.180/003tPusdly8gu666561wtj60e80e8wf002.jpg?KID=imgbed,tva&Expires=1648030574&ssig=nL2Wt6EhnA", "avatar_hd": "https://tvax2.sinaimg.cn/crop.0.0.512.512.1024/003tPusdly8gu666561wtj60e80e8wf002.jpg?KID=imgbed,tva&Expires=1648030574&ssig=m2H%2BRJC5VD", "follow_me": false, "following": false, "mbrank": 0, "mbtype": 0, "planet_video": true, "icon_list": [], "can_edit": false, "textLength": null, "source": "iPhone客户端", "favorited": false, "cardid": null, "pic_ids": [], "geo": null, "pic_num": 0, "is_paid": false, "mblog_vip_type": 0, "comments_count": 0, "attitudes_count": 0, "attitudes_status": 0, "isLongText": false, "mlevel": 8388608, "content_auth": 0, "is_show_bulletin": 2, "mblogtype": 0, "showFeedRepost": false, "showFeedComment": false, "pictureViewerSign": false, "showPictureViewer": false, "repost_type": 4, "share_repost_type": 0, "text": "演员的自我修养[awsl]"}, "pid": "4749906478367667"}, {"mid": "4749920949504352", "mblogid": "LkWFEDSw0", "uid": 2239965011, "name": "老乌课堂", "data": {"visible_type": 0, "visible_list_id": 0, "time": "2022-03-22 20:41:05", "profile_image_url": "https://tvax1.sinaimg.cn/default/images/default_avatar_male_50.gif?KID=imgbed,tva&Expires=1648030574&ssig=e702Qa5Lra", "profile_url": "/u/2239965011", "verified": false, "verified_type": -1, "domain": "", "weihao": "", "verified_type_ext": null, "avatar_large": "https://tvax1.sinaimg.cn/default/images/default_avatar_male_180.gif?KID=imgbed,tva&Expires=1648030574&ssig=wifJymxKCM", "avatar_hd": "https://tvax1.sinaimg.cn/default/images/default_avatar_male_180.gif?KID=imgbed,tva&Expires=1648030574&ssig=wifJymxKCM", "follow_me": false, "following": false, "mbrank": 0, "mbtype": 0, "planet_video": true, "icon_list": [], "can_edit": false, "textLength": null, "source": "ZTE 中兴智能手机", "favorited": false, "cardid": null, "pic_ids": [], "geo": null, "pic_num": 0, "is_paid": false, "mblog_vip_type": 0, "comments_count": 0, "attitudes_count": 0, "attitudes_status": 0, "isLongText": false, "mlevel": 8388608, "content_auth": 0, "is_show_bulletin": 2, "mblogtype": 0, "showFeedRepost": false, "showFeedComment": false, "pictureViewerSign": false, "showPictureViewer": false, "repost_type": 4, "share_repost_type": 0, "text": "今天奥斯卡和诺贝尔双奖"}, "pid": "4749906478367667"}, {"mid": "4749924673785540", "mblogid": "LkWLFfSN6", "uid": 2789942695, "name": "米格战斗飞机联合体", "data": {"visible_type": 0, "visible_list_id": 0, "time": "2022-03-22 20:55:54", "profile_image_url": "https://tvax1.sinaimg.cn/crop.0.0.996.996.50/a64b25a7ly8h0hlekcv9zj20ro0ro755.jpg?KID=imgbed,tva&Expires=1648030574&ssig=cpNu8%2Bd%2B13", "profile_url": "/u/2789942695", "verified": true, "verified_type": 0, "domain": "", "weihao": "", "verified_type_ext": 1, "avatar_large": "https://tvax1.sinaimg.cn/crop.0.0.996.996.180/a64b25a7ly8h0hlekcv9zj20ro0ro755.jpg?KID=imgbed,tva&Expires=1648030574&ssig=Q8ivo%2ByeeZ", "avatar_hd": "https://tvax1.sinaimg.cn/crop.0.0.996.996.1024/a64b25a7ly8h0hlekcv9zj20ro0ro755.jpg?KID=imgbed,tva&Expires=1648030574&ssig=7ejt5UQhbb", "follow_me": false, "following": false, "mbrank": 7, "mbtype": 12, "planet_video": false, "icon_list": [{"type": "vip", "data": {"mbrank": 7, "mbtype": 12}}, {"type": "icon", "data": {"value": "1", "icon_img": "https://h5.sinaimg.cn/upload/1005/526/2021/02/02/feed_icon_community.png", "title": "微博社区委员", "url": "https://service.account.weibo.com/council/communitycouncilintroduce"}}, {"type": "icon", "data": {"value": "1", "icon_img": "http://n.sinaimg.cn/www/ea31a93f/20220213/feed_icon_BingDwenDwenShueyRhonRhon@2x.png", "title": "微博实现一墩一融", "url": "https://s.weibo.com/weibo?q=%23为中国冬奥健儿加油%23"}}], "can_edit": false, "textLength": null, "source": "荣耀60 5G", "favorited": false, "cardid": "star_1522", "pic_ids": [], "geo": null, "pic_num": 0, "is_paid": false, "mblog_vip_type": 0, "comments_count": 0, "attitudes_count": 12, "attitudes_status": 0, "isLongText": false, "mlevel": 8388608, "content_auth": 0, "is_show_bulletin": 2, "mblogtype": 0, "showFeedRepost": false, "showFeedComment": false, "pictureViewerSign": false, "showPictureViewer": false, "repost_type": 1, "share_repost_type": 0, "text": "乌克兰的宋美龄"}, "pid": "4749906478367667"}, {"mid": "4749925068575368", "mblogid": "LkWMizYQo", "uid": 7519911762, "name": "卢雪麟", "data": {"visible_type": 0, "visible_list_id": 0, "time": "2022-03-22 20:57:28", "profile_image_url": "https://tvax1.sinaimg.cn/crop.0.0.512.512.50/008cUMzoly8gxol9prlifj30e80e874w.jpg?KID=imgbed,tva&Expires=1648030574&ssig=Ob6f5djHpd", "profile_url": "/u/7519911762", "verified": false, "verified_type": -1, "domain": "", "weihao": "", "verified_type_ext": null, "avatar_large": "https://tvax1.sinaimg.cn/crop.0.0.512.512.180/008cUMzoly8gxol9prlifj30e80e874w.jpg?KID=imgbed,tva&Expires=1648030574&ssig=msQTpIcgPk", "avatar_hd": "https://tvax1.sinaimg.cn/crop.0.0.512.512.1024/008cUMzoly8gxol9prlifj30e80e874w.jpg?KID=imgbed,tva&Expires=1648030574&ssig=Y9%2FaBOMEnp", "follow_me": false, "following": false, "mbrank": 1, "mbtype": 2, "planet_video": false, "icon_list": [{"type": "icon", "data": {"value": "1", "icon_img": "http://n.sinaimg.cn/www/ea31a93f/20220213/feed_icon_BingDwenDwenShueyRhonRhon@2x.png", "title": "微博实现一墩一融", "url": "https://s.weibo.com/weibo?q=%23为中国冬奥健儿加油%23"}}], "can_edit": false, "textLength": null, "source": "iPhone客户端", "favorited": false, "cardid": null, "pic_ids": [], "geo": null, "pic_num": 0, "is_paid": false, "mblog_vip_type": 0, "comments_count": 0, "attitudes_count": 0, "attitudes_status": 0, "isLongText": false, "mlevel": 8388608, "content_auth": 0, "is_show_bulletin": 2, "mblogtype": 0, "showFeedRepost": false, "showFeedComment": false, "pictureViewerSign": false, "showPictureViewer": false, "repost_type": 1, "share_repost_type": 0, "text": "时代变了 看来以后我也得用用douyin之类的东西 感受一下新时代的政人之风"}, "pid": "4749906478367667"}, {"mid": "4749925135680341", "mblogid": "LkWMpnPIp", "uid": 7387240416, "name": "来自科西嘉的怪物198406", "data": {"visible_type": 0, "visible_list_id": 0, "time": "2022-03-22 20:57:43", "profile_image_url": "https://tvax1.sinaimg.cn/crop.0.0.1002.1002.50/0083W6GYly8gbmvh73bf2j30ru0rugmn.jpg?KID=imgbed,tva&Expires=1648030574&ssig=YbxI5uPmrR", "profile_url": "/u/7387240416", "verified": false, "verified_type": -1, "domain": "", "weihao": "", "verified_type_ext": null, "avatar_large": "https://tvax1.sinaimg.cn/crop.0.0.1002.1002.180/0083W6GYly8gbmvh73bf2j30ru0rugmn.jpg?KID=imgbed,tva&Expires=1648030574&ssig=xNr%2BDj2amI", "avatar_hd": "https://tvax1.sinaimg.cn/crop.0.0.1002.1002.1024/0083W6GYly8gbmvh73bf2j30ru0rugmn.jpg?KID=imgbed,tva&Expires=1648030574&ssig=E5beskntIj", "follow_me": false, "following": false, "mbrank": 2, "mbtype": 12, "planet_video": false, "icon_list": [{"type": "vip", "data": {"mbrank": 2, "mbtype": 12}}], "can_edit": false, "textLength": null, "source": "Note 10 Pro", "favorited": false, "cardid": null, "pic_ids": [], "geo": null, "pic_num": 0, "is_paid": false, "mblog_vip_type": 0, "comments_count": 0, "attitudes_count": 0, "attitudes_status": 0, "isLongText": false, "mlevel": 8388608, "content_auth": 0, "is_show_bulletin": 2, "mblogtype": 0, "showFeedRepost": false, "showFeedComment": false, "pictureViewerSign": false, "showPictureViewer": false, "repost_type": 2, "share_repost_type": 0, "text": "快转微博"}, "pid": "4749906478367667"}, {"mid": "4749925964842778", "mblogid": "LkWNKkjPk", "uid": 7434755996, "name": "直隶校尉", "data": {"visible_type": 0, "visible_list_id": 0, "time": "2022-03-22 21:01:01", "profile_image_url": "https://tvax1.sinaimg.cn/crop.0.0.996.996.50/00879tFily8gdot107907j30ro0rptc8.jpg?KID=imgbed,tva&Expires=1648030574&ssig=WqPU5O20qt", "profile_url": "/u/7434755996", "verified": false, "verified_type": -1, "domain": "", "weihao": "", "verified_type_ext": null, "avatar_large": "https://tvax1.sinaimg.cn/crop.0.0.996.996.180/00879tFily8gdot107907j30ro0rptc8.jpg?KID=imgbed,tva&Expires=1648030574&ssig=3u%2FGlz28oc", "avatar_hd": "https://tvax1.sinaimg.cn/crop.0.0.996.996.1024/00879tFily8gdot107907j30ro0rptc8.jpg?KID=imgbed,tva&Expires=1648030574&ssig=WEXbl5d8ZN", "follow_me": false, "following": false, "mbrank": 0, "mbtype": 0, "planet_video": true, "icon_list": [], "can_edit": false, "textLength": null, "source": "HUAWEI Mate 20", "favorited": false, "cardid": null, "pic_ids": [], "geo": null, "pic_num": 0, "is_paid": false, "mblog_vip_type": 0, "comments_count": 0, "attitudes_count": 0, "attitudes_status": 0, "isLongText": false, "mlevel": 8388608, "content_auth": 0, "is_show_bulletin": 2, "mblogtype": 0, "showFeedRepost": false, "showFeedComment": false, "pictureViewerSign": false, "showPictureViewer": false, "repost_type": 5, "share_repost_type": 0, "text": "//@Kwok23:这个配乐很出戏[doge]"}, "pid": "4749906478367667"}, {"mid": "4749926339182848", "mblogid": "LkWOlCwSs", "uid": 5821541409, "name": "地瓜瓜瓜瓜瓜瓜瓜瓜瓜啊", "data": {"visible_type": 0, "visible_list_id": 0, "time": "2022-03-22 21:02:30", "profile_image_url": "https://tvax3.sinaimg.cn/crop.0.0.751.751.50/006lYARbly8gdirm4kcynj30kv0kvac3.jpg?KID=imgbed,tva&Expires=1648030799&ssig=SizDV4UwDb", "profile_url": "/u/5821541409", "verified": false, "verified_type": -1, "domain": "", "weihao": "", "verified_type_ext": null, "avatar_large": "https://tvax3.sinaimg.cn/crop.0.0.751.751.180/006lYARbly8gdirm4kcynj30kv0kvac3.jpg?KID=imgbed,tva&Expires=1648030799&ssig=GxWERD3LB%2F", "avatar_hd": "https://tvax3.sinaimg.cn/crop.0.0.751.751.1024/006lYARbly8gdirm4kcynj30kv0kvac3.jpg?KID=imgbed,tva&Expires=1648030799&ssig=g%2F0PKC2Inc", "follow_me": false, "following": false, "mbrank": 1, "mbtype": 2, "planet_video": true, "icon_list": [{"type": "icon", "data": {"value": "1", "icon_img": "http://n.sinaimg.cn/www/ea31a93f/20220213/feed_icon_BingDwenDwenShueyRhonRhon@2x.png", "title": "微博实现一墩一融", "url": "https://s.weibo.com/weibo?q=%23为中国冬奥健儿加油%23"}}], "can_edit": false, "textLength": null, "source": "iPhone客户端", "favorited": false, "cardid": null, "pic_ids": [], "geo": null, "pic_num": 0, "is_paid": false, "mblog_vip_type": 0, "comments_count": 0, "attitudes_count": 0, "attitudes_status": 0, "isLongText": false, "mlevel": 0, "content_auth": 0, "is_show_bulletin": 2, "mblogtype": 0, "showFeedRepost": false, "showFeedComment": false, "pictureViewerSign": false, "showPictureViewer": false, "repost_type": 1, "share_repost_type": 0, "text": "泽美龄//@米格战斗飞机联合体:乌克兰的宋美龄"}, "pid": "4749924673785540"}, {"mid": "4749926342854871", "mblogid": "LkWOmbYGj", "uid": 1676142154, "name": "Cioooooe", "data": {"visible_type": 0, "visible_list_id": 0, "time": "2022-03-22 21:02:32", "profile_image_url": "https://tvax1.sinaimg.cn/crop.0.0.512.512.50/63e7e64aly8gyqcybakdej20e80e83zi.jpg?KID=imgbed,tva&Expires=1648030574&ssig=2evc7yidCC", "profile_url": "/u/1676142154", "verified": false, "verified_type": -1, "domain": "zaggie", "weihao": "", "verified_type_ext": null, "avatar_large": "https://tvax1.sinaimg.cn/crop.0.0.512.512.180/63e7e64aly8gyqcybakdej20e80e83zi.jpg?KID=imgbed,tva&Expires=1648030574&ssig=h5hckCJ8%2Fc", "avatar_hd": "https://tvax1.sinaimg.cn/crop.0.0.512.512.1024/63e7e64aly8gyqcybakdej20e80e83zi.jpg?KID=imgbed,tva&Expires=1648030574&ssig=MJxrF4f%2FuC", "follow_me": false, "following": false, "mbrank": 6, "mbtype": 11, "planet_video": false, "icon_list": [{"type": "vip", "data": {"mbrank": 6, "mbtype": 11}}], "can_edit": false, "textLength": null, "source": "", "favorited": false, "cardid": "star_1334", "pic_ids": [], "geo": null, "pic_num": 0, "is_paid": false, "mblog_vip_type": 0, "comments_count": 0, "attitudes_count": 1, "attitudes_status": 0, "isLongText": false, "mlevel": 8388608, "content_auth": 0, "is_show_bulletin": 2, "mblogtype": 0, "showFeedRepost": false, "showFeedComment": false, "pictureViewerSign": false, "showPictureViewer": false, "repost_type": 1, "share_repost_type": 0, "text": "我觉得，他的，秘诀，就是，挖掘，这些人的，共情点，和，共同联系，这种联系，有可能是害怕，有可能是创伤，也有可能是愤怒，所有情感，都能被调度，谁让这个总统以前是演员呢，很会，拿捏吧，嗯。"}, "pid": "4749906478367667"}, {"mid": "4749928268300614", "mblogid": "LkWRsyPmS", "uid": 3232072061, "name": "稀罕伊人", "data": {"visible_type": 0, "visible_list_id": 0, "time": "2022-03-22 21:10:10", "profile_image_url": "https://tvax4.sinaimg.cn/crop.0.0.600.600.50/c0a5817dly8gx4iv4l9qnj20go0goq40.jpg?KID=imgbed,tva&Expires=1648030574&ssig=%2BpqUI2Z2fK", "profile_url": "/u/3232072061", "verified": false, "verified_type": -1, "domain": "", "weihao": "", "verified_type_ext": null, "avatar_large": "https://tvax4.sinaimg.cn/crop.0.0.600.600.180/c0a5817dly8gx4iv4l9qnj20go0goq40.jpg?KID=imgbed,tva&Expires=1648030574&ssig=NnSh4LUeNd", "avatar_hd": "https://tvax4.sinaimg.cn/crop.0.0.600.600.1024/c0a5817dly8gx4iv4l9qnj20go0goq40.jpg?KID=imgbed,tva&Expires=1648030574&ssig=eWeFMVn1IV", "follow_me": false, "following": false, "mbrank": 0, "mbtype": 0, "planet_video": true, "icon_list": [], "can_edit": false, "textLength": null, "source": "新版微博 weibo.com", "favorited": false, "cardid": "star_11247_common", "pic_ids": [], "geo": null, "pic_num": 0, "is_paid": false, "mblog_vip_type": 0, "comments_count": 0, "attitudes_count": 0, "attitudes_status": 0, "isLongText": false, "mlevel": 8388608, "content_auth": 0, "is_show_bulletin": 2, "mblogtype": 0, "showFeedRepost": false, "showFeedComment": false, "pictureViewerSign": false, "showPictureViewer": false, "repost_type": 1, "share_repost_type": 0, "text": "连不鼓掌的都被惩罚，不站起来鼓掌那就惩罚的更厉害。//@為所欲為LMY:美西方：如果泽连斯基讲话你们不站起来，那就是支持俄罗斯。轻则人人喊打，失去议员的资格。重则开除球籍[允悲][允悲][允悲]"}, "pid": "4749906478367667"}, {"mid": "4749929434842316", "mblogid": "LkWTlkjHS", "uid": 2421395361, "name": "jim_chong", "data": {"visible_type": 0, "visible_list_id": 0, "time": "2022-03-22 21:14:48", "profile_image_url": "https://tva1.sinaimg.cn/crop.0.0.664.664.50/90538fa1jw8f3av1ezzhoj20ig0igwf2.jpg?KID=imgbed,tva&Expires=1648030574&ssig=ZMVKeQ4fND", "profile_url": "/u/2421395361", "verified": false, "verified_type": -1, "domain": "", "weihao": "", "verified_type_ext": null, "avatar_large": "https://tva1.sinaimg.cn/crop.0.0.664.664.180/90538fa1jw8f3av1ezzhoj20ig0igwf2.jpg?KID=imgbed,tva&Expires=1648030574&ssig=tLaIk0Kfb2", "avatar_hd": "https://tva1.sinaimg.cn/crop.0.0.664.664.1024/90538fa1jw8f3av1ezzhoj20ig0igwf2.jpg?KID=imgbed,tva&Expires=1648030574&ssig=fyWub0c5KY", "follow_me": false, "following": false, "mbrank": 0, "mbtype": 0, "planet_video": true, "icon_list": [], "can_edit": false, "textLength": null, "source": "新版微博 weibo.com", "favorited": false, "cardid": "star_11247_common", "pic_ids": [], "geo": null, "pic_num": 0, "is_paid": false, "mblog_vip_type": 0, "comments_count": 0, "attitudes_count": 0, "attitudes_status": 0, "isLongText": false, "mlevel": 8388608, "content_auth": 0, "is_show_bulletin": 2, "mblogtype": 0, "showFeedRepost": false, "showFeedComment": false, "pictureViewerSign": false, "showPictureViewer": false, "repost_type": 4, "share_repost_type": 0, "text": "这家伙今年奥斯卡影帝非他莫属"}, "pid": "4749906478367667"}, {"mid": "4749930063467662", "mblogid": "LkWUmey62", "uid": 1946192501, "name": "潇湘风骨__海纳气概", "data": {"visible_type": 0, "visible_list_id": 0, "time": "2022-03-22 21:17:19", "profile_image_url": "https://tvax4.sinaimg.cn/crop.0.0.750.750.50/74008a75ly8g7vl4gydjpj20ku0kuabc.jpg?KID=imgbed,tva&Expires=1648030572&ssig=DDZrVES7uV", "profile_url": "/u/1946192501", "verified": false, "verified_type": -1, "domain": "", "weihao": "", "verified_type_ext": null, "avatar_large": "https://tvax4.sinaimg.cn/crop.0.0.750.750.180/74008a75ly8g7vl4gydjpj20ku0kuabc.jpg?KID=imgbed,tva&Expires=1648030572&ssig=jd8K8fiOHZ", "avatar_hd": "https://tvax4.sinaimg.cn/crop.0.0.750.750.1024/74008a75ly8g7vl4gydjpj20ku0kuabc.jpg?KID=imgbed,tva&Expires=1648030572&ssig=nyxMs3derJ", "follow_me": false, "following": false, "mbrank": 0, "mbtype": 0, "planet_video": true, "icon_list": [{"type": "icon", "data": {"value": "1", "icon_img": "http://n.sinaimg.cn/www/ea31a93f/20220213/feed_icon_BingDwenDwenShueyRhonRhon@2x.png", "title": "微博实现一墩一融", "url": "https://s.weibo.com/weibo?q=%23为中国冬奥健儿加油%23"}}, {"type": "icon", "data": {"value": "1", "icon_img": "https://h5.sinaimg.cn/upload/106/1683/2022/03/18/feed_icon_chuntian_default.png", "title": "你好春天", "url": "https://s.weibo.com/weibo/%23%E4%BD%A0%E5%A5%BD%E6%98%A5%E5%A4%A9%23"}}], "can_edit": false, "textLength": null, "source": "iPhone客户端", "favorited": false, "cardid": null, "pic_ids": [], "geo": null, "pic_num": 0, "is_paid": false, "mblog_vip_type": 0, "comments_count": 0, "attitudes_count": 0, "attitudes_status": 0, "isLongText": false, "mlevel": 8388608, "content_auth": 0, "is_show_bulletin": 2, "mblogtype": 0, "showFeedRepost": false, "showFeedComment": false, "pictureViewerSign": false, "showPictureViewer": false, "repost_type": 5, "share_repost_type": 0, "text": "//@风一样的mi_520:演员:拜登爷爷，您孙子我的表演还满意吧，我的专业程度能拿奥斯卡，就问您服不服🐶🐶🐶？不服，我还接着飙情感戏。[哈哈][哈哈][哈哈]"}, "pid": "4749906478367667"}, {"mid": "4749931212178176", "mblogid": "LkWWd98DS", "uid": 7486472930, "name": "白菜帮子3399", "data": {"visible_type": 0, "visible_list_id": 0, "time": "2022-03-22 21:21:52", "profile_image_url": "https://tvax1.sinaimg.cn/crop.0.0.132.132.50/008aEtBoly4ghblt6gfkxj303o03ojr8.jpg?KID=imgbed,tva&Expires=1648030572&ssig=9VRnoNnkNK", "profile_url": "/u/7486472930", "verified": false, "verified_type": -1, "domain": "", "weihao": "", "verified_type_ext": null, "avatar_large": "https://tvax1.sinaimg.cn/crop.0.0.132.132.180/008aEtBoly4ghblt6gfkxj303o03ojr8.jpg?KID=imgbed,tva&Expires=1648030572&ssig=3rqVevwAnj", "avatar_hd": "https://tvax1.sinaimg.cn/crop.0.0.132.132.1024/008aEtBoly4ghblt6gfkxj303o03ojr8.jpg?KID=imgbed,tva&Expires=1648030572&ssig=4RjZXaNFrS", "follow_me": false, "following": false, "mbrank": 0, "mbtype": 0, "planet_video": true, "icon_list": [{"type": "icon", "data": {"value": "1", "icon_img": "http://n.sinaimg.cn/www/ea31a93f/20220213/feed_icon_BingDwenDwenShueyRhonRhon@2x.png", "title": "微博实现一墩一融", "url": "https://s.weibo.com/weibo?q=%23为中国冬奥健儿加油%23"}}], "can_edit": false, "textLength": null, "source": "HUAWEI Mate 9", "favorited": false, "cardid": null, "pic_ids": [], "geo": null, "pic_num": 0, "is_paid": false, "mblog_vip_type": 0, "comments_count": 0, "attitudes_count": 0, "attitudes_status": 0, "isLongText": false, "mlevel": 8388608, "content_auth": 0, "is_show_bulletin": 2, "mblogtype": 0, "showFeedRepost": false, "showFeedComment": false, "pictureViewerSign": false, "showPictureViewer": false, "repost_type": 4, "share_repost_type": 0, "text": "说狠话，挨黑打，确实引人注目。"}, "pid": "4749906478367667"}, {"mid": "4749931589406514", "mblogid": "LkWWODt3Y", "uid": 3098650740, "name": "Coco说走就走", "data": {"visible_type": 0, "visible_list_id": 0, "time": "2022-03-22 21:23:23", "profile_image_url": "https://tvax1.sinaimg.cn/crop.0.0.1080.1080.50/b8b1a874ly8gllv8bgp5qj20u00u0wk0.jpg?KID=imgbed,tva&Expires=1648030572&ssig=5hQw93PAhP", "profile_url": "/u/3098650740", "verified": false, "verified_type": -1, "domain": "", "weihao": "", "verified_type_ext": null, "avatar_large": "https://tvax1.sinaimg.cn/crop.0.0.1080.1080.180/b8b1a874ly8gllv8bgp5qj20u00u0wk0.jpg?KID=imgbed,tva&Expires=1648030572&ssig=ABMU9%2BBIse", "avatar_hd": "https://tvax1.sinaimg.cn/crop.0.0.1080.1080.1024/b8b1a874ly8gllv8bgp5qj20u00u0wk0.jpg?KID=imgbed,tva&Expires=1648030572&ssig=deu9Rf%2FUT8", "follow_me": false, "following": false, "mbrank": 6, "mbtype": 2, "planet_video": true, "icon_list": [], "can_edit": false, "textLength": null, "source": "iPhone客户端", "favorited": false, "cardid": null, "pic_ids": [], "geo": null, "pic_num": 0, "is_paid": false, "mblog_vip_type": 0, "comments_count": 0, "attitudes_count": 0, "attitudes_status": 0, "isLongText": false, "mlevel": 0, "content_auth": 0, "is_show_bulletin": 2, "mblogtype": 0, "showFeedRepost": false, "showFeedComment": false, "pictureViewerSign": false, "showPictureViewer": false, "repost_type": 2, "share_repost_type": 0, "text": "快转微博"}, "pid": "4749906478367667"}, {"mid": "4749933238551547", "mblogid": "LkWZtzSEb", "uid": 6267023127, "name": "卖火柴的张绍军2006", "data": {"visible_type": 0, "visible_list_id": 0, "time": "2022-03-22 21:29:55", "profile_image_url": "https://tvax1.sinaimg.cn/default/images/default_avatar_male_50.gif?KID=imgbed,tva&Expires=1648030572&ssig=j%2FZt8wkI0R", "profile_url": "/u/6267023127", "verified": false, "verified_type": -1, "domain": "", "weihao": "", "verified_type_ext": null, "avatar_large": "https://tvax1.sinaimg.cn/default/images/default_avatar_male_180.gif?KID=imgbed,tva&Expires=1648030572&ssig=QcOxgj4ju%2B", "avatar_hd": "https://tvax1.sinaimg.cn/default/images/default_avatar_male_180.gif?KID=imgbed,tva&Expires=1648030572&ssig=QcOxgj4ju%2B", "follow_me": false, "following": false, "mbrank": 0, "mbtype": 0, "planet_video": true, "icon_list": [], "can_edit": false, "textLength": null, "source": "nova 5i Pro", "favorited": false, "cardid": null, "pic_ids": [], "geo": null, "pic_num": 0, "is_paid": false, "mblog_vip_type": 0, "comments_count": 0, "attitudes_count": 0, "attitudes_status": 0, "isLongText": false, "mlevel": 8388608, "content_auth": 0, "is_show_bulletin": 2, "mblogtype": 0, "showFeedRepost": false, "showFeedComment": false, "pictureViewerSign": false, "showPictureViewer": false, "repost_type": 1, "share_repost_type": 0, "text": "转发微博"}, "pid": "4749906478367667"}, {"mid": "4749934672484456", "mblogid": "LkX1NaqjS", "uid": 5235298030, "name": "就是喜欢小鞠2022", "data": {"visible_type": 0, "visible_list_id": 0, "time": "2022-03-22 21:35:38", "profile_image_url": "https://tvax2.sinaimg.cn/crop.0.0.996.996.50/005IiMaOly8gdihi5shzij30ro0rowgu.jpg?KID=imgbed,tva&Expires=1648030572&ssig=oDHpbkFYfF", "profile_url": "/u/5235298030", "verified": false, "verified_type": -1, "domain": "", "weihao": "", "verified_type_ext": null, "avatar_large": "https://tvax2.sinaimg.cn/crop.0.0.996.996.180/005IiMaOly8gdihi5shzij30ro0rowgu.jpg?KID=imgbed,tva&Expires=1648030572&ssig=6Y1TSH8SZI", "avatar_hd": "https://tvax2.sinaimg.cn/crop.0.0.996.996.1024/005IiMaOly8gdihi5shzij30ro0rowgu.jpg?KID=imgbed,tva&Expires=1648030572&ssig=7YtjpEF9qx", "follow_me": false, "following": false, "mbrank": 1, "mbtype": 2, "planet_video": true, "icon_list": [{"type": "icon", "data": {"value": "1", "icon_img": "http://n.sinaimg.cn/www/ea31a93f/20220213/feed_icon_BingDwenDwenShueyRhonRhon@2x.png", "title": "微博实现一墩一融", "url": "https://s.weibo.com/weibo?q=%23为中国冬奥健儿加油%23"}}, {"type": "icon", "data": {"value": "1", "icon_img": "https://h5.sinaimg.cn/upload/106/1683/2022/03/18/feed_icon_chuntian_default.png", "title": "你好春天", "url": "https://s.weibo.com/weibo/%23%E4%BD%A0%E5%A5%BD%E6%98%A5%E5%A4%A9%23"}}], "can_edit": false, "textLength": null, "source": "华为手机 畅享玩不停", "favorited": false, "cardid": null, "pic_ids": [], "geo": null, "pic_num": 0, "is_paid": false, "mblog_vip_type": 0, "comments_count": 0, "attitudes_count": 0, "attitudes_status": 0, "isLongText": false, "mlevel": 8388608, "content_auth": 0, "is_show_bulletin": 2, "mblogtype": 0, "showFeedRepost": false, "showFeedComment": false, "pictureViewerSign": false, "showPictureViewer": false, "repost_type": 1, "share_repost_type": 0, "text": "转发微博"}, "pid": "4749906478367667"}, {"mid": "4749935070940112", "mblogid": "LkX2r3Wz6", "uid": 3835663999, "name": "来自伊洛河畔", "data": {"visible_type": 0, "visible_list_id": 0, "time": "2022-03-22 21:37:13", "profile_image_url": "https://tvax1.sinaimg.cn/crop.0.0.1002.1002.50/e49f967fly8g384fanfnwj20ru0rujs3.jpg?KID=imgbed,tva&Expires=1648030572&ssig=TWGGb7%2B4GO", "profile_url": "/u/3835663999", "verified": false, "verified_type": -1, "domain": "", "weihao": "", "verified_type_ext": null, "avatar_large": "https://tvax1.sinaimg.cn/crop.0.0.1002.1002.180/e49f967fly8g384fanfnwj20ru0rujs3.jpg?KID=imgbed,tva&Expires=1648030572&ssig=Wxs08wnM85", "avatar_hd": "https://tvax1.sinaimg.cn/crop.0.0.1002.1002.1024/e49f967fly8g384fanfnwj20ru0rujs3.jpg?KID=imgbed,tva&Expires=1648030572&ssig=qOuntLUSVT", "follow_me": false, "following": false, "mbrank": 0, "mbtype": 0, "planet_video": true, "icon_list": [], "can_edit": false, "textLength": null, "source": "小米8 屏幕指纹版", "favorited": false, "cardid": null, "pic_ids": [], "geo": null, "pic_num": 0, "is_paid": false, "mblog_vip_type": 0, "comments_count": 0, "attitudes_count": 0, "attitudes_status": 0, "isLongText": false, "mlevel": 8388608, "content_auth": 0, "is_show_bulletin": 2, "mblogtype": 0, "showFeedRepost": false, "showFeedComment": false, "pictureViewerSign": false, "showPictureViewer": false, "repost_type": 2, "share_repost_type": 0, "text": "快转微博"}, "pid": "4749906478367667"}, {"mid": "4749943363603506", "mblogid": "LkXfOf7r4", "uid": 7287020334, "name": "低概率事件集", "data": {"visible_type": 0, "visible_list_id": 0, "time": "2022-03-22 22:10:10", "profile_image_url": "https://tvax3.sinaimg.cn/crop.0.0.996.996.50/007X9AS2ly8g67311f9ltj30ro0ro3zh.jpg?KID=imgbed,tva&Expires=1648030572&ssig=vaVM3GdHOC", "profile_url": "/u/7287020334", "verified": false, "verified_type": -1, "domain": "lowrateaffairs", "weihao": "", "verified_type_ext": null, "avatar_large": "https://tvax3.sinaimg.cn/crop.0.0.996.996.180/007X9AS2ly8g67311f9ltj30ro0ro3zh.jpg?KID=imgbed,tva&Expires=1648030572&ssig=fpkVo0eQzd", "avatar_hd": "https://tvax3.sinaimg.cn/crop.0.0.996.996.1024/007X9AS2ly8g67311f9ltj30ro0ro3zh.jpg?KID=imgbed,tva&Expires=1648030572&ssig=Hb9YYZVxdf", "follow_me": false, "following": false, "mbrank": 0, "mbtype": 0, "planet_video": false, "icon_list": [], "can_edit": false, "textLength": null, "source": "Android", "favorited": false, "cardid": "star_11247_common", "pic_ids": [], "geo": null, "pic_num": 0, "is_paid": false, "mblog_vip_type": 0, "comments_count": 0, "attitudes_count": 0, "attitudes_status": 0, "isLongText": false, "mlevel": 8388608, "content_auth": 0, "is_show_bulletin": 2, "mblogtype": 0, "showFeedRepost": false, "showFeedComment": false, "pictureViewerSign": false, "showPictureViewer": false, "repost_type": 2, "share_repost_type": 0, "text": "快转微博"}, "pid": "4749906478367667"}, {"mid": "4749944747197999", "mblogid": "LkXi2ucwL", "uid": 1886106761, "name": "乐乐中新股", "data": {"visible_type": 0, "visible_list_id": 0, "time": "2022-03-22 22:15:40", "profile_image_url": "https://tva3.sinaimg.cn/crop.0.0.180.180.50/706bb489jw1e8qgp5bmzyj2050050aa8.jpg?KID=imgbed,tva&Expires=1648030572&ssig=IKjXYEekI%2B", "profile_url": "/u/1886106761", "verified": false, "verified_type": -1, "domain": "", "weihao": "", "verified_type_ext": null, "avatar_large": "https://tva3.sinaimg.cn/crop.0.0.180.180.180/706bb489jw1e8qgp5bmzyj2050050aa8.jpg?KID=imgbed,tva&Expires=1648030572&ssig=ub1XqYfUHi", "avatar_hd": "https://tva3.sinaimg.cn/crop.0.0.180.180.1024/706bb489jw1e8qgp5bmzyj2050050aa8.jpg?KID=imgbed,tva&Expires=1648030572&ssig=rgxgntCnyQ", "follow_me": false, "following": false, "mbrank": 5, "mbtype": 2, "planet_video": true, "icon_list": [{"type": "icon", "data": {"value": "1", "icon_img": "http://n.sinaimg.cn/www/ea31a93f/20220213/feed_icon_BingDwenDwenShueyRhonRhon@2x.png", "title": "微博实现一墩一融", "url": "https://s.weibo.com/weibo?q=%23为中国冬奥健儿加油%23"}}], "can_edit": false, "textLength": null, "source": "小米10 青春版 5G", "favorited": false, "cardid": null, "pic_ids": [], "geo": null, "pic_num": 0, "is_paid": false, "mblog_vip_type": 0, "comments_count": 0, "attitudes_count": 0, "attitudes_status": 0, "isLongText": false, "mlevel": 8388608, "content_auth": 0, "is_show_bulletin": 2, "mblogtype": 0, "showFeedRepost": false, "showFeedComment": false, "pictureViewerSign": false, "showPictureViewer": false, "repost_type": 2, "share_repost_type": 0, "text": "快转微博"}, "pid": "4749906478367667"}, {"mid": "4749945724215592", "mblogid": "LkXjChGFq", "uid": 1702741891, "name": "钻风大王", "data": {"visible_type": 0, "visible_list_id": 0, "time": "2022-03-22 22:19:33", "profile_image_url": "https://tvax1.sinaimg.cn/crop.0.0.512.512.50/657dc783ly8g9yov3cq7uj20e80e8glw.jpg?KID=imgbed,tva&Expires=1648030572&ssig=rjv4deeSAs", "profile_url": "/u/1702741891", "verified": false, "verified_type": -1, "domain": "", "weihao": "", "verified_type_ext": null, "avatar_large": "https://tvax1.sinaimg.cn/crop.0.0.512.512.180/657dc783ly8g9yov3cq7uj20e80e8glw.jpg?KID=imgbed,tva&Expires=1648030572&ssig=sVn52DS4aW", "avatar_hd": "https://tvax1.sinaimg.cn/crop.0.0.512.512.1024/657dc783ly8g9yov3cq7uj20e80e8glw.jpg?KID=imgbed,tva&Expires=1648030572&ssig=jmFAzhWCqJ", "follow_me": false, "following": false, "mbrank": 1, "mbtype": 2, "planet_video": false, "icon_list": [], "can_edit": false, "textLength": null, "source": "iPad Pro", "favorited": false, "cardid": "star_583", "pic_ids": [], "geo": null, "pic_num": 0, "is_paid": false, "mblog_vip_type": 0, "comments_count": 0, "attitudes_count": 0, "attitudes_status": 0, "isLongText": false, "mlevel": 8388608, "content_auth": 0, "is_show_bulletin": 2, "mblogtype": 0, "showFeedRepost": false, "showFeedComment": false, "pictureViewerSign": false, "showPictureViewer": false, "repost_type": 1, "share_repost_type": 0, "text": "转发微博"}, "pid": "4749906478367667"}, {"mid": "4749955094807414", "mblogid": "LkXyJkaCW", "uid": 6430995241, "name": "滋美地活", "data": {"visible_type": 0, "visible_list_id": 0, "time": "2022-03-22 22:56:46", "profile_image_url": "https://tvax4.sinaimg.cn/crop.0.1.638.638.50/0071dNDHly8fml6zr8kp5j30hq0hsmxi.jpg?KID=imgbed,tva&Expires=1648030572&ssig=RYwHx0ltur", "profile_url": "/u/6430995241", "verified": false, "verified_type": -1, "domain": "", "weihao": "", "verified_type_ext": null, "avatar_large": "https://tvax4.sinaimg.cn/crop.0.1.638.638.180/0071dNDHly8fml6zr8kp5j30hq0hsmxi.jpg?KID=imgbed,tva&Expires=1648030572&ssig=zr5bMlnCab", "avatar_hd": "https://tvax4.sinaimg.cn/crop.0.1.638.638.1024/0071dNDHly8fml6zr8kp5j30hq0hsmxi.jpg?KID=imgbed,tva&Expires=1648030572&ssig=iczlOJw4RJ", "follow_me": false, "following": false, "mbrank": 0, "mbtype": 0, "planet_video": false, "icon_list": [{"type": "icon", "data": {"value": "1", "icon_img": "http://n.sinaimg.cn/www/ea31a93f/20220213/feed_icon_BingDwenDwenShueyRhonRhon@2x.png", "title": "微博实现一墩一融", "url": "https://s.weibo.com/weibo?q=%23为中国冬奥健儿加油%23"}}], "can_edit": false, "textLength": null, "source": "荣耀手机 勇敢做自己", "favorited": false, "cardid": "star_11247_common", "pic_ids": [], "geo": null, "pic_num": 0, "is_paid": false, "mblog_vip_type": 0, "comments_count": 0, "attitudes_count": 0, "attitudes_status": 0, "isLongText": false, "mlevel": 8388608, "content_auth": 0, "is_show_bulletin": 2, "mblogtype": 0, "showFeedRepost": false, "showFeedComment": false, "pictureViewerSign": false, "showPictureViewer": false, "repost_type": 3, "share_repost_type": 0, "text": "这倒也事实！是不是也要感谢一下普京？普京造就了泽连斯基！我觉得要！要不普京整这么一出，泽连斯基是谁我都不可能知道！"}, "pid": "4749906478367667"}, {"mid": "4749955955163635", "mblogid": "LkXA7lFir", "uid": 7747966229, "name": "鸿星200712", "data": {"visible_type": 0, "visible_list_id": 0, "time": "2022-03-22 23:00:11", "profile_image_url": "https://tvax2.sinaimg.cn/crop.0.0.828.828.50/008slFXfly8h0evh3arhtj30n00n00v3.jpg?KID=imgbed,tva&Expires=1648030709&ssig=Uz6W%2Bt%2FOBi", "profile_url": "/u/7747966229", "verified": false, "verified_type": -1, "domain": "", "weihao": "", "verified_type_ext": null, "avatar_large": "https://tvax2.sinaimg.cn/crop.0.0.828.828.180/008slFXfly8h0evh3arhtj30n00n00v3.jpg?KID=imgbed,tva&Expires=1648030709&ssig=1AP%2Fwgg9Nz", "avatar_hd": "https://tvax2.sinaimg.cn/crop.0.0.828.828.1024/008slFXfly8h0evh3arhtj30n00n00v3.jpg?KID=imgbed,tva&Expires=1648030709&ssig=IhVrqk7sQZ", "follow_me": false, "following": false, "mbrank": 0, "mbtype": 0, "planet_video": true, "icon_list": [], "can_edit": false, "textLength": null, "source": "iPhone客户端", "favorited": false, "cardid": null, "pic_ids": [], "geo": null, "pic_num": 0, "is_paid": false, "mblog_vip_type": 0, "comments_count": 0, "attitudes_count": 0, "attitudes_status": 0, "isLongText": false, "mlevel": 8388608, "content_auth": 0, "is_show_bulletin": 2, "mblogtype": 0, "showFeedRepost": false, "showFeedComment": false, "pictureViewerSign": false, "showPictureViewer": false, "repost_type": 1, "share_repost_type": 0, "text": "//@滋美地活:这倒也事实！是不是也要感谢一下普京？普京造就了泽连斯基！我觉得要！要不普京整这么一出，泽连斯基是谁我都不可能知道！"}, "pid": "4749955094807414"}, {"mid": "4749960938259032", "mblogid": "LkXI9yEyc", "uid": 5527181619, "name": "无事可乐趣", "data": {"visible_type": 0, "visible_list_id": 0, "time": "2022-03-22 23:19:59", "profile_image_url": "https://tvax2.sinaimg.cn/crop.0.0.664.664.50/00623uqDly8g0cj414580j30ig0igab5.jpg?KID=imgbed,tva&Expires=1648030572&ssig=pYTJO1nBq1", "profile_url": "/u/5527181619", "verified": false, "verified_type": -1, "domain": "", "weihao": "", "verified_type_ext": null, "avatar_large": "https://tvax2.sinaimg.cn/crop.0.0.664.664.180/00623uqDly8g0cj414580j30ig0igab5.jpg?KID=imgbed,tva&Expires=1648030572&ssig=naQt68MB3Q", "avatar_hd": "https://tvax2.sinaimg.cn/crop.0.0.664.664.1024/00623uqDly8g0cj414580j30ig0igab5.jpg?KID=imgbed,tva&Expires=1648030572&ssig=pS%2F9VUJgdZ", "follow_me": false, "following": false, "mbrank": 0, "mbtype": 0, "planet_video": true, "icon_list": [], "can_edit": false, "textLength": null, "source": "iPhone客户端", "favorited": false, "cardid": null, "pic_ids": [], "geo": null, "pic_num": 0, "is_paid": false, "mblog_vip_type": 0, "comments_count": 0, "attitudes_count": 0, "attitudes_status": 0, "isLongText": false, "mlevel": 8388608, "content_auth": 0, "is_show_bulletin": 2, "mblogtype": 0, "showFeedRepost": false, "showFeedComment": false, "pictureViewerSign": false, "showPictureViewer": false, "repost_type": 4, "share_repost_type": 0, "text": "我预测一下，奥斯卡和艾米奖都会颁奖给他，诺贝尔奖也是预定了，各种西方的电影电视类颁奖典礼上都会给他特别奖[笑cry]"}, "pid": "4749906478367667"}, {"mid": "4749995330241259", "mblogid": "LkYBD10Lh", "uid": 1432600935, "name": "溜溜哒哒的懒猫", "data": {"visible_type": 0, "visible_list_id": 0, "time": "2022-03-23 01:36:40", "profile_image_url": "https://tvax3.sinaimg.cn/crop.0.0.512.512.50/5563c167ly8gqq8oc3mjpj20e80e8q3i.jpg?KID=imgbed,tva&Expires=1648030572&ssig=3f46hjFjaU", "profile_url": "/u/1432600935", "verified": true, "verified_type": 0, "domain": "vinci9461", "weihao": "", "verified_type_ext": 0, "avatar_large": "https://tvax3.sinaimg.cn/crop.0.0.512.512.180/5563c167ly8gqq8oc3mjpj20e80e8q3i.jpg?KID=imgbed,tva&Expires=1648030572&ssig=1f66D3mIo%2B", "avatar_hd": "https://tvax3.sinaimg.cn/crop.0.0.512.512.1024/5563c167ly8gqq8oc3mjpj20e80e8q3i.jpg?KID=imgbed,tva&Expires=1648030572&ssig=cLrmWZ7kVm", "follow_me": false, "following": false, "mbrank": 6, "mbtype": 12, "planet_video": false, "icon_list": [{"type": "vip", "data": {"mbrank": 6, "mbtype": 12}}], "can_edit": false, "textLength": null, "source": "iPhone X", "favorited": false, "cardid": "star_164", "pic_ids": [], "geo": null, "pic_num": 0, "is_paid": false, "mblog_vip_type": 0, "comments_count": 0, "attitudes_count": 0, "attitudes_status": 0, "isLongText": false, "mlevel": 8388608, "content_auth": 0, "is_show_bulletin": 2, "mblogtype": 0, "showFeedRepost": false, "showFeedComment": false, "pictureViewerSign": false, "showPictureViewer": false, "repost_type": 2, "share_repost_type": 0, "text": "快转微博"}, "pid": "4749906478367667"}, {"mid": "4750055854833801", "mblogid": "Ll0bfkhux", "uid": 2125810181, "name": "甄鲵-jennysister", "data": {"visible_type": 0, "visible_list_id": 0, "time": "2022-03-23 05:37:10", "profile_image_url": "https://tvax3.sinaimg.cn/crop.0.0.996.996.50/7eb54a05ly8g6vom867x2j20ro0rp0vv.jpg?KID=imgbed,tva&Expires=1648030572&ssig=4PFqC5ULJ5", "profile_url": "/u/2125810181", "verified": false, "verified_type": -1, "domain": "jenny1966", "weihao": "", "verified_type_ext": null, "avatar_large": "https://tvax3.sinaimg.cn/crop.0.0.996.996.180/7eb54a05ly8g6vom867x2j20ro0rp0vv.jpg?KID=imgbed,tva&Expires=1648030572&ssig=QmMJoHyjof", "avatar_hd": "https://tvax3.sinaimg.cn/crop.0.0.996.996.1024/7eb54a05ly8g6vom867x2j20ro0rp0vv.jpg?KID=imgbed,tva&Expires=1648030572&ssig=I8y2oJYWQV", "follow_me": false, "following": false, "mbrank": 0, "mbtype": 0, "planet_video": false, "icon_list": [], "can_edit": false, "textLength": null, "source": "nova5i 2400万AI四摄", "favorited": false, "cardid": null, "pic_ids": [], "geo": null, "pic_num": 0, "is_paid": false, "mblog_vip_type": 0, "comments_count": 0, "attitudes_count": 0, "attitudes_status": 0, "isLongText": false, "mlevel": 8388608, "content_auth": 0, "is_show_bulletin": 2, "mblogtype": 0, "showFeedRepost": false, "showFeedComment": false, "pictureViewerSign": false, "showPictureViewer": false, "repost_type": 2, "share_repost_type": 0, "text": "快转微博"}, "pid": "4749906478367667"}, {"mid": "4750162512055951", "mblogid": "Ll2Xh8CQv", "uid": 1909830524, "name": "悠雅自在", "data": {"visible_type": 0, "visible_list_id": 0, "time": "2022-03-23 12:40:59", "profile_image_url": "https://tvax3.sinaimg.cn/crop.0.0.664.664.50/71d5b37cly8gdjtykm9n8j20ig0ig0uc.jpg?KID=imgbed,tva&Expires=1648030572&ssig=KT9u8hg%2Frn", "profile_url": "/u/1909830524", "verified": false, "verified_type": -1, "domain": "", "weihao": "", "verified_type_ext": null, "avatar_large": "https://tvax3.sinaimg.cn/crop.0.0.664.664.180/71d5b37cly8gdjtykm9n8j20ig0ig0uc.jpg?KID=imgbed,tva&Expires=1648030572&ssig=1%2BDgooOpiY", "avatar_hd": "https://tvax3.sinaimg.cn/crop.0.0.664.664.1024/71d5b37cly8gdjtykm9n8j20ig0ig0uc.jpg?KID=imgbed,tva&Expires=1648030572&ssig=edsiuWipmI", "follow_me": false, "following": false, "mbrank": 0, "mbtype": 0, "planet_video": true, "icon_list": [], "can_edit": false, "textLength": null, "source": "荣耀Play5T", "favorited": false, "cardid": null, "pic_ids": [], "geo": null, "pic_num": 0, "is_paid": false, "mblog_vip_type": 0, "comments_count": 0, "attitudes_count": 0, "attitudes_status": 0, "isLongText": false, "mlevel": 8388608, "content_auth": 0, "is_show_bulletin": 2, "mblogtype": 0, "showFeedRepost": false, "showFeedComment": false, "pictureViewerSign": false, "showPictureViewer": false, "repost_type": 1, "share_repost_type": 0, "text": "不就是美国媒体的国际话语权"}, "pid": "4749906478367667"}, {"mid": "4750181792221300", "mblogid": "Ll3sn9jRq", "uid": 3173999590, "name": "haitao-b", "data": {"visible_type": 0, "visible_list_id": 0, "time": "2022-03-23 13:57:36", "profile_image_url": "https://tva3.sinaimg.cn/crop.0.0.996.996.50/bd2f63e6jw8fb9ti5uhkjj20ro0rptap.jpg?KID=imgbed,tva&Expires=1648030572&ssig=hqGDRxgOCd", "profile_url": "/u/3173999590", "verified": false, "verified_type": -1, "domain": "", "weihao": "", "verified_type_ext": null, "avatar_large": "https://tva3.sinaimg.cn/crop.0.0.996.996.180/bd2f63e6jw8fb9ti5uhkjj20ro0rptap.jpg?KID=imgbed,tva&Expires=1648030572&ssig=Gn7O23%2FHQT", "avatar_hd": "https://tva3.sinaimg.cn/crop.0.0.996.996.1024/bd2f63e6jw8fb9ti5uhkjj20ro0rptap.jpg?KID=imgbed,tva&Expires=1648030572&ssig=b4GjqhmY4p", "follow_me": false, "following": false, "mbrank": 0, "mbtype": 0, "planet_video": true, "icon_list": [], "can_edit": false, "textLength": null, "source": "HUAWEI Mate 10 Pro", "favorited": false, "cardid": "star_11247_common", "pic_ids": [], "geo": null, "pic_num": 0, "is_paid": false, "mblog_vip_type": 0, "comments_count": 0, "attitudes_count": 0, "attitudes_status": 0, "isLongText": false, "mlevel": 8388608, "content_auth": 0, "is_show_bulletin": 2, "mblogtype": 0, "showFeedRepost": false, "showFeedComment": false, "pictureViewerSign": false, "showPictureViewer": false, "repost_type": 2, "share_repost_type": 0, "text": "快转微博"}, "pid": "4749906478367667"}]