[{"mid": "4749938192548497", "mblogid": "LkX7taGYN", "uid": 5142153329, "name": "猎庄师-时帝Gain", "data": {"visible_type": 0, "visible_list_id": 0, "time": "2022-03-22 21:49:37", "profile_image_url": "https://tvax4.sinaimg.cn/crop.0.0.1080.1080.50/005BZWYVly8gyuufcwzd9j30u00u077e.jpg?KID=imgbed,tva&Expires=1647999831&ssig=V20a4zdxKc", "profile_url": "/u/5142153329", "verified": true, "verified_type": 0, "domain": "", "weihao": "", "verified_type_ext": 1, "avatar_large": "https://tvax4.sinaimg.cn/crop.0.0.1080.1080.180/005BZWYVly8gyuufcwzd9j30u00u077e.jpg?KID=imgbed,tva&Expires=1647999831&ssig=0vE9ZBcjW1", "avatar_hd": "https://tvax4.sinaimg.cn/crop.0.0.1080.1080.1024/005BZWYVly8gyuufcwzd9j30u00u077e.jpg?KID=imgbed,tva&Expires=1647999831&ssig=zXo5Vgabdq", "follow_me": false, "following": false, "mbrank": 6, "mbtype": 12, "planet_video": false, "icon_list": [{"type": "vip", "data": {"mbrank": 6, "mbtype": 12}}], "can_edit": false, "textLength": 124, "source": "微博 weibo.com", "favorited": false, "cardid": "star_005", "pic_ids": [], "geo": null, "pic_num": 0, "is_paid": false, "mblog_vip_type": 0, "comments_count": 0, "attitudes_count": 2462, "attitudes_status": 0, "isLongText": false, "mlevel": 0, "content_auth": 0, "is_show_bulletin": 2, "mblogtype": 0, "showFeedRepost": false, "showFeedComment": false, "pictureViewerSign": false, "showPictureViewer": false, "repost_type": null, "share_repost_type": 0, "text": "兄弟们，先空为敬[笑cry]\n2980跌破加仓[笑cry]\n回撤目标看一波2920~2915，\n力度大的话，看一波2830~2800吧~\n#比特币btc# #以太坊eth# ​​​"}}]