[{"mid": "4748967899037746", "mblogid": "LkxStBV86", "uid": 6605843899, "name": "漫威的背后", "data": {"visible_type": 0, "visible_list_id": 0, "time": "2022-03-20 05:34:00", "profile_image_url": "https://tvax4.sinaimg.cn/crop.0.0.512.512.50/007d3rLlly8gokm1b040rj30e80e8js0.jpg?KID=imgbed,tva&Expires=1648001914&ssig=fSto1cgEQ5", "profile_url": "/u/6605843899", "verified": false, "verified_type": -1, "domain": "", "weihao": "", "verified_type_ext": null, "avatar_large": "https://tvax4.sinaimg.cn/crop.0.0.512.512.180/007d3rLlly8gokm1b040rj30e80e8js0.jpg?KID=imgbed,tva&Expires=1648001914&ssig=rzhRk3HGmO", "avatar_hd": "https://tvax4.sinaimg.cn/crop.0.0.512.512.1024/007d3rLlly8gokm1b040rj30e80e8js0.jpg?KID=imgbed,tva&Expires=1648001914&ssig=sNqi7aUzWF", "follow_me": false, "following": false, "mbrank": 2, "mbtype": 2, "planet_video": false, "icon_list": [], "can_edit": false, "textLength": 65, "source": "微博视频号", "favorited": false, "cardid": null, "pic_ids": [], "geo": null, "pic_num": 0, "is_paid": false, "mblog_vip_type": 0, "comments_count": 15, "attitudes_count": 609, "attitudes_status": 0, "isLongText": false, "mlevel": 0, "content_auth": 0, "is_show_bulletin": 2, "mblogtype": 0, "showFeedRepost": false, "showFeedComment": false, "pictureViewerSign": false, "showPictureViewer": false, "repost_type": null, "share_repost_type": 0, "text": "原来漫威还有这么多好笑的梗\n\n#漫威##漫威电影# http://t.cn/A66iZ4rN ​​​"}}, {"mid": "4749242818889875", "mblogid": "LkF1TBiF5", "uid": 7469180245, "name": "皖豫归渝", "data": {"visible_type": 0, "visible_list_id": 0, "time": "2022-03-20 23:46:27", "profile_image_url": "https://tvax4.sinaimg.cn/crop.0.0.1080.1080.50/0089tUZ7ly8grjuhvwe4bj30u00u0gov.jpg?KID=imgbed,tva&Expires=1648001917&ssig=ghgF1i7hA%2F", "profile_url": "/u/7469180245", "verified": false, "verified_type": -1, "domain": "", "weihao": "", "verified_type_ext": null, "avatar_large": "https://tvax4.sinaimg.cn/crop.0.0.1080.1080.180/0089tUZ7ly8grjuhvwe4bj30u00u0gov.jpg?KID=imgbed,tva&Expires=1648001917&ssig=Xj%2BEfdrsXy", "avatar_hd": "https://tvax4.sinaimg.cn/crop.0.0.1080.1080.1024/0089tUZ7ly8grjuhvwe4bj30u00u0gov.jpg?KID=imgbed,tva&Expires=1648001917&ssig=hJrtC5xPku", "follow_me": false, "following": false, "mbrank": 0, "mbtype": 0, "planet_video": true, "icon_list": [], "can_edit": false, "textLength": null, "source": "iPad air", "favorited": false, "cardid": null, "pic_ids": [], "geo": null, "pic_num": 0, "is_paid": false, "mblog_vip_type": 0, "comments_count": 0, "attitudes_count": 0, "attitudes_status": 0, "isLongText": false, "mlevel": 0, "content_auth": 0, "is_show_bulletin": 2, "mblogtype": 0, "showFeedRepost": false, "showFeedComment": false, "pictureViewerSign": false, "showPictureViewer": false, "repost_type": 2, "share_repost_type": 0, "text": "快转微博"}, "pid": "4748967899037746"}, {"mid": "4749253131895970", "mblogid": "LkFix7Xea", "uid": 1864402632, "name": "大富婆和她的小白脸们", "data": {"visible_type": 0, "visible_list_id": 0, "time": "2022-03-21 00:27:26", "profile_image_url": "https://tvax4.sinaimg.cn/crop.0.0.1080.1080.50/6f2086c8ly8gz5yguyk0yj20u00u0dl8.jpg?KID=imgbed,tva&Expires=1648001917&ssig=CUaXa3ncWr", "profile_url": "/u/1864402632", "verified": false, "verified_type": -1, "domain": "blorgl", "weihao": "", "verified_type_ext": null, "avatar_large": "https://tvax4.sinaimg.cn/crop.0.0.1080.1080.180/6f2086c8ly8gz5yguyk0yj20u00u0dl8.jpg?KID=imgbed,tva&Expires=1648001917&ssig=e6f2Nztezy", "avatar_hd": "https://tvax4.sinaimg.cn/crop.0.0.1080.1080.1024/6f2086c8ly8gz5yguyk0yj20u00u0dl8.jpg?KID=imgbed,tva&Expires=1648001917&ssig=PclPkh4am0", "follow_me": false, "following": false, "mbrank": 0, "mbtype": 0, "planet_video": false, "icon_list": [], "can_edit": false, "textLength": null, "source": "HUAWEI P30 Pro", "favorited": false, "cardid": null, "pic_ids": [], "geo": null, "pic_num": 0, "is_paid": false, "mblog_vip_type": 0, "comments_count": 0, "attitudes_count": 0, "attitudes_status": 0, "isLongText": false, "mlevel": 0, "content_auth": 0, "is_show_bulletin": 2, "mblogtype": 0, "showFeedRepost": false, "showFeedComment": false, "pictureViewerSign": false, "showPictureViewer": false, "repost_type": 1, "share_repost_type": 0, "text": "看台阶哈哈哈哈"}, "pid": "4748967899037746"}, {"mid": "4749254244173557", "mblogid": "LkFkkhvJr", "uid": 3161327672, "name": "5927wj", "data": {"visible_type": 0, "visible_list_id": 0, "time": "2022-03-21 00:31:51", "profile_image_url": "https://tvax3.sinaimg.cn/crop.0.0.512.512.50/bc6e0838ly8fyaz89a9iuj20e80e8t99.jpg?KID=imgbed,tva&Expires=1648001917&ssig=HQOB1TAymx", "profile_url": "/u/3161327672", "verified": false, "verified_type": -1, "domain": "", "weihao": "", "verified_type_ext": null, "avatar_large": "https://tvax3.sinaimg.cn/crop.0.0.512.512.180/bc6e0838ly8fyaz89a9iuj20e80e8t99.jpg?KID=imgbed,tva&Expires=1648001917&ssig=8sIt%2BxdHxB", "avatar_hd": "https://tvax3.sinaimg.cn/crop.0.0.512.512.1024/bc6e0838ly8fyaz89a9iuj20e80e8t99.jpg?KID=imgbed,tva&Expires=1648001917&ssig=1spRtrO70X", "follow_me": false, "following": false, "mbrank": 1, "mbtype": 2, "planet_video": true, "icon_list": [], "can_edit": false, "textLength": null, "source": "iPhone客户端", "favorited": false, "cardid": null, "pic_ids": [], "geo": null, "pic_num": 0, "is_paid": false, "mblog_vip_type": 0, "comments_count": 0, "attitudes_count": 0, "attitudes_status": 0, "isLongText": false, "mlevel": 0, "content_auth": 0, "is_show_bulletin": 2, "mblogtype": 0, "showFeedRepost": false, "showFeedComment": false, "pictureViewerSign": false, "showPictureViewer": false, "repost_type": 2, "share_repost_type": 0, "text": "快转微博"}, "pid": "4748967899037746"}, {"mid": "4749325198688357", "mblogid": "LkHaLAseN", "uid": 2683295734, "name": "Hyttttttt", "data": {"visible_type": 0, "visible_list_id": 0, "time": "2022-03-21 05:13:48", "profile_image_url": "https://tvax2.sinaimg.cn/crop.0.0.750.750.50/9fefd7f6ly8fvd5blg527j20ku0ku3zh.jpg?KID=imgbed,tva&Expires=1648001917&ssig=pVAi4xkmRV", "profile_url": "/u/2683295734", "verified": false, "verified_type": -1, "domain": "", "weihao": "", "verified_type_ext": null, "avatar_large": "https://tvax2.sinaimg.cn/crop.0.0.750.750.180/9fefd7f6ly8fvd5blg527j20ku0ku3zh.jpg?KID=imgbed,tva&Expires=1648001917&ssig=uG0kTaX%2BFx", "avatar_hd": "https://tvax2.sinaimg.cn/crop.0.0.750.750.1024/9fefd7f6ly8fvd5blg527j20ku0ku3zh.jpg?KID=imgbed,tva&Expires=1648001917&ssig=ERs06avsG1", "follow_me": false, "following": false, "mbrank": 0, "mbtype": 0, "planet_video": true, "icon_list": [], "can_edit": false, "textLength": null, "source": "iPhone客户端", "favorited": false, "cardid": null, "pic_ids": [], "geo": null, "pic_num": 0, "is_paid": false, "mblog_vip_type": 0, "comments_count": 0, "attitudes_count": 0, "attitudes_status": 0, "isLongText": false, "mlevel": 0, "content_auth": 0, "is_show_bulletin": 2, "mblogtype": 0, "showFeedRepost": false, "showFeedComment": false, "pictureViewerSign": false, "showPictureViewer": false, "repost_type": 2, "share_repost_type": 0, "text": "快转微博"}, "pid": "4748967899037746"}, {"mid": "4749351508773405", "mblogid": "LkHRcAOmx", "uid": 2681825103, "name": "按着丽娜丶", "data": {"visible_type": 0, "visible_list_id": 0, "time": "2022-03-21 06:58:21", "profile_image_url": "https://tva3.sinaimg.cn/crop.0.0.749.749.50/9fd9674fjw8f01c0kaizdj20ku0ktq3n.jpg?KID=imgbed,tva&Expires=1648001917&ssig=hkB9ruuaIm", "profile_url": "/u/2681825103", "verified": false, "verified_type": -1, "domain": "", "weihao": "", "verified_type_ext": null, "avatar_large": "https://tva3.sinaimg.cn/crop.0.0.749.749.180/9fd9674fjw8f01c0kaizdj20ku0ktq3n.jpg?KID=imgbed,tva&Expires=1648001917&ssig=gUlANK%2FvuJ", "avatar_hd": "https://tva3.sinaimg.cn/crop.0.0.749.749.1024/9fd9674fjw8f01c0kaizdj20ku0ktq3n.jpg?KID=imgbed,tva&Expires=1648001917&ssig=kZnwEhBq7a", "follow_me": false, "following": false, "mbrank": 2, "mbtype": 2, "planet_video": false, "icon_list": [], "can_edit": false, "textLength": null, "source": "三星S21 Ultra 5G", "favorited": false, "cardid": null, "pic_ids": [], "geo": null, "pic_num": 0, "is_paid": false, "mblog_vip_type": 0, "comments_count": 0, "attitudes_count": 0, "attitudes_status": 0, "isLongText": false, "mlevel": 0, "content_auth": 0, "is_show_bulletin": 2, "mblogtype": 0, "showFeedRepost": false, "showFeedComment": false, "pictureViewerSign": false, "showPictureViewer": false, "repost_type": 1, "share_repost_type": 0, "text": "转发微博"}, "pid": "4748967899037746"}, {"mid": "4749380198338407", "mblogid": "LkIBtyZcr", "uid": 5803483846, "name": "浮士德冻豆腐", "data": {"visible_type": 0, "visible_list_id": 0, "time": "2022-03-21 08:52:21", "profile_image_url": "https://tvax2.sinaimg.cn/crop.0.0.828.828.50/006kKPgaly8h09imr7m3tj30n00n0760.jpg?KID=imgbed,tva&Expires=1648001917&ssig=krnfcFgE8J", "profile_url": "/u/5803483846", "verified": false, "verified_type": -1, "domain": "", "weihao": "", "verified_type_ext": null, "avatar_large": "https://tvax2.sinaimg.cn/crop.0.0.828.828.180/006kKPgaly8h09imr7m3tj30n00n0760.jpg?KID=imgbed,tva&Expires=1648001917&ssig=8bfnVkkVUh", "avatar_hd": "https://tvax2.sinaimg.cn/crop.0.0.828.828.1024/006kKPgaly8h09imr7m3tj30n00n0760.jpg?KID=imgbed,tva&Expires=1648001917&ssig=x2o0Bdgip%2B", "follow_me": false, "following": false, "mbrank": 5, "mbtype": 11, "planet_video": true, "icon_list": [{"type": "vip", "data": {"mbrank": 5, "mbtype": 11}}], "can_edit": false, "textLength": null, "source": "iPhone XR", "favorited": false, "cardid": "star_1106", "pic_ids": [], "geo": null, "pic_num": 0, "is_paid": false, "mblog_vip_type": 0, "comments_count": 0, "attitudes_count": 0, "attitudes_status": 0, "isLongText": false, "mlevel": 0, "content_auth": 0, "is_show_bulletin": 2, "mblogtype": 0, "showFeedRepost": false, "showFeedComment": false, "pictureViewerSign": false, "showPictureViewer": false, "repost_type": 2, "share_repost_type": 0, "text": "快转微博"}, "pid": "4748967899037746"}, {"mid": "4749396572373051", "mblogid": "LkJ1T9Xl1", "uid": 6342557148, "name": "M抱着盒子的姑娘和擦汗的男人", "data": {"visible_type": 0, "visible_list_id": 0, "time": "2022-03-21 09:57:24", "profile_image_url": "https://tvax2.sinaimg.cn/crop.0.0.664.664.50/006VeIQQly8g8wu45mw9mj30ig0ig75i.jpg?KID=imgbed,tva&Expires=1648001917&ssig=GDGhANYy1k", "profile_url": "/u/6342557148", "verified": false, "verified_type": -1, "domain": "", "weihao": "", "verified_type_ext": null, "avatar_large": "https://tvax2.sinaimg.cn/crop.0.0.664.664.180/006VeIQQly8g8wu45mw9mj30ig0ig75i.jpg?KID=imgbed,tva&Expires=1648001917&ssig=fh%2Byj7vWlQ", "avatar_hd": "https://tvax2.sinaimg.cn/crop.0.0.664.664.1024/006VeIQQly8g8wu45mw9mj30ig0ig75i.jpg?KID=imgbed,tva&Expires=1648001917&ssig=VM8p5ZDJpW", "follow_me": false, "following": false, "mbrank": 0, "mbtype": 0, "planet_video": false, "icon_list": [], "can_edit": false, "textLength": null, "source": "iPhone客户端", "favorited": false, "cardid": null, "pic_ids": [], "geo": null, "pic_num": 0, "is_paid": false, "mblog_vip_type": 0, "comments_count": 0, "attitudes_count": 0, "attitudes_status": 0, "isLongText": false, "mlevel": 0, "content_auth": 0, "is_show_bulletin": 2, "mblogtype": 0, "showFeedRepost": false, "showFeedComment": false, "pictureViewerSign": false, "showPictureViewer": false, "repost_type": 2, "share_repost_type": 0, "text": "快转微博"}, "pid": "4748967899037746"}, {"mid": "4749432283204116", "mblogid": "LkJXudrxi", "uid": 5547318775, "name": "满月My9", "data": {"visible_type": 0, "visible_list_id": 0, "time": "2022-03-21 12:19:19", "profile_image_url": "https://tvax4.sinaimg.cn/crop.0.0.996.996.50/0063pZ1tly8gmlbh5l7cwj30ro0romzb.jpg?KID=imgbed,tva&Expires=1648001917&ssig=XDlQOhD5ot", "profile_url": "/u/5547318775", "verified": false, "verified_type": -1, "domain": "", "weihao": "", "verified_type_ext": null, "avatar_large": "https://tvax4.sinaimg.cn/crop.0.0.996.996.180/0063pZ1tly8gmlbh5l7cwj30ro0romzb.jpg?KID=imgbed,tva&Expires=1648001917&ssig=m7I9JxJmqX", "avatar_hd": "https://tvax4.sinaimg.cn/crop.0.0.996.996.1024/0063pZ1tly8gmlbh5l7cwj30ro0romzb.jpg?KID=imgbed,tva&Expires=1648001917&ssig=AcMH37oJRE", "follow_me": false, "following": false, "mbrank": 2, "mbtype": 12, "planet_video": false, "icon_list": [{"type": "vip", "data": {"mbrank": 2, "mbtype": 12}}], "can_edit": false, "textLength": null, "source": "nova 5z", "favorited": false, "cardid": "topic_10080834fb055eebe5edafa631ac974aa9eb7f_lv10", "pic_ids": [], "geo": null, "pic_num": 0, "is_paid": false, "mblog_vip_type": 0, "comments_count": 0, "attitudes_count": 0, "attitudes_status": 0, "isLongText": false, "mlevel": 0, "content_auth": 0, "is_show_bulletin": 2, "mblogtype": 0, "showFeedRepost": false, "showFeedComment": false, "pictureViewerSign": false, "showPictureViewer": false, "repost_type": 2, "share_repost_type": 0, "text": "快转微博"}, "pid": "4748967899037746"}, {"mid": "4749432644436977", "mblogid": "LkJY4iCg9", "uid": 5547318775, "name": "满月My9", "data": {"visible_type": 0, "visible_list_id": 0, "time": "2022-03-21 12:20:44", "profile_image_url": "https://tvax4.sinaimg.cn/crop.0.0.996.996.50/0063pZ1tly8gmlbh5l7cwj30ro0romzb.jpg?KID=imgbed,tva&Expires=1648001917&ssig=XDlQOhD5ot", "profile_url": "/u/5547318775", "verified": false, "verified_type": -1, "domain": "", "weihao": "", "verified_type_ext": null, "avatar_large": "https://tvax4.sinaimg.cn/crop.0.0.996.996.180/0063pZ1tly8gmlbh5l7cwj30ro0romzb.jpg?KID=imgbed,tva&Expires=1648001917&ssig=m7I9JxJmqX", "avatar_hd": "https://tvax4.sinaimg.cn/crop.0.0.996.996.1024/0063pZ1tly8gmlbh5l7cwj30ro0romzb.jpg?KID=imgbed,tva&Expires=1648001917&ssig=AcMH37oJRE", "follow_me": false, "following": false, "mbrank": 2, "mbtype": 12, "planet_video": false, "icon_list": [{"type": "vip", "data": {"mbrank": 2, "mbtype": 12}}], "can_edit": false, "textLength": null, "source": "nova 5z", "favorited": false, "cardid": "topic_10080834fb055eebe5edafa631ac974aa9eb7f_lv10", "pic_ids": [], "geo": null, "pic_num": 0, "is_paid": false, "mblog_vip_type": 0, "comments_count": 0, "attitudes_count": 0, "attitudes_status": 0, "isLongText": false, "mlevel": 0, "content_auth": 0, "is_show_bulletin": 2, "mblogtype": 0, "showFeedRepost": false, "showFeedComment": false, "pictureViewerSign": false, "showPictureViewer": false, "repost_type": 2, "share_repost_type": 0, "text": "快转微博"}, "pid": "4748967899037746"}, {"mid": "4749433729979104", "mblogid": "LkJZOFS1i", "uid": 1782808971, "name": "Miloo嘎嘣脆", "data": {"visible_type": 0, "visible_list_id": 0, "time": "2022-03-21 12:25:04", "profile_image_url": "https://tva3.sinaimg.cn/crop.0.0.996.996.50/6a43818bjw8f2bgg0yqqrj20ro0ro0vv.jpg?KID=imgbed,tva&Expires=1648001917&ssig=djvkJWLQC2", "profile_url": "/u/1782808971", "verified": false, "verified_type": -1, "domain": "", "weihao": "", "verified_type_ext": null, "avatar_large": "https://tva3.sinaimg.cn/crop.0.0.996.996.180/6a43818bjw8f2bgg0yqqrj20ro0ro0vv.jpg?KID=imgbed,tva&Expires=1648001917&ssig=RyGQzKLY5K", "avatar_hd": "https://tva3.sinaimg.cn/crop.0.0.996.996.1024/6a43818bjw8f2bgg0yqqrj20ro0ro0vv.jpg?KID=imgbed,tva&Expires=1648001917&ssig=NJfVyJbzBU", "follow_me": false, "following": false, "mbrank": 0, "mbtype": 0, "planet_video": true, "icon_list": [], "can_edit": false, "textLength": null, "source": "OnePlus 8T", "favorited": false, "cardid": null, "pic_ids": [], "geo": null, "pic_num": 0, "is_paid": false, "mblog_vip_type": 0, "comments_count": 0, "attitudes_count": 0, "attitudes_status": 0, "isLongText": false, "mlevel": 0, "content_auth": 0, "is_show_bulletin": 2, "mblogtype": 0, "showFeedRepost": false, "showFeedComment": false, "pictureViewerSign": false, "showPictureViewer": false, "repost_type": 2, "share_repost_type": 0, "text": "快转微博"}, "pid": "4748967899037746"}, {"mid": "4749438810068675", "mblogid": "LkK810hRF", "uid": 7471535481, "name": "喜欢看搞笑视频的打工人", "data": {"visible_type": 0, "visible_list_id": 0, "time": "2022-03-21 12:45:15", "profile_image_url": "https://tvax4.sinaimg.cn/crop.0.0.996.996.50/0089DNGNly8gpmh67kju4j30ro0rowiy.jpg?KID=imgbed,tva&Expires=1648001914&ssig=aKGGgmmVOS", "profile_url": "/u/7471535481", "verified": false, "verified_type": -1, "domain": "", "weihao": "", "verified_type_ext": null, "avatar_large": "https://tvax4.sinaimg.cn/crop.0.0.996.996.180/0089DNGNly8gpmh67kju4j30ro0rowiy.jpg?KID=imgbed,tva&Expires=1648001914&ssig=atwdTgiEu4", "avatar_hd": "https://tvax4.sinaimg.cn/crop.0.0.996.996.1024/0089DNGNly8gpmh67kju4j30ro0rowiy.jpg?KID=imgbed,tva&Expires=1648001914&ssig=FFbWWPt4LX", "follow_me": false, "following": false, "mbrank": 0, "mbtype": 0, "planet_video": true, "icon_list": [], "can_edit": false, "textLength": null, "source": "iPad客户端", "favorited": false, "cardid": null, "pic_ids": [], "geo": null, "pic_num": 0, "is_paid": false, "mblog_vip_type": 0, "comments_count": 0, "attitudes_count": 0, "attitudes_status": 0, "isLongText": false, "mlevel": 0, "content_auth": 0, "is_show_bulletin": 2, "mblogtype": 0, "showFeedRepost": false, "showFeedComment": false, "pictureViewerSign": false, "showPictureViewer": false, "repost_type": 1, "share_repost_type": 0, "text": "转发微博"}, "pid": "4748967899037746"}, {"mid": "4749475454651081", "mblogid": "LkL57jvXr", "uid": 2481508457, "name": "狼孩卡尔", "data": {"visible_type": 0, "visible_list_id": 0, "time": "2022-03-21 15:10:52", "profile_image_url": "https://tva2.sinaimg.cn/crop.0.1.750.750.50/93e8d069jw8f2e6vlakdfj20ku0kwab4.jpg?KID=imgbed,tva&Expires=1648001914&ssig=s8AeO%2FZVG5", "profile_url": "/u/2481508457", "verified": false, "verified_type": 220, "domain": "", "weihao": "", "verified_type_ext": null, "avatar_large": "https://tva2.sinaimg.cn/crop.0.1.750.750.180/93e8d069jw8f2e6vlakdfj20ku0kwab4.jpg?KID=imgbed,tva&Expires=1648001914&ssig=Kn1e10XaUd", "avatar_hd": "https://tva2.sinaimg.cn/crop.0.1.750.750.1024/93e8d069jw8f2e6vlakdfj20ku0kwab4.jpg?KID=imgbed,tva&Expires=1648001914&ssig=F5HPxOSIHp", "follow_me": false, "following": false, "mbrank": 6, "mbtype": 2, "planet_video": true, "icon_list": [], "can_edit": false, "textLength": null, "source": "iPhone客户端", "favorited": false, "cardid": null, "pic_ids": [], "geo": null, "pic_num": 0, "is_paid": false, "mblog_vip_type": 0, "comments_count": 0, "attitudes_count": 0, "attitudes_status": 0, "isLongText": false, "mlevel": 0, "content_auth": 0, "is_show_bulletin": 2, "mblogtype": 0, "showFeedRepost": false, "showFeedComment": false, "pictureViewerSign": false, "showPictureViewer": false, "repost_type": 2, "share_repost_type": 0, "text": "快转微博"}, "pid": "4748967899037746"}, {"mid": "4749476914271867", "mblogid": "LkL7thVj5", "uid": 1601726192, "name": "进击的小灰辉", "data": {"visible_type": 0, "visible_list_id": 0, "time": "2022-03-21 15:16:40", "profile_image_url": "https://tvax1.sinaimg.cn/crop.69.78.497.497.50/5f7866f0ly8flk4vkx5ztj20hs0hs3zi.jpg?KID=imgbed,tva&Expires=1648001914&ssig=Glfq%2FTDVIK", "profile_url": "/u/1601726192", "verified": false, "verified_type": -1, "domain": "", "weihao": "", "verified_type_ext": null, "avatar_large": "https://tvax1.sinaimg.cn/crop.69.78.497.497.180/5f7866f0ly8flk4vkx5ztj20hs0hs3zi.jpg?KID=imgbed,tva&Expires=1648001914&ssig=FYxs42gBsK", "avatar_hd": "https://tvax1.sinaimg.cn/crop.69.78.497.497.1024/5f7866f0ly8flk4vkx5ztj20hs0hs3zi.jpg?KID=imgbed,tva&Expires=1648001914&ssig=9YGKHgwUlT", "follow_me": false, "following": false, "mbrank": 0, "mbtype": 0, "planet_video": false, "icon_list": [], "can_edit": false, "textLength": null, "source": "OnePlus 6", "favorited": false, "cardid": null, "pic_ids": [], "geo": null, "pic_num": 0, "is_paid": false, "mblog_vip_type": 0, "comments_count": 0, "attitudes_count": 0, "attitudes_status": 0, "isLongText": false, "mlevel": 0, "content_auth": 0, "is_show_bulletin": 2, "mblogtype": 0, "showFeedRepost": false, "showFeedComment": false, "pictureViewerSign": false, "showPictureViewer": false, "repost_type": 1, "share_repost_type": 0, "text": "转发微博"}, "pid": "4748967899037746"}, {"mid": "4749480509833666", "mblogid": "LkLdgFgbw", "uid": 6146677947, "name": "王启明Paolo", "data": {"visible_type": 0, "visible_list_id": 0, "time": "2022-03-21 15:30:56", "profile_image_url": "https://tvax3.sinaimg.cn/crop.0.0.996.996.50/006HYPITly8givpeqlb39j30ro0rojt8.jpg?KID=imgbed,tva&Expires=1648001914&ssig=k%2FPwF273R7", "profile_url": "/u/6146677947", "verified": false, "verified_type": -1, "domain": "", "weihao": "", "verified_type_ext": null, "avatar_large": "https://tvax3.sinaimg.cn/crop.0.0.996.996.180/006HYPITly8givpeqlb39j30ro0rojt8.jpg?KID=imgbed,tva&Expires=1648001914&ssig=A%2F7vI3s1X8", "avatar_hd": "https://tvax3.sinaimg.cn/crop.0.0.996.996.1024/006HYPITly8givpeqlb39j30ro0rojt8.jpg?KID=imgbed,tva&Expires=1648001914&ssig=rOTXsCRaRX", "follow_me": false, "following": false, "mbrank": 1, "mbtype": 2, "planet_video": true, "icon_list": [], "can_edit": false, "textLength": null, "source": "荣耀30 Pro+ 5G", "favorited": false, "cardid": null, "pic_ids": [], "geo": null, "pic_num": 0, "is_paid": false, "mblog_vip_type": 0, "comments_count": 0, "attitudes_count": 0, "attitudes_status": 0, "isLongText": false, "mlevel": 0, "content_auth": 0, "is_show_bulletin": 2, "mblogtype": 0, "showFeedRepost": false, "showFeedComment": false, "pictureViewerSign": false, "showPictureViewer": false, "repost_type": 1, "share_repost_type": 0, "text": "转发微博"}, "pid": "4748967899037746"}, {"mid": "4749490987207911", "mblogid": "LkLuauf6D", "uid": 2711909703, "name": "蒙面超人RX", "data": {"visible_type": 0, "visible_list_id": 0, "time": "2022-03-21 16:12:35", "profile_image_url": "https://tvax4.sinaimg.cn/crop.0.0.1002.1002.50/a1a47547ly8fpq6tj101mj20ru0ru767.jpg?KID=imgbed,tva&Expires=1648001914&ssig=h5uNNyjUr2", "profile_url": "/u/2711909703", "verified": false, "verified_type": -1, "domain": "qq171888664", "weihao": "", "verified_type_ext": null, "avatar_large": "https://tvax4.sinaimg.cn/crop.0.0.1002.1002.180/a1a47547ly8fpq6tj101mj20ru0ru767.jpg?KID=imgbed,tva&Expires=1648001914&ssig=7u8oNGzh8N", "avatar_hd": "https://tvax4.sinaimg.cn/crop.0.0.1002.1002.1024/a1a47547ly8fpq6tj101mj20ru0ru767.jpg?KID=imgbed,tva&Expires=1648001914&ssig=tNEVg2B5%2Fj", "follow_me": false, "following": false, "mbrank": 0, "mbtype": 0, "planet_video": true, "icon_list": [], "can_edit": false, "textLength": null, "source": "iPhone客户端", "favorited": false, "cardid": null, "pic_ids": [], "geo": null, "pic_num": 0, "is_paid": false, "mblog_vip_type": 0, "comments_count": 0, "attitudes_count": 0, "attitudes_status": 0, "isLongText": false, "mlevel": 0, "content_auth": 0, "is_show_bulletin": 2, "mblogtype": 0, "showFeedRepost": false, "showFeedComment": false, "pictureViewerSign": false, "showPictureViewer": false, "repost_type": 2, "share_repost_type": 0, "text": "快转微博"}, "pid": "4748967899037746"}, {"mid": "4749494953970315", "mblogid": "LkLAzgERl", "uid": 7433025200, "name": "桥X殇", "data": {"visible_type": 0, "visible_list_id": 0, "time": "2022-03-21 16:28:20", "profile_image_url": "https://tvax2.sinaimg.cn/crop.0.0.996.996.50/00872dpely8gggfk7e5cbj30ro0ro3zo.jpg?KID=imgbed,tva&Expires=1648001914&ssig=js7xM4xkRm", "profile_url": "/u/7433025200", "verified": false, "verified_type": -1, "domain": "", "weihao": "", "verified_type_ext": null, "avatar_large": "https://tvax2.sinaimg.cn/crop.0.0.996.996.180/00872dpely8gggfk7e5cbj30ro0ro3zo.jpg?KID=imgbed,tva&Expires=1648001914&ssig=7ErwVzrzU5", "avatar_hd": "https://tvax2.sinaimg.cn/crop.0.0.996.996.1024/00872dpely8gggfk7e5cbj30ro0ro3zo.jpg?KID=imgbed,tva&Expires=1648001914&ssig=DSngbfdIP9", "follow_me": false, "following": false, "mbrank": 0, "mbtype": 0, "planet_video": true, "icon_list": [], "can_edit": false, "textLength": null, "source": "OPPO Reno Ace", "favorited": false, "cardid": null, "pic_ids": [], "geo": null, "pic_num": 0, "is_paid": false, "mblog_vip_type": 0, "comments_count": 0, "attitudes_count": 0, "attitudes_status": 0, "isLongText": false, "mlevel": 0, "content_auth": 0, "is_show_bulletin": 2, "mblogtype": 0, "showFeedRepost": false, "showFeedComment": false, "pictureViewerSign": false, "showPictureViewer": false, "repost_type": 2, "share_repost_type": 0, "text": "快转微博"}, "pid": "4748967899037746"}, {"mid": "4749495587842368", "mblogid": "LkLBAwU9O", "uid": 5426953591, "name": "希望我正常一点", "data": {"visible_type": 0, "visible_list_id": 0, "time": "2022-03-21 16:30:52", "profile_image_url": "https://tvax1.sinaimg.cn/crop.0.0.996.996.50/005VgWxxly8frm8g1xi3kj30ro0roq4s.jpg?KID=imgbed,tva&Expires=1648001914&ssig=eflrTbnLpJ", "profile_url": "/u/5426953591", "verified": false, "verified_type": -1, "domain": "", "weihao": "", "verified_type_ext": null, "avatar_large": "https://tvax1.sinaimg.cn/crop.0.0.996.996.180/005VgWxxly8frm8g1xi3kj30ro0roq4s.jpg?KID=imgbed,tva&Expires=1648001914&ssig=mnV7C9crkq", "avatar_hd": "https://tvax1.sinaimg.cn/crop.0.0.996.996.1024/005VgWxxly8frm8g1xi3kj30ro0roq4s.jpg?KID=imgbed,tva&Expires=1648001914&ssig=C3TAAvKh95", "follow_me": false, "following": false, "mbrank": 0, "mbtype": 0, "planet_video": true, "icon_list": [], "can_edit": false, "textLength": null, "source": "OnePlus 9R", "favorited": false, "cardid": null, "pic_ids": [], "geo": null, "pic_num": 0, "is_paid": false, "mblog_vip_type": 0, "comments_count": 0, "attitudes_count": 0, "attitudes_status": 0, "isLongText": false, "mlevel": 0, "content_auth": 0, "is_show_bulletin": 2, "mblogtype": 0, "showFeedRepost": false, "showFeedComment": false, "pictureViewerSign": false, "showPictureViewer": false, "repost_type": 1, "share_repost_type": 0, "text": "好梗"}, "pid": "4748967899037746"}, {"mid": "4749520309584727", "mblogid": "LkMfsEdqn", "uid": 5634899719, "name": "Mr-Leb", "data": {"visible_type": 0, "visible_list_id": 0, "time": "2022-03-21 18:09:05", "profile_image_url": "https://tvax1.sinaimg.cn/crop.0.0.996.996.50/0069lsPlly8fxoocailb2j30ro0romyq.jpg?KID=imgbed,tva&Expires=1648001914&ssig=pQ6UKxUcal", "profile_url": "/u/5634899719", "verified": false, "verified_type": -1, "domain": "", "weihao": "", "verified_type_ext": null, "avatar_large": "https://tvax1.sinaimg.cn/crop.0.0.996.996.180/0069lsPlly8fxoocailb2j30ro0romyq.jpg?KID=imgbed,tva&Expires=1648001914&ssig=JzRxSkmeEG", "avatar_hd": "https://tvax1.sinaimg.cn/crop.0.0.996.996.1024/0069lsPlly8fxoocailb2j30ro0romyq.jpg?KID=imgbed,tva&Expires=1648001914&ssig=zhHYzQfR9W", "follow_me": false, "following": false, "mbrank": 0, "mbtype": 0, "planet_video": true, "icon_list": [], "can_edit": false, "textLength": null, "source": "真我GT Neo 闪速版", "favorited": false, "cardid": null, "pic_ids": [], "geo": null, "pic_num": 0, "is_paid": false, "mblog_vip_type": 0, "comments_count": 0, "attitudes_count": 0, "attitudes_status": 0, "isLongText": false, "mlevel": 0, "content_auth": 0, "is_show_bulletin": 2, "mblogtype": 0, "showFeedRepost": false, "showFeedComment": false, "pictureViewerSign": false, "showPictureViewer": false, "repost_type": 2, "share_repost_type": 0, "text": "快转微博"}, "pid": "4748967899037746"}, {"mid": "4749536705124466", "mblogid": "LkMFUlv6G", "uid": 7047180262, "name": "古戈尔间", "data": {"visible_type": 0, "visible_list_id": 0, "time": "2022-03-21 19:14:15", "profile_image_url": "https://tvax2.sinaimg.cn/crop.0.0.600.600.50/007GVfvMly8gzcv6xiaf2j30go0go0vo.jpg?KID=imgbed,tva&Expires=1648001914&ssig=GFoWqxRXvO", "profile_url": "/u/7047180262", "verified": false, "verified_type": -1, "domain": "", "weihao": "", "verified_type_ext": null, "avatar_large": "https://tvax2.sinaimg.cn/crop.0.0.600.600.180/007GVfvMly8gzcv6xiaf2j30go0go0vo.jpg?KID=imgbed,tva&Expires=1648001914&ssig=3IBF9XF49W", "avatar_hd": "https://tvax2.sinaimg.cn/crop.0.0.600.600.1024/007GVfvMly8gzcv6xiaf2j30go0go0vo.jpg?KID=imgbed,tva&Expires=1648001914&ssig=8SeRjQqKqJ", "follow_me": false, "following": false, "mbrank": 0, "mbtype": 0, "planet_video": true, "icon_list": [], "can_edit": false, "textLength": null, "source": "iPhone客户端", "favorited": false, "cardid": null, "pic_ids": [], "geo": null, "pic_num": 0, "is_paid": false, "mblog_vip_type": 0, "comments_count": 0, "attitudes_count": 0, "attitudes_status": 0, "isLongText": false, "mlevel": 0, "content_auth": 0, "is_show_bulletin": 2, "mblogtype": 0, "showFeedRepost": false, "showFeedComment": false, "pictureViewerSign": false, "showPictureViewer": false, "repost_type": 2, "share_repost_type": 0, "text": "快转微博"}, "pid": "4748967899037746"}, {"mid": "4749546146503012", "mblogid": "LkMV8rhJi", "uid": 3867710831, "name": "草莓乃宇宙第一大敌", "data": {"visible_type": 0, "visible_list_id": 0, "time": "2022-03-21 19:51:46", "profile_image_url": "https://tvax4.sinaimg.cn/crop.0.0.751.751.50/e688956fly8fylkhjjgadj20kv0kvabc.jpg?KID=imgbed,tva&Expires=1648001914&ssig=Ypvq7EXeDV", "profile_url": "/u/3867710831", "verified": false, "verified_type": -1, "domain": "", "weihao": "", "verified_type_ext": null, "avatar_large": "https://tvax4.sinaimg.cn/crop.0.0.751.751.180/e688956fly8fylkhjjgadj20kv0kvabc.jpg?KID=imgbed,tva&Expires=1648001914&ssig=6D0MtXtIzl", "avatar_hd": "https://tvax4.sinaimg.cn/crop.0.0.751.751.1024/e688956fly8fylkhjjgadj20kv0kvabc.jpg?KID=imgbed,tva&Expires=1648001914&ssig=gGcxMuWfVe", "follow_me": false, "following": false, "mbrank": 0, "mbtype": 0, "planet_video": false, "icon_list": [], "can_edit": false, "textLength": null, "source": "nova6 5G自拍大不一样", "favorited": false, "cardid": null, "pic_ids": [], "geo": null, "pic_num": 0, "is_paid": false, "mblog_vip_type": 0, "comments_count": 0, "attitudes_count": 0, "attitudes_status": 0, "isLongText": false, "mlevel": 0, "content_auth": 0, "is_show_bulletin": 2, "mblogtype": 0, "showFeedRepost": false, "showFeedComment": false, "pictureViewerSign": false, "showPictureViewer": false, "repost_type": 2, "share_repost_type": 0, "text": "快转微博"}, "pid": "4748967899037746"}, {"mid": "4749553544728499", "mblogid": "LkN74jQ67", "uid": 2332657622, "name": "JokerKimS", "data": {"visible_type": 0, "visible_list_id": 0, "time": "2022-03-21 20:21:10", "profile_image_url": "https://tva3.sinaimg.cn/crop.2.0.745.745.50/8b0987d6jw8f48malyrorj20ku0kpdgq.jpg?KID=imgbed,tva&Expires=1648001914&ssig=bqG9Qm%2F4W0", "profile_url": "/u/2332657622", "verified": false, "verified_type": -1, "domain": "", "weihao": "", "verified_type_ext": null, "avatar_large": "https://tva3.sinaimg.cn/crop.2.0.745.745.180/8b0987d6jw8f48malyrorj20ku0kpdgq.jpg?KID=imgbed,tva&Expires=1648001914&ssig=%2Bkr2yOKGzQ", "avatar_hd": "https://tva3.sinaimg.cn/crop.2.0.745.745.1024/8b0987d6jw8f48malyrorj20ku0kpdgq.jpg?KID=imgbed,tva&Expires=1648001914&ssig=o2eeEgdNXW", "follow_me": false, "following": false, "mbrank": 0, "mbtype": 0, "planet_video": true, "icon_list": [], "can_edit": false, "textLength": null, "source": "iPhone客户端", "favorited": false, "cardid": null, "pic_ids": [], "geo": null, "pic_num": 0, "is_paid": false, "mblog_vip_type": 0, "comments_count": 0, "attitudes_count": 0, "attitudes_status": 0, "isLongText": false, "mlevel": 0, "content_auth": 0, "is_show_bulletin": 2, "mblogtype": 0, "showFeedRepost": false, "showFeedComment": false, "pictureViewerSign": false, "showPictureViewer": false, "repost_type": 2, "share_repost_type": 0, "text": "快转微博"}, "pid": "4748967899037746"}, {"mid": "4749560856189673", "mblogid": "LkNiRpYdr", "uid": 7318313763, "name": "噼里啪啦在下雨", "data": {"visible_type": 0, "visible_list_id": 0, "time": "2022-03-21 20:50:13", "profile_image_url": "https://tvax1.sinaimg.cn/crop.0.0.693.693.50/007ZgTILly8gyrd34lqacj30j90j9wg0.jpg?KID=imgbed,tva&Expires=1648001914&ssig=GoHkuFh00b", "profile_url": "/u/7318313763", "verified": false, "verified_type": -1, "domain": "", "weihao": "", "verified_type_ext": null, "avatar_large": "https://tvax1.sinaimg.cn/crop.0.0.693.693.180/007ZgTILly8gyrd34lqacj30j90j9wg0.jpg?KID=imgbed,tva&Expires=1648001914&ssig=nFxBxdJemw", "avatar_hd": "https://tvax1.sinaimg.cn/crop.0.0.693.693.1024/007ZgTILly8gyrd34lqacj30j90j9wg0.jpg?KID=imgbed,tva&Expires=1648001914&ssig=NQ2x1lGw1R", "follow_me": false, "following": false, "mbrank": 0, "mbtype": 0, "planet_video": true, "icon_list": [{"type": "icon", "data": {"value": "1", "icon_img": "https://h5.sinaimg.cn/upload/106/1683/2022/03/18/feed_icon_chuntian_default.png", "title": "你好春天", "url": "https://s.weibo.com/weibo/%23%E4%BD%A0%E5%A5%BD%E6%98%A5%E5%A4%A9%23"}}], "can_edit": false, "textLength": null, "source": "Note 9 Pro 一亿像素", "favorited": false, "cardid": null, "pic_ids": [], "geo": null, "pic_num": 0, "is_paid": false, "mblog_vip_type": 0, "comments_count": 0, "attitudes_count": 0, "attitudes_status": 0, "isLongText": false, "mlevel": 0, "content_auth": 0, "is_show_bulletin": 2, "mblogtype": 0, "showFeedRepost": false, "showFeedComment": false, "pictureViewerSign": false, "showPictureViewer": false, "repost_type": 2, "share_repost_type": 0, "text": "快转微博"}, "pid": "4748967899037746"}, {"mid": "4749641167668118", "mblogid": "LkPoowaPk", "uid": 7199259070, "name": "海蓝时的鲸swift", "data": {"visible_type": 0, "visible_list_id": 0, "time": "2022-03-22 02:09:21", "profile_image_url": "https://tvax1.sinaimg.cn/crop.0.0.600.600.50/007Rdm9Mly8gxph6jtpe7j30go0got9i.jpg?KID=imgbed,tva&Expires=1648001914&ssig=mOkgZ084mN", "profile_url": "/u/7199259070", "verified": false, "verified_type": -1, "domain": "", "weihao": "", "verified_type_ext": null, "avatar_large": "https://tvax1.sinaimg.cn/crop.0.0.600.600.180/007Rdm9Mly8gxph6jtpe7j30go0got9i.jpg?KID=imgbed,tva&Expires=1648001914&ssig=e7zITtBd2C", "avatar_hd": "https://tvax1.sinaimg.cn/crop.0.0.600.600.1024/007Rdm9Mly8gxph6jtpe7j30go0got9i.jpg?KID=imgbed,tva&Expires=1648001914&ssig=%2FieNyk4KzT", "follow_me": false, "following": false, "mbrank": 0, "mbtype": 0, "planet_video": true, "icon_list": [], "can_edit": false, "textLength": null, "source": "Redmi K40", "favorited": false, "cardid": "star_1219", "pic_ids": [], "geo": null, "pic_num": 0, "is_paid": false, "mblog_vip_type": 0, "comments_count": 0, "attitudes_count": 0, "attitudes_status": 0, "isLongText": false, "mlevel": 0, "content_auth": 0, "is_show_bulletin": 2, "mblogtype": 0, "showFeedRepost": false, "showFeedComment": false, "pictureViewerSign": false, "showPictureViewer": false, "repost_type": 2, "share_repost_type": 0, "text": "快转微博"}, "pid": "4748967899037746"}, {"mid": "4749723510769744", "mblogid": "LkRxd3efe", "uid": 2209199362, "name": "mine2me", "data": {"visible_type": 0, "visible_list_id": 0, "time": "2022-03-22 07:36:33", "profile_image_url": "https://tva2.sinaimg.cn/crop.564.0.382.382.50/83adb502gw1ej3vxv2k34j20ri0aoaf1.jpg?KID=imgbed,tva&Expires=1648001914&ssig=WBzhgnCkUm", "profile_url": "/u/2209199362", "verified": false, "verified_type": 220, "domain": "axaxal", "weihao": "", "verified_type_ext": null, "avatar_large": "https://tva2.sinaimg.cn/crop.564.0.382.382.180/83adb502gw1ej3vxv2k34j20ri0aoaf1.jpg?KID=imgbed,tva&Expires=1648001914&ssig=o99mWn67f1", "avatar_hd": "https://tva2.sinaimg.cn/crop.564.0.382.382.1024/83adb502gw1ej3vxv2k34j20ri0aoaf1.jpg?KID=imgbed,tva&Expires=1648001914&ssig=fTOSSo4vu0", "follow_me": false, "following": false, "mbrank": 0, "mbtype": 0, "planet_video": true, "icon_list": [], "can_edit": false, "textLength": null, "source": "HUAWEI Mate 40E", "favorited": false, "cardid": null, "pic_ids": [], "geo": null, "pic_num": 0, "is_paid": false, "mblog_vip_type": 0, "comments_count": 0, "attitudes_count": 0, "attitudes_status": 0, "isLongText": false, "mlevel": 0, "content_auth": 0, "is_show_bulletin": 2, "mblogtype": 0, "showFeedRepost": false, "showFeedComment": false, "pictureViewerSign": false, "showPictureViewer": false, "repost_type": 2, "share_repost_type": 0, "text": "快转微博"}, "pid": "4748967899037746"}, {"mid": "4749765138975536", "mblogid": "LkSClBEWI", "uid": 7530880243, "name": "Qin秦独秀", "data": {"visible_type": 0, "visible_list_id": 0, "time": "2022-03-22 10:21:58", "profile_image_url": "https://tvax3.sinaimg.cn/crop.0.0.664.664.50/008dENYnly8gycerc6ubxj30ig0igab6.jpg?KID=imgbed,tva&Expires=1648001914&ssig=v%2BMxWYARC%2B", "profile_url": "/u/7530880243", "verified": false, "verified_type": -1, "domain": "", "weihao": "", "verified_type_ext": null, "avatar_large": "https://tvax3.sinaimg.cn/crop.0.0.664.664.180/008dENYnly8gycerc6ubxj30ig0igab6.jpg?KID=imgbed,tva&Expires=1648001914&ssig=cHdww1hsk6", "avatar_hd": "https://tvax3.sinaimg.cn/crop.0.0.664.664.1024/008dENYnly8gycerc6ubxj30ig0igab6.jpg?KID=imgbed,tva&Expires=1648001914&ssig=OfeZXNq2nt", "follow_me": false, "following": false, "mbrank": 0, "mbtype": 0, "planet_video": false, "icon_list": [{"type": "icon", "data": {"value": "1", "icon_img": "http://n.sinaimg.cn/www/ea31a93f/20220213/feed_icon_BingDwenDwenShueyRhonRhon@2x.png", "title": "微博实现一墩一融", "url": "https://s.weibo.com/weibo?q=%23为中国冬奥健儿加油%23"}}, {"type": "icon", "data": {"value": "1", "icon_img": "https://h5.sinaimg.cn/upload/106/1683/2022/03/18/feed_icon_chuntian_default.png", "title": "你好春天", "url": "https://s.weibo.com/weibo/%23%E4%BD%A0%E5%A5%BD%E6%98%A5%E5%A4%A9%23"}}], "can_edit": false, "textLength": null, "source": "vivo手机", "favorited": false, "cardid": null, "pic_ids": [], "geo": null, "pic_num": 0, "is_paid": false, "mblog_vip_type": 0, "comments_count": 0, "attitudes_count": 0, "attitudes_status": 0, "isLongText": false, "mlevel": 0, "content_auth": 0, "is_show_bulletin": 2, "mblogtype": 0, "showFeedRepost": false, "showFeedComment": false, "pictureViewerSign": false, "showPictureViewer": false, "repost_type": 3, "share_repost_type": 0, "text": "我是你哥哥啊！——我是被收养的"}, "pid": "4748967899037746"}, {"mid": "4749809308664386", "mblogid": "LkTLAAm0a", "uid": 3234876860, "name": "_十三啊衫", "data": {"visible_type": 0, "visible_list_id": 0, "time": "2022-03-22 13:17:28", "profile_image_url": "https://tvax1.sinaimg.cn/crop.0.0.889.889.50/c0d04dbcly8gzdt48ew0mj20op0optaa.jpg?KID=imgbed,tva&Expires=1648001914&ssig=JoMaBjkmpt", "profile_url": "/u/3234876860", "verified": false, "verified_type": -1, "domain": "LWS1314820", "weihao": "", "verified_type_ext": null, "avatar_large": "https://tvax1.sinaimg.cn/crop.0.0.889.889.180/c0d04dbcly8gzdt48ew0mj20op0optaa.jpg?KID=imgbed,tva&Expires=1648001914&ssig=FnZrCYVo0P", "avatar_hd": "https://tvax1.sinaimg.cn/crop.0.0.889.889.1024/c0d04dbcly8gzdt48ew0mj20op0optaa.jpg?KID=imgbed,tva&Expires=1648001914&ssig=Geq0el2OfV", "follow_me": false, "following": false, "mbrank": 1, "mbtype": 2, "planet_video": false, "icon_list": [], "can_edit": false, "textLength": null, "source": "iPhone客户端", "favorited": false, "cardid": "star_1389", "pic_ids": [], "geo": null, "pic_num": 0, "is_paid": false, "mblog_vip_type": 0, "comments_count": 0, "attitudes_count": 0, "attitudes_status": 0, "isLongText": false, "mlevel": 0, "content_auth": 0, "is_show_bulletin": 2, "mblogtype": 0, "showFeedRepost": false, "showFeedComment": false, "pictureViewerSign": false, "showPictureViewer": false, "repost_type": 5, "share_repost_type": 0, "text": "//@卖姑娘的小樱木:他是我弟弟、我是被收养的[开学季][开学季][开学季][开学季][开学季][开学季][开学季][开学季][开学季]卑微弟弟在线卑微"}, "pid": "4748967899037746"}, {"mid": "4749814090436062", "mblogid": "LkTTj1Prg", "uid": 1919297177, "name": "黑质白章宝宝蛇", "data": {"visible_type": 0, "visible_list_id": 0, "time": "2022-03-22 13:36:29", "profile_image_url": "https://tvax3.sinaimg.cn/crop.0.0.667.667.50/72662699ly8fhp0oc2bphj20ij0ijt9p.jpg?KID=imgbed,tva&Expires=1648001914&ssig=9gxsm1%2F2uO", "profile_url": "/u/1919297177", "verified": false, "verified_type": -1, "domain": "", "weihao": "", "verified_type_ext": null, "avatar_large": "https://tvax3.sinaimg.cn/crop.0.0.667.667.180/72662699ly8fhp0oc2bphj20ij0ijt9p.jpg?KID=imgbed,tva&Expires=1648001914&ssig=qyP8H8Fdtx", "avatar_hd": "https://tvax3.sinaimg.cn/crop.0.0.667.667.1024/72662699ly8fhp0oc2bphj20ij0ijt9p.jpg?KID=imgbed,tva&Expires=1648001914&ssig=vaeCMUFEvU", "follow_me": false, "following": false, "mbrank": 0, "mbtype": 0, "planet_video": false, "icon_list": [], "can_edit": false, "textLength": null, "source": "iQOO Pro 5G性能旗舰", "favorited": false, "cardid": null, "pic_ids": [], "geo": null, "pic_num": 0, "is_paid": false, "mblog_vip_type": 0, "comments_count": 0, "attitudes_count": 0, "attitudes_status": 0, "isLongText": false, "mlevel": 0, "content_auth": 0, "is_show_bulletin": 2, "mblogtype": 0, "showFeedRepost": false, "showFeedComment": false, "pictureViewerSign": false, "showPictureViewer": false, "repost_type": 2, "share_repost_type": 0, "text": "快转微博"}, "pid": "4748967899037746"}, {"mid": "4749890938214390", "mblogid": "LkVTfysWa", "uid": 7312484289, "name": "阿玖JQW", "data": {"visible_type": 0, "visible_list_id": 0, "time": "2022-03-22 18:41:51", "profile_image_url": "https://tvax4.sinaimg.cn/crop.0.0.996.996.50/007YSrcZly8gc9y4jf5d0j30ro0rodjm.jpg?KID=imgbed,tva&Expires=1648001914&ssig=XcuIzSZrft", "profile_url": "/u/7312484289", "verified": false, "verified_type": -1, "domain": "", "weihao": "", "verified_type_ext": null, "avatar_large": "https://tvax4.sinaimg.cn/crop.0.0.996.996.180/007YSrcZly8gc9y4jf5d0j30ro0rodjm.jpg?KID=imgbed,tva&Expires=1648001914&ssig=rsU7x2Spnw", "avatar_hd": "https://tvax4.sinaimg.cn/crop.0.0.996.996.1024/007YSrcZly8gc9y4jf5d0j30ro0rodjm.jpg?KID=imgbed,tva&Expires=1648001914&ssig=li1YZJx3qd", "follow_me": false, "following": false, "mbrank": 0, "mbtype": 0, "planet_video": true, "icon_list": [], "can_edit": false, "textLength": null, "source": "荣耀20 PRO", "favorited": false, "cardid": null, "pic_ids": [], "geo": null, "pic_num": 0, "is_paid": false, "mblog_vip_type": 0, "comments_count": 0, "attitudes_count": 0, "attitudes_status": 0, "isLongText": false, "mlevel": 0, "content_auth": 0, "is_show_bulletin": 2, "mblogtype": 0, "showFeedRepost": false, "showFeedComment": false, "pictureViewerSign": false, "showPictureViewer": false, "repost_type": 1, "share_repost_type": 0, "text": "转发微博"}, "pid": "4748967899037746"}, {"mid": "4749930075785776", "mblogid": "LkWUnoh8Y", "uid": 1847967942, "name": "海棠叶mg", "data": {"visible_type": 0, "visible_list_id": 0, "time": "2022-03-22 21:17:22", "profile_image_url": "https://tva4.sinaimg.cn/crop.204.76.614.614.50/6e25c0c6tw1eeptvqd73qj20sg0lcai5.jpg?KID=imgbed,tva&Expires=1648001914&ssig=RuPs%2Falmxu", "profile_url": "/u/1847967942", "verified": false, "verified_type": -1, "domain": "", "weihao": "", "verified_type_ext": null, "avatar_large": "https://tva4.sinaimg.cn/crop.204.76.614.614.180/6e25c0c6tw1eeptvqd73qj20sg0lcai5.jpg?KID=imgbed,tva&Expires=1648001914&ssig=WSdRtUHiIX", "avatar_hd": "https://tva4.sinaimg.cn/crop.204.76.614.614.1024/6e25c0c6tw1eeptvqd73qj20sg0lcai5.jpg?KID=imgbed,tva&Expires=1648001914&ssig=WypLFNJf%2F6", "follow_me": false, "following": false, "mbrank": 0, "mbtype": 0, "planet_video": true, "icon_list": [], "can_edit": false, "textLength": null, "source": "HUAWEI P40 5G", "favorited": false, "cardid": null, "pic_ids": [], "geo": null, "pic_num": 0, "is_paid": false, "mblog_vip_type": 0, "comments_count": 0, "attitudes_count": 0, "attitudes_status": 0, "isLongText": false, "mlevel": 0, "content_auth": 0, "is_show_bulletin": 2, "mblogtype": 0, "showFeedRepost": false, "showFeedComment": false, "pictureViewerSign": false, "showPictureViewer": false, "repost_type": 2, "share_repost_type": 0, "text": "快转微博"}, "pid": "4748967899037746"}, {"mid": "4750046404542707", "mblogid": "LkZW0j3Lt", "uid": 7324597984, "name": "开心的拍起了肚皮嘿嘿", "data": {"visible_type": 0, "visible_list_id": 0, "time": "2022-03-23 04:59:37", "profile_image_url": "https://tvax3.sinaimg.cn/crop.0.0.1080.1080.50/007ZHgxaly8gumxxswwl5j60u00u0myy02.jpg?KID=imgbed,tva&Expires=1648001914&ssig=5zujO1L8gN", "profile_url": "/u/7324597984", "verified": false, "verified_type": -1, "domain": "", "weihao": "", "verified_type_ext": null, "avatar_large": "https://tvax3.sinaimg.cn/crop.0.0.1080.1080.180/007ZHgxaly8gumxxswwl5j60u00u0myy02.jpg?KID=imgbed,tva&Expires=1648001914&ssig=aBlEqmMXq9", "avatar_hd": "https://tvax3.sinaimg.cn/crop.0.0.1080.1080.1024/007ZHgxaly8gumxxswwl5j60u00u0myy02.jpg?KID=imgbed,tva&Expires=1648001914&ssig=LrmK9%2BlCAI", "follow_me": false, "following": false, "mbrank": 2, "mbtype": 2, "planet_video": false, "icon_list": [], "can_edit": false, "textLength": null, "source": "iPhone", "favorited": false, "cardid": null, "pic_ids": [], "geo": null, "pic_num": 0, "is_paid": false, "mblog_vip_type": 0, "comments_count": 0, "attitudes_count": 0, "attitudes_status": 0, "isLongText": false, "mlevel": 0, "content_auth": 0, "is_show_bulletin": 2, "mblogtype": 0, "showFeedRepost": false, "showFeedComment": false, "pictureViewerSign": false, "showPictureViewer": false, "repost_type": 2, "share_repost_type": 0, "text": "快转微博"}, "pid": "4748967899037746"}]