{"mid": "4747650177698043", "mblogid": "LjZB7wiBZ", "uid": 1635107442, "name": "财经巴菲特", "data": {"visible_type": 0, "visible_list_id": 0, "time": "2022-03-16 14:17:52", "profile_image_url": "https://tvax2.sinaimg.cn/crop.13.33.368.368.50/6175c272ly8gymg35ta26j20gm0dcjs5.jpg?KID=imgbed,tva&Expires=1647836451&ssig=ynwSS0Hsan", "profile_url": "/u/1635107442", "verified": false, "verified_type": -1, "domain": "", "weihao": "", "verified_type_ext": null, "avatar_large": "https://tvax2.sinaimg.cn/crop.13.33.368.368.180/6175c272ly8gymg35ta26j20gm0dcjs5.jpg?KID=imgbed,tva&Expires=1647836451&ssig=%2BDp4F4vidV", "avatar_hd": "https://tvax2.sinaimg.cn/crop.13.33.368.368.1024/6175c272ly8gymg35ta26j20gm0dcjs5.jpg?KID=imgbed,tva&Expires=1647836451&ssig=wkI7jkBhfL", "follow_me": false, "following": false, "mbrank": 6, "mbtype": 12, "planet_video": true, "icon_list": [{"type": "vip", "data": {"mbrank": 6, "mbtype": 12}}, {"type": "icon", "data": {"value": "1", "icon_img": "https://h5.sinaimg.cn/upload/106/1683/2022/03/18/feed_icon_chuntian_default.png", "title": "你好春天", "url": "https://s.weibo.com/weibo/%23%E4%BD%A0%E5%A5%BD%E6%98%A5%E5%A4%A9%23"}}], "can_edit": false, "textLength": 102, "source": "皮皮时光机", "favorited": false, "cardid": null, "pic_ids": ["0028q7fwgy1h09v2zjugzj60m82ezk4k02", "0028q7fwgy1h09v30uh4wj60m82glna202", "0028q7fwgy1h09v36v6g8j60m82g5wrp02", "0028q7fwgy1h09v315yd9j60m82ez15k02", "0028q7fwgy1h09v3arsjoj60m82ezdsd02", "0028q7fwgy1h09v33ne3pj60m82gfwrm02", "0028q7fwgy1h09v3c64p2j60m82eztll02", "0028q7fwgy1h09v3cf7s0j60m82dsgyg02", "0028q7fwgy1h09v3cpdl0j60m82dz49r02"], "geo": null, "pic_num": 9, "is_paid": false, "mblog_vip_type": 0, "comments_count": 1137, "attitudes_count": 5142, "attitudes_status": 0, "isLongText": false, "mlevel": 0, "content_auth": 0, "is_show_bulletin": 2, "mblogtype": 0, "showFeedRepost": false, "showFeedComment": false, "pictureViewerSign": false, "showPictureViewer": false, "repost_type": null, "share_repost_type": 0, "text": "【141个基础金融知识名词解释】想投资理财却被各种金融词汇搞晕？是时候学点金融知识了！转走，随时充电！ ​ ​​​"}, "children": [{"mid": "4747792779576932", "mblogid": "Lk3j7EboE", "uid": 7076634650, "name": "铁男老林", "data": {"visible_type": 0, "visible_list_id": 0, "time": "2022-03-16 23:44:31", "profile_image_url": "https://tvax1.sinaimg.cn/crop.0.0.512.512.50/007IUPWyly8gpwwfobwngj30e80e87d8.jpg?KID=imgbed,tva&Expires=1647836461&ssig=%2BM7Q560qT5", "profile_url": "/u/7076634650", "verified": false, "verified_type": -1, "domain": "", "weihao": "", "verified_type_ext": null, "avatar_large": "https://tvax1.sinaimg.cn/crop.0.0.512.512.180/007IUPWyly8gpwwfobwngj30e80e87d8.jpg?KID=imgbed,tva&Expires=1647836461&ssig=5jPwq%2FtswU", "avatar_hd": "https://tvax1.sinaimg.cn/crop.0.0.512.512.1024/007IUPWyly8gpwwfobwngj30e80e87d8.jpg?KID=imgbed,tva&Expires=1647836461&ssig=hrX3C4Sjkv", "follow_me": false, "following": false, "mbrank": 0, "mbtype": 0, "planet_video": true, "icon_list": [], "can_edit": false, "textLength": null, "source": "腾讯黑鲨3 Pro", "favorited": false, "cardid": null, "pic_ids": [], "geo": null, "pic_num": 0, "is_paid": false, "mblog_vip_type": 0, "comments_count": 0, "attitudes_count": 0, "attitudes_status": 0, "isLongText": false, "mlevel": 0, "content_auth": 0, "is_show_bulletin": 2, "mblogtype": 0, "showFeedRepost": false, "showFeedComment": false, "pictureViewerSign": false, "showPictureViewer": false, "repost_type": 2, "share_repost_type": 0, "text": "快转微博"}, "pid": "4747650177698043"}, {"mid": "4748177536975946", "mblogid": "LkdjHtgLg", "uid": 1927742534, "name": "agbxs", "data": {"visible_type": 0, "visible_list_id": 0, "time": "2022-03-18 01:13:24", "profile_image_url": "https://tvax1.sinaimg.cn/default/images/default_avatar_female_50.gif?KID=imgbed,tva&Expires=1647836461&ssig=gsyfMj02yl", "profile_url": "/u/1927742534", "verified": false, "verified_type": -1, "domain": "", "weihao": "", "verified_type_ext": null, "avatar_large": "https://tvax1.sinaimg.cn/default/images/default_avatar_female_180.gif?KID=imgbed,tva&Expires=1647836461&ssig=N%2FaqtwzklP", "avatar_hd": "https://tvax1.sinaimg.cn/default/images/default_avatar_female_180.gif?KID=imgbed,tva&Expires=1647836461&ssig=N%2FaqtwzklP", "follow_me": false, "following": false, "mbrank": 0, "mbtype": 0, "planet_video": true, "icon_list": [], "can_edit": false, "textLength": null, "source": "HUAWEI P20 Pro", "favorited": false, "cardid": null, "pic_ids": [], "geo": null, "pic_num": 0, "is_paid": false, "mblog_vip_type": 0, "comments_count": 0, "attitudes_count": 0, "attitudes_status": 0, "isLongText": false, "mlevel": 0, "content_auth": 0, "is_show_bulletin": 2, "mblogtype": 0, "showFeedRepost": false, "showFeedComment": false, "pictureViewerSign": false, "showPictureViewer": false, "repost_type": 1, "share_repost_type": 0, "text": "转发微博"}, "pid": "4747650177698043"}, {"mid": "4748722505777557", "mblogid": "LkruGof0p", "uid": 2644990147, "name": "谈谈小毛蛋", "data": {"visible_type": 0, "visible_list_id": 0, "time": "2022-03-19 13:18:54", "profile_image_url": "https://tvax1.sinaimg.cn/default/images/default_avatar_female_50.gif?KID=imgbed,tva&Expires=1647836461&ssig=gsyfMj02yl", "profile_url": "/u/2644990147", "verified": false, "verified_type": -1, "domain": "", "weihao": "", "verified_type_ext": null, "avatar_large": "https://tvax1.sinaimg.cn/default/images/default_avatar_female_180.gif?KID=imgbed,tva&Expires=1647836461&ssig=N%2FaqtwzklP", "avatar_hd": "https://tvax1.sinaimg.cn/default/images/default_avatar_female_180.gif?KID=imgbed,tva&Expires=1647836461&ssig=N%2FaqtwzklP", "follow_me": false, "following": false, "mbrank": 0, "mbtype": 0, "planet_video": true, "icon_list": [], "can_edit": false, "textLength": null, "source": "iPhone客户端", "favorited": false, "cardid": null, "pic_ids": [], "geo": null, "pic_num": 0, "is_paid": false, "mblog_vip_type": 0, "comments_count": 0, "attitudes_count": 0, "attitudes_status": 0, "isLongText": false, "mlevel": 0, "content_auth": 0, "is_show_bulletin": 2, "mblogtype": 0, "showFeedRepost": false, "showFeedComment": false, "pictureViewerSign": false, "showPictureViewer": false, "repost_type": 2, "share_repost_type": 0, "text": "快转微博"}, "pid": "4747650177698043"}]}