{"mid": "4749239400008092", "mblogid": "LkEWo026w", "uid": 1744093477, "name": "白衣咸饭", "data": {"visible_type": 0, "visible_list_id": 0, "time": "2022-03-20 23:32:52", "profile_image_url": "https://tvax2.sinaimg.cn/crop.40.40.100.100.50/67f4c125ly8gdj3rhbrbyj2050050wea.jpg?KID=imgbed,tva&Expires=1647871998&ssig=YZVJI%2BIKbn", "profile_url": "/u/1744093477", "verified": true, "verified_type": 0, "domain": "", "weihao": "", "verified_type_ext": 1, "avatar_large": "https://tvax2.sinaimg.cn/crop.40.40.100.100.180/67f4c125ly8gdj3rhbrbyj2050050wea.jpg?KID=imgbed,tva&Expires=1647871998&ssig=UcVYWmfOcE", "avatar_hd": "https://tvax2.sinaimg.cn/crop.40.40.100.100.1024/67f4c125ly8gdj3rhbrbyj2050050wea.jpg?KID=imgbed,tva&Expires=1647871998&ssig=BCHG31L1SU", "follow_me": false, "following": false, "mbrank": 7, "mbtype": 12, "planet_video": false, "icon_list": [{"type": "vip", "data": {"mbrank": 7, "mbtype": 12}}], "can_edit": false, "textLength": 428, "source": "iPhone 12 Pro Max", "favorited": false, "cardid": null, "pic_ids": [], "geo": null, "pic_num": 0, "is_paid": false, "mblog_vip_type": 0, "comments_count": 9, "attitudes_count": 35, "attitudes_status": 0, "isLongText": true, "mlevel": 0, "content_auth": 0, "is_show_bulletin": 2, "mblogtype": 0, "showFeedRepost": false, "showFeedComment": false, "pictureViewerSign": false, "showPictureViewer": false, "repost_type": null, "share_repost_type": 0, "text": "关于鹅乌战争，到底有没有阴谋论？我不晓得，但可以谈谈老美。无论是战前还是战争发生之后，瞌睡桥总统都信誓旦旦的说漂亮国不会参战，而且阻止波兰将米格29战机转送给尤克林，还曾建议乌总统流亡海外。这简直上对普道夫总统的鼓励和表扬。但是，现在鹅军战事不顺，瞌睡乔总统不仅答应给乌螺旋刀，而且 ​​​"}, "children": [{"mid": "4749240281071722", "mblogid": "LkEXO4uNQ", "uid": 6495131355, "name": "Dukelordwolf", "data": {"visible_type": 0, "visible_list_id": 0, "time": "2022-03-20 23:36:21", "profile_image_url": "https://tvax2.sinaimg.cn/crop.0.0.132.132.50/0075yUn9ly8foqmsf1q43j303o03odfm.jpg?KID=imgbed,tva&Expires=1647872019&ssig=KAXbOotFVB", "profile_url": "/u/6495131355", "verified": false, "verified_type": -1, "domain": "", "weihao": "", "verified_type_ext": null, "avatar_large": "https://tvax2.sinaimg.cn/crop.0.0.132.132.180/0075yUn9ly8foqmsf1q43j303o03odfm.jpg?KID=imgbed,tva&Expires=1647872019&ssig=nFwfy1VeAR", "avatar_hd": "https://tvax2.sinaimg.cn/crop.0.0.132.132.1024/0075yUn9ly8foqmsf1q43j303o03odfm.jpg?KID=imgbed,tva&Expires=1647872019&ssig=D18tw7Xmqj", "follow_me": false, "following": false, "mbrank": 1, "mbtype": 12, "planet_video": false, "icon_list": [{"type": "vip", "data": {"mbrank": 1, "mbtype": 12}}, {"type": "icon", "data": {"value": "1", "icon_img": "http://n.sinaimg.cn/www/ea31a93f/20220213/feed_icon_BingDwenDwenShueyRhonRhon@2x.png", "title": "微博实现一墩一融", "url": "https://s.weibo.com/weibo?q=%23为中国冬奥健儿加油%23"}}], "can_edit": false, "textLength": null, "source": "HUAWEI P40 Pro 5G", "favorited": false, "cardid": null, "pic_ids": [], "geo": null, "pic_num": 0, "is_paid": false, "mblog_vip_type": 0, "comments_count": 1, "attitudes_count": 0, "attitudes_status": 0, "isLongText": false, "mlevel": 0, "content_auth": 0, "is_show_bulletin": 2, "mblogtype": 0, "showFeedRepost": false, "showFeedComment": false, "pictureViewerSign": false, "showPictureViewer": false, "repost_type": 1, "share_repost_type": 0, "text": "转发微博"}, "pid": "4749239400008092"}]}