{"mid": "4749242054217577", "mblogid": "LkF0FhHbr", "uid": 5067742811, "name": "辽宁大鹏888", "data": {"visible_type": 0, "visible_list_id": 0, "time": "2022-03-20 23:43:25", "profile_image_url": "https://tvax1.sinaimg.cn/crop.0.0.1080.1080.50/005wXJphly8gvrkeom1ypj60u00u0abj02.jpg?KID=imgbed,tva&Expires=1647946627&ssig=stMz0mtQKn", "profile_url": "/u/5067742811", "verified": false, "verified_type": -1, "domain": "", "weihao": "", "verified_type_ext": null, "avatar_large": "https://tvax1.sinaimg.cn/crop.0.0.1080.1080.180/005wXJphly8gvrkeom1ypj60u00u0abj02.jpg?KID=imgbed,tva&Expires=1647946627&ssig=AfkizV3%2FeE", "avatar_hd": "https://tvax1.sinaimg.cn/crop.0.0.1080.1080.1024/005wXJphly8gvrkeom1ypj60u00u0abj02.jpg?KID=imgbed,tva&Expires=1647946627&ssig=PIDWKEjFz0", "follow_me": false, "following": false, "mbrank": 4, "mbtype": 11, "planet_video": false, "icon_list": [{"type": "vip", "data": {"mbrank": 4, "mbtype": 11}}], "can_edit": false, "textLength": 58, "source": "HUAWEI Mate 10", "favorited": false, "cardid": null, "pic_ids": ["005wXJphly1h0gs0ju0roj30u016wn17"], "geo": null, "pic_num": 1, "is_paid": false, "mblog_vip_type": 0, "comments_count": 29, "attitudes_count": 303, "attitudes_status": 0, "isLongText": false, "mlevel": 0, "content_auth": 0, "is_show_bulletin": 2, "mblogtype": 0, "showFeedRepost": false, "showFeedComment": false, "pictureViewerSign": false, "showPictureViewer": false, "repost_type": null, "share_repost_type": 0, "text": "俄乌局势最新进展（1081）\n法国宣布冻结俄央行220亿欧元资产！ ​​​"}, "children": [{"mid": "4749242574832831", "mblogid": "LkF1vkheT", "uid": 6001478971, "name": "鲁镇的柜台", "data": {"visible_type": 0, "visible_list_id": 0, "time": "2022-03-20 23:45:28", "profile_image_url": "https://tvax3.sinaimg.cn/crop.0.0.600.600.50/006y9APVly8gzva6e0uxzj30go0go0v7.jpg?KID=imgbed,tva&Expires=1647946627&ssig=piVqnAPeFM", "profile_url": "/u/6001478971", "verified": false, "verified_type": -1, "domain": "", "weihao": "", "verified_type_ext": null, "avatar_large": "https://tvax3.sinaimg.cn/crop.0.0.600.600.180/006y9APVly8gzva6e0uxzj30go0go0v7.jpg?KID=imgbed,tva&Expires=1647946627&ssig=zmoExTTWzH", "avatar_hd": "https://tvax3.sinaimg.cn/crop.0.0.600.600.1024/006y9APVly8gzva6e0uxzj30go0go0v7.jpg?KID=imgbed,tva&Expires=1647946627&ssig=ADQgPq3JT6", "follow_me": false, "following": false, "mbrank": 3, "mbtype": 11, "planet_video": false, "icon_list": [{"type": "vip", "data": {"mbrank": 3, "mbtype": 11}}], "can_edit": false, "textLength": null, "source": "小米MIX2S 全面屏", "favorited": false, "cardid": null, "pic_ids": [], "geo": null, "pic_num": 0, "is_paid": false, "mblog_vip_type": 0, "comments_count": 0, "attitudes_count": 17, "attitudes_status": 0, "isLongText": false, "mlevel": 0, "content_auth": 0, "is_show_bulletin": 2, "mblogtype": 0, "showFeedRepost": false, "showFeedComment": false, "pictureViewerSign": false, "showPictureViewer": false, "repost_type": 4, "share_repost_type": 0, "text": "我怀疑是假新闻，俄这么民族主义自信满满的大国怎么可能将钱存到国外去？一定是西方利用媒体优势故意搞这种信息攻势，太恶毒了 [二哈][二哈][二哈][挖鼻][挖鼻][挖鼻]"}, "pid": "4749242054217577"}, {"mid": "4749246118761714", "mblogid": "LkF7dALjY", "uid": 7735517412, "name": "xX法师tony", "data": {"visible_type": 0, "visible_list_id": 0, "time": "2022-03-20 23:59:34", "profile_image_url": "https://tvax4.sinaimg.cn/crop.0.0.399.399.50/008rvrrSly8gyk2p563ekj30b30b3gm2.jpg?KID=imgbed,tva&Expires=1647946627&ssig=jzE5U51%2B5d", "profile_url": "/u/7735517412", "verified": false, "verified_type": -1, "domain": "", "weihao": "", "verified_type_ext": null, "avatar_large": "https://tvax4.sinaimg.cn/crop.0.0.399.399.180/008rvrrSly8gyk2p563ekj30b30b3gm2.jpg?KID=imgbed,tva&Expires=1647946627&ssig=9rIbUKScZ%2F", "avatar_hd": "https://tvax4.sinaimg.cn/crop.0.0.399.399.1024/008rvrrSly8gyk2p563ekj30b30b3gm2.jpg?KID=imgbed,tva&Expires=1647946627&ssig=PjhA81F6kN", "follow_me": false, "following": false, "mbrank": 0, "mbtype": 0, "planet_video": false, "icon_list": [], "can_edit": false, "textLength": null, "source": "荣耀10 AI变色更潮美", "favorited": false, "cardid": null, "pic_ids": [], "geo": null, "pic_num": 0, "is_paid": false, "mblog_vip_type": 0, "comments_count": 0, "attitudes_count": 0, "attitudes_status": 0, "isLongText": false, "mlevel": 0, "content_auth": 0, "is_show_bulletin": 2, "mblogtype": 0, "showFeedRepost": false, "showFeedComment": false, "pictureViewerSign": false, "showPictureViewer": false, "repost_type": 1, "share_repost_type": 0, "text": "3月20日，法国宣布冻结俄央行220亿欧元资产！ ​​​"}, "pid": "4749242054217577"}, {"mid": "4749249843300633", "mblogid": "LkFdedQE1", "uid": 6584645871, "name": "爱吃炸薯条A", "data": {"visible_type": 0, "visible_list_id": 0, "time": "2022-03-21 00:14:22", "profile_image_url": "https://tvax1.sinaimg.cn/crop.0.0.996.996.50/007bCvbFly8gibb1x521sj30ro0rogn6.jpg?KID=imgbed,tva&Expires=1647946627&ssig=HV8Ozte%2FSy", "profile_url": "/u/6584645871", "verified": false, "verified_type": -1, "domain": "", "weihao": "", "verified_type_ext": null, "avatar_large": "https://tvax1.sinaimg.cn/crop.0.0.996.996.180/007bCvbFly8gibb1x521sj30ro0rogn6.jpg?KID=imgbed,tva&Expires=1647946627&ssig=l7ggNzU3YS", "avatar_hd": "https://tvax1.sinaimg.cn/crop.0.0.996.996.1024/007bCvbFly8gibb1x521sj30ro0rogn6.jpg?KID=imgbed,tva&Expires=1647946627&ssig=VPLpDawhYn", "follow_me": false, "following": false, "mbrank": 0, "mbtype": 0, "planet_video": false, "icon_list": [], "can_edit": false, "textLength": null, "source": "nova5i 2400万AI四摄", "favorited": false, "cardid": null, "pic_ids": [], "geo": null, "pic_num": 0, "is_paid": false, "mblog_vip_type": 0, "comments_count": 0, "attitudes_count": 0, "attitudes_status": 0, "isLongText": false, "mlevel": 0, "content_auth": 0, "is_show_bulletin": 2, "mblogtype": 0, "showFeedRepost": false, "showFeedComment": false, "pictureViewerSign": false, "showPictureViewer": false, "repost_type": 1, "share_repost_type": 0, "text": "转发微博"}, "pid": "4749242054217577"}, {"mid": "4749251236072910", "mblogid": "LkFftptQa", "uid": 1294814247, "name": "居文沛", "data": {"visible_type": 0, "visible_list_id": 0, "time": "2022-03-21 00:19:54", "profile_image_url": "https://tva1.sinaimg.cn/crop.0.0.180.180.50/4d2d4c27jw1e8qgp5bmzyj2050050aa8.jpg?KID=imgbed,tva&Expires=1647946627&ssig=s3SCIaFgcW", "profile_url": "/u/1294814247", "verified": false, "verified_type": -1, "domain": "juwenpei", "weihao": "", "verified_type_ext": null, "avatar_large": "https://tva1.sinaimg.cn/crop.0.0.180.180.180/4d2d4c27jw1e8qgp5bmzyj2050050aa8.jpg?KID=imgbed,tva&Expires=1647946627&ssig=0USeqABWR1", "avatar_hd": "https://tva1.sinaimg.cn/crop.0.0.180.180.1024/4d2d4c27jw1e8qgp5bmzyj2050050aa8.jpg?KID=imgbed,tva&Expires=1647946627&ssig=sRjRlqZuj%2B", "follow_me": false, "following": false, "mbrank": 4, "mbtype": 2, "planet_video": false, "icon_list": [], "can_edit": false, "textLength": null, "source": "iPhone客户端", "favorited": false, "cardid": null, "pic_ids": [], "geo": null, "pic_num": 0, "is_paid": false, "mblog_vip_type": 0, "comments_count": 0, "attitudes_count": 0, "attitudes_status": 0, "isLongText": false, "mlevel": 0, "content_auth": 0, "is_show_bulletin": 2, "mblogtype": 0, "showFeedRepost": false, "showFeedComment": false, "pictureViewerSign": false, "showPictureViewer": false, "repost_type": 2, "share_repost_type": 0, "text": "快转微博"}, "pid": "4749242054217577"}, {"mid": "4749258604937699", "mblogid": "LkFrmkIwj", "uid": 7228270215, "name": "菩提非树2", "data": {"visible_type": 0, "visible_list_id": 0, "time": "2022-03-21 00:49:11", "profile_image_url": "https://tvax3.sinaimg.cn/crop.0.0.996.996.50/007Tb5htly8gl1w6o7t9uj30ro0roq4u.jpg?KID=imgbed,tva&Expires=1647946627&ssig=%2Fgug%2Fz5vH2", "profile_url": "/u/7228270215", "verified": false, "verified_type": -1, "domain": "", "weihao": "", "verified_type_ext": null, "avatar_large": "https://tvax3.sinaimg.cn/crop.0.0.996.996.180/007Tb5htly8gl1w6o7t9uj30ro0roq4u.jpg?KID=imgbed,tva&Expires=1647946627&ssig=%2FM7HybXexo", "avatar_hd": "https://tvax3.sinaimg.cn/crop.0.0.996.996.1024/007Tb5htly8gl1w6o7t9uj30ro0roq4u.jpg?KID=imgbed,tva&Expires=1647946627&ssig=xrtv1qCUs%2F", "follow_me": false, "following": false, "mbrank": 0, "mbtype": 0, "planet_video": true, "icon_list": [], "can_edit": false, "textLength": null, "source": "三星S20 FE 5G", "favorited": false, "cardid": null, "pic_ids": [], "geo": null, "pic_num": 0, "is_paid": false, "mblog_vip_type": 0, "comments_count": 0, "attitudes_count": 0, "attitudes_status": 0, "isLongText": false, "mlevel": 0, "content_auth": 0, "is_show_bulletin": 2, "mblogtype": 0, "showFeedRepost": false, "showFeedComment": false, "pictureViewerSign": false, "showPictureViewer": false, "repost_type": 1, "share_repost_type": 0, "text": "转发微博"}, "pid": "4749242054217577"}, {"mid": "4749263043297933", "mblogid": "LkFywdPWt", "uid": 6633176185, "name": "山水之间两亩田", "data": {"visible_type": 0, "visible_list_id": 0, "time": "2022-03-21 01:06:49", "profile_image_url": "https://tvax3.sinaimg.cn/crop.0.0.674.674.50/007eU88Fly8gzrbebebw2j30iq0iqq4c.jpg?KID=imgbed,tva&Expires=1647946627&ssig=c2vcY%2B3QT0", "profile_url": "/u/6633176185", "verified": false, "verified_type": -1, "domain": "", "weihao": "", "verified_type_ext": null, "avatar_large": "https://tvax3.sinaimg.cn/crop.0.0.674.674.180/007eU88Fly8gzrbebebw2j30iq0iqq4c.jpg?KID=imgbed,tva&Expires=1647946627&ssig=Xo3m0Etlab", "avatar_hd": "https://tvax3.sinaimg.cn/crop.0.0.674.674.1024/007eU88Fly8gzrbebebw2j30iq0iqq4c.jpg?KID=imgbed,tva&Expires=1647946627&ssig=GPscIA%2FC3%2F", "follow_me": false, "following": false, "mbrank": 0, "mbtype": 0, "planet_video": true, "icon_list": [], "can_edit": false, "textLength": null, "source": "小米10 至尊纪念版", "favorited": false, "cardid": null, "pic_ids": [], "geo": null, "pic_num": 0, "is_paid": false, "mblog_vip_type": 0, "comments_count": 0, "attitudes_count": 0, "attitudes_status": 0, "isLongText": false, "mlevel": 0, "content_auth": 0, "is_show_bulletin": 2, "mblogtype": 0, "showFeedRepost": false, "showFeedComment": false, "pictureViewerSign": false, "showPictureViewer": false, "repost_type": 1, "share_repost_type": 0, "text": "转发微博"}, "pid": "4749242054217577"}, {"mid": "4749311826461177", "mblogid": "LkGPcr6Qx", "uid": 6167899467, "name": "一介农夫草民", "data": {"visible_type": 0, "visible_list_id": 0, "time": "2022-03-21 04:20:40", "profile_image_url": "https://tvax1.sinaimg.cn/default/images/default_avatar_male_50.gif?KID=imgbed,tva&Expires=1647946627&ssig=B%2BYWhCbI6T", "profile_url": "/u/6167899467", "verified": false, "verified_type": -1, "domain": "", "weihao": "", "verified_type_ext": null, "avatar_large": "https://tvax1.sinaimg.cn/default/images/default_avatar_male_180.gif?KID=imgbed,tva&Expires=1647946627&ssig=MjLQdV%2BJrE", "avatar_hd": "https://tvax1.sinaimg.cn/default/images/default_avatar_male_180.gif?KID=imgbed,tva&Expires=1647946627&ssig=MjLQdV%2BJrE", "follow_me": false, "following": false, "mbrank": 0, "mbtype": 0, "planet_video": false, "icon_list": [], "can_edit": false, "textLength": null, "source": "AI实力派 vivo Z1", "favorited": false, "cardid": null, "pic_ids": [], "geo": null, "pic_num": 0, "is_paid": false, "mblog_vip_type": 0, "comments_count": 0, "attitudes_count": 0, "attitudes_status": 0, "isLongText": false, "mlevel": 0, "content_auth": 0, "is_show_bulletin": 2, "mblogtype": 0, "showFeedRepost": false, "showFeedComment": false, "pictureViewerSign": false, "showPictureViewer": false, "repost_type": 1, "share_repost_type": 0, "text": "转发微博"}, "pid": "4749242054217577"}, {"mid": "4749345657717756", "mblogid": "LkHHLwnJW", "uid": 6409919539, "name": "春风青莲", "data": {"visible_type": 0, "visible_list_id": 0, "time": "2022-03-21 06:35:06", "profile_image_url": "https://tvax1.sinaimg.cn/crop.0.0.512.512.50/006ZNmT1ly8gfw2w9jnk4j30e80e8gn0.jpg?KID=imgbed,tva&Expires=1647946627&ssig=uwpGGiVEEo", "profile_url": "/u/6409919539", "verified": false, "verified_type": -1, "domain": "", "weihao": "", "verified_type_ext": null, "avatar_large": "https://tvax1.sinaimg.cn/crop.0.0.512.512.180/006ZNmT1ly8gfw2w9jnk4j30e80e8gn0.jpg?KID=imgbed,tva&Expires=1647946627&ssig=h1MSUK2eV%2F", "avatar_hd": "https://tvax1.sinaimg.cn/crop.0.0.512.512.1024/006ZNmT1ly8gfw2w9jnk4j30e80e8gn0.jpg?KID=imgbed,tva&Expires=1647946627&ssig=%2FIoj4tI4lv", "follow_me": false, "following": false, "mbrank": 0, "mbtype": 0, "planet_video": true, "icon_list": [], "can_edit": false, "textLength": null, "source": "iPhone客户端", "favorited": false, "cardid": null, "pic_ids": [], "geo": null, "pic_num": 0, "is_paid": false, "mblog_vip_type": 0, "comments_count": 0, "attitudes_count": 0, "attitudes_status": 0, "isLongText": false, "mlevel": 0, "content_auth": 0, "is_show_bulletin": 2, "mblogtype": 0, "showFeedRepost": false, "showFeedComment": false, "pictureViewerSign": false, "showPictureViewer": false, "repost_type": 2, "share_repost_type": 0, "text": "快转微博"}, "pid": "4749242054217577"}, {"mid": "4749353178104960", "mblogid": "LkHTTy0ta", "uid": 2521026624, "name": "沉默的70后", "data": {"visible_type": 0, "visible_list_id": 0, "time": "2022-03-21 07:04:59", "profile_image_url": "https://tva2.sinaimg.cn/crop.0.0.180.180.50/9643d040jw1e8qgp5bmzyj2050050aa8.jpg?KID=imgbed,tva&Expires=1647946627&ssig=jmIO7oqrbu", "profile_url": "/u/2521026624", "verified": false, "verified_type": -1, "domain": "", "weihao": "", "verified_type_ext": null, "avatar_large": "https://tva2.sinaimg.cn/crop.0.0.180.180.180/9643d040jw1e8qgp5bmzyj2050050aa8.jpg?KID=imgbed,tva&Expires=1647946627&ssig=hZK0yOdI%2FX", "avatar_hd": "https://tva2.sinaimg.cn/crop.0.0.180.180.1024/9643d040jw1e8qgp5bmzyj2050050aa8.jpg?KID=imgbed,tva&Expires=1647946627&ssig=bZ%2FHFViKji", "follow_me": false, "following": false, "mbrank": 0, "mbtype": 0, "planet_video": true, "icon_list": [{"type": "icon", "data": {"value": "1", "icon_img": "https://h5.sinaimg.cn/upload/106/1683/2022/03/18/feed_icon_chuntian_default.png", "title": "你好春天", "url": "https://s.weibo.com/weibo/%23%E4%BD%A0%E5%A5%BD%E6%98%A5%E5%A4%A9%23"}}], "can_edit": false, "textLength": null, "source": "荣耀20i", "favorited": false, "cardid": null, "pic_ids": [], "geo": null, "pic_num": 0, "is_paid": false, "mblog_vip_type": 0, "comments_count": 0, "attitudes_count": 0, "attitudes_status": 0, "isLongText": false, "mlevel": 0, "content_auth": 0, "is_show_bulletin": 2, "mblogtype": 0, "showFeedRepost": false, "showFeedComment": false, "pictureViewerSign": false, "showPictureViewer": false, "repost_type": 2, "share_repost_type": 0, "text": "快转微博"}, "pid": "4749242054217577"}, {"mid": "4749358035371352", "mblogid": "LkI1JmxkI", "uid": 1698669244, "name": "哀高丘之无女", "data": {"visible_type": 0, "visible_list_id": 0, "time": "2022-03-21 07:24:17", "profile_image_url": "https://tva1.sinaimg.cn/crop.27.0.135.135.50/653fa2bcjw1eeaanbal1gj205a03rmx2.jpg?KID=imgbed,tva&Expires=1647946627&ssig=9W8l34IFBo", "profile_url": "/u/1698669244", "verified": false, "verified_type": -1, "domain": "", "weihao": "", "verified_type_ext": null, "avatar_large": "https://tva1.sinaimg.cn/crop.27.0.135.135.180/653fa2bcjw1eeaanbal1gj205a03rmx2.jpg?KID=imgbed,tva&Expires=1647946627&ssig=khTJ7PQTyZ", "avatar_hd": "https://tva1.sinaimg.cn/crop.27.0.135.135.1024/653fa2bcjw1eeaanbal1gj205a03rmx2.jpg?KID=imgbed,tva&Expires=1647946627&ssig=ZOU%2FPw3EZ%2B", "follow_me": false, "following": false, "mbrank": 0, "mbtype": 0, "planet_video": true, "icon_list": [], "can_edit": false, "textLength": null, "source": "华为畅享20 SE", "favorited": false, "cardid": null, "pic_ids": [], "geo": null, "pic_num": 0, "is_paid": false, "mblog_vip_type": 0, "comments_count": 0, "attitudes_count": 0, "attitudes_status": 0, "isLongText": false, "mlevel": 0, "content_auth": 0, "is_show_bulletin": 2, "mblogtype": 0, "showFeedRepost": false, "showFeedComment": false, "pictureViewerSign": false, "showPictureViewer": false, "repost_type": 3, "share_repost_type": 0, "text": "[鼓掌][鼓掌][鼓掌]"}, "pid": "4749242054217577"}, {"mid": "4749382786482562", "mblogid": "LkIFErcps", "uid": 7292551216, "name": "毅泽爸爸的自由时光", "data": {"visible_type": 0, "visible_list_id": 0, "time": "2022-03-21 09:02:37", "profile_image_url": "https://tvax1.sinaimg.cn/crop.0.0.750.750.50/007XwNHOly8gwno4fwyqcj30ku0kuae8.jpg?KID=imgbed,tva&Expires=1647946627&ssig=uKGu4q2Rpm", "profile_url": "/u/7292551216", "verified": false, "verified_type": -1, "domain": "", "weihao": "", "verified_type_ext": null, "avatar_large": "https://tvax1.sinaimg.cn/crop.0.0.750.750.180/007XwNHOly8gwno4fwyqcj30ku0kuae8.jpg?KID=imgbed,tva&Expires=1647946627&ssig=T2Pg2KAcTW", "avatar_hd": "https://tvax1.sinaimg.cn/crop.0.0.750.750.1024/007XwNHOly8gwno4fwyqcj30ku0kuae8.jpg?KID=imgbed,tva&Expires=1647946627&ssig=BEorY9KFNH", "follow_me": false, "following": false, "mbrank": 0, "mbtype": 0, "planet_video": false, "icon_list": [], "can_edit": false, "textLength": null, "source": "iPhone客户端", "favorited": false, "cardid": null, "pic_ids": [], "geo": null, "pic_num": 0, "is_paid": false, "mblog_vip_type": 0, "comments_count": 0, "attitudes_count": 0, "attitudes_status": 0, "isLongText": false, "mlevel": 0, "content_auth": 0, "is_show_bulletin": 2, "mblogtype": 0, "showFeedRepost": false, "showFeedComment": false, "pictureViewerSign": false, "showPictureViewer": false, "repost_type": 2, "share_repost_type": 0, "text": "快转微博"}, "pid": "4749242054217577"}, {"mid": "4749403057295616", "mblogid": "LkJcluBVe", "uid": 7152173772, "name": "地球报道", "data": {"visible_type": 0, "visible_list_id": 0, "time": "2022-03-21 10:23:11", "profile_image_url": "https://tvax4.sinaimg.cn/crop.0.0.996.996.50/007O1N7uly8ggjbheobcej30ro0ro76y.jpg?KID=imgbed,tva&Expires=1647946627&ssig=yexPHGkpu%2B", "profile_url": "/u/7152173772", "verified": false, "verified_type": -1, "domain": "", "weihao": "", "verified_type_ext": null, "avatar_large": "https://tvax4.sinaimg.cn/crop.0.0.996.996.180/007O1N7uly8ggjbheobcej30ro0ro76y.jpg?KID=imgbed,tva&Expires=1647946627&ssig=ulTTdclktb", "avatar_hd": "https://tvax4.sinaimg.cn/crop.0.0.996.996.1024/007O1N7uly8ggjbheobcej30ro0ro76y.jpg?KID=imgbed,tva&Expires=1647946627&ssig=tQh8cVyRxG", "follow_me": false, "following": false, "mbrank": 3, "mbtype": 2, "planet_video": true, "icon_list": [], "can_edit": false, "textLength": null, "source": "vivo X20全面屏手机", "favorited": false, "cardid": null, "pic_ids": [], "geo": null, "pic_num": 0, "is_paid": false, "mblog_vip_type": 0, "comments_count": 0, "attitudes_count": 0, "attitudes_status": 0, "isLongText": false, "mlevel": 0, "content_auth": 0, "is_show_bulletin": 2, "mblogtype": 0, "showFeedRepost": false, "showFeedComment": false, "pictureViewerSign": false, "showPictureViewer": false, "repost_type": 1, "share_repost_type": 0, "text": "转发微博"}, "pid": "4749242054217577"}, {"mid": "4749433956204808", "mblogid": "LkK0bq29y", "uid": 3977903376, "name": "与智慧同行ABC", "data": {"visible_type": 0, "visible_list_id": 0, "time": "2022-03-21 12:25:57", "profile_image_url": "https://tvax3.sinaimg.cn/crop.0.0.359.359.50/ed19fd10ly8h04jys5hj0j209z09zaan.jpg?KID=imgbed,tva&Expires=1647946627&ssig=pJr0imbUh9", "profile_url": "/u/3977903376", "verified": false, "verified_type": -1, "domain": "", "weihao": "", "verified_type_ext": null, "avatar_large": "https://tvax3.sinaimg.cn/crop.0.0.359.359.180/ed19fd10ly8h04jys5hj0j209z09zaan.jpg?KID=imgbed,tva&Expires=1647946627&ssig=FF0Kwt5kG2", "avatar_hd": "https://tvax3.sinaimg.cn/crop.0.0.359.359.1024/ed19fd10ly8h04jys5hj0j209z09zaan.jpg?KID=imgbed,tva&Expires=1647946627&ssig=FLwrImQ2Iy", "follow_me": false, "following": false, "mbrank": 1, "mbtype": 2, "planet_video": false, "icon_list": [], "can_edit": false, "textLength": null, "source": "Redmi K30 5G先锋", "favorited": false, "cardid": null, "pic_ids": [], "geo": null, "pic_num": 0, "is_paid": false, "mblog_vip_type": 0, "comments_count": 0, "attitudes_count": 0, "attitudes_status": 0, "isLongText": false, "mlevel": 0, "content_auth": 0, "is_show_bulletin": 2, "mblogtype": 0, "showFeedRepost": false, "showFeedComment": false, "pictureViewerSign": false, "showPictureViewer": false, "repost_type": 2, "share_repost_type": 0, "text": "快转微博"}, "pid": "4749242054217577"}]}