{"mid": "4749243867465477", "mblogid": "LkF3Avk6V", "uid": 5821460316, "name": "谁南哥哥", "data": {"visible_type": 0, "visible_list_id": 0, "time": "2022-03-20 23:50:37", "profile_image_url": "https://tvax2.sinaimg.cn/crop.0.0.1080.1080.50/006lYfLely8gvf4spln4wj60u00u076902.jpg?KID=imgbed,tva&Expires=1647905700&ssig=fTI47rdJSt", "profile_url": "/u/5821460316", "verified": false, "verified_type": -1, "domain": "", "weihao": "", "verified_type_ext": null, "avatar_large": "https://tvax2.sinaimg.cn/crop.0.0.1080.1080.180/006lYfLely8gvf4spln4wj60u00u076902.jpg?KID=imgbed,tva&Expires=1647905700&ssig=ub2DQdIVQv", "avatar_hd": "https://tvax2.sinaimg.cn/crop.0.0.1080.1080.1024/006lYfLely8gvf4spln4wj60u00u076902.jpg?KID=imgbed,tva&Expires=1647905700&ssig=kpDoxzl%2BEM", "follow_me": false, "following": false, "mbrank": 3, "mbtype": 12, "planet_video": false, "icon_list": [{"type": "vip", "data": {"mbrank": 3, "mbtype": 12}}], "can_edit": false, "textLength": 89, "source": "微博视频号", "favorited": false, "cardid": null, "pic_ids": [], "geo": null, "pic_num": 0, "is_paid": false, "mblog_vip_type": 0, "comments_count": 1097, "attitudes_count": 19284, "attitudes_status": 0, "isLongText": false, "mlevel": 0, "content_auth": 0, "is_show_bulletin": 2, "mblogtype": 0, "showFeedRepost": false, "showFeedComment": false, "pictureViewerSign": false, "showPictureViewer": false, "repost_type": null, "share_repost_type": 0, "text": "#00后情侣为拍草莓熊连追两条街#这是草莓熊车吗？有被可爱到[憧憬]http://t.cn/A66JraBI ​​​"}, "children": [{"mid": "4749245456321162", "mblogid": "LkF69qwqe", "uid": 7691314338, "name": "用户7691314338", "data": {"visible_type": 0, "visible_list_id": 0, "time": "2022-03-20 23:56:56", "profile_image_url": "https://tvax1.sinaimg.cn/default/images/default_avatar_female_50.gif?KID=imgbed,tva&Expires=1647905752&ssig=zjEFjyeZWM", "profile_url": "/u/7691314338", "verified": false, "verified_type": -1, "domain": "", "weihao": "", "verified_type_ext": null, "avatar_large": "https://tvax1.sinaimg.cn/default/images/default_avatar_female_180.gif?KID=imgbed,tva&Expires=1647905752&ssig=KS0SpjlrpS", "avatar_hd": "https://tvax1.sinaimg.cn/default/images/default_avatar_female_180.gif?KID=imgbed,tva&Expires=1647905752&ssig=KS0SpjlrpS", "follow_me": false, "following": false, "mbrank": 0, "mbtype": 0, "planet_video": true, "icon_list": [{"type": "icon", "data": {"value": "1", "icon_img": "https://h5.sinaimg.cn/upload/106/1683/2022/03/11/feed_icon_xiaolvren2x.png", "title": "绿植领养", "url": "https://s.weibo.com/weibo?q=%23绿植领养%23"}}], "can_edit": false, "textLength": null, "source": "vivo X20全面屏手机", "favorited": false, "cardid": null, "pic_ids": [], "geo": null, "pic_num": 0, "is_paid": false, "mblog_vip_type": 0, "comments_count": 0, "attitudes_count": 0, "attitudes_status": 0, "isLongText": false, "mlevel": 0, "content_auth": 0, "is_show_bulletin": 2, "mblogtype": 0, "showFeedRepost": false, "showFeedComment": false, "pictureViewerSign": false, "showPictureViewer": false, "repost_type": 1, "share_repost_type": 0, "text": "[doge]//@生命中最重要是高调:http://t.cn/A6iTwLHp"}, "pid": "4749243867465477"}, {"mid": "4749245464972011", "mblogid": "LkF6akRrJ", "uid": 7690543707, "name": "用户7690543707", "data": {"visible_type": 0, "visible_list_id": 0, "time": "2022-03-20 23:56:58", "profile_image_url": "https://tvax1.sinaimg.cn/default/images/default_avatar_male_50.gif?KID=imgbed,tva&Expires=1647905747&ssig=bXQO%2BwN7qt", "profile_url": "/u/7690543707", "verified": false, "verified_type": -1, "domain": "", "weihao": "", "verified_type_ext": null, "avatar_large": "https://tvax1.sinaimg.cn/default/images/default_avatar_male_180.gif?KID=imgbed,tva&Expires=1647905747&ssig=nb2tIzitp4", "avatar_hd": "https://tvax1.sinaimg.cn/default/images/default_avatar_male_180.gif?KID=imgbed,tva&Expires=1647905747&ssig=nb2tIzitp4", "follow_me": false, "following": false, "mbrank": 0, "mbtype": 0, "planet_video": true, "icon_list": [{"type": "icon", "data": {"value": "1", "icon_img": "https://h5.sinaimg.cn/upload/106/1683/2022/03/11/feed_icon_xiaolvren2x.png", "title": "绿植领养", "url": "https://s.weibo.com/weibo?q=%23绿植领养%23"}}], "can_edit": false, "textLength": null, "source": "魅蓝 5", "favorited": false, "cardid": null, "pic_ids": [], "geo": null, "pic_num": 0, "is_paid": false, "mblog_vip_type": 0, "comments_count": 0, "attitudes_count": 0, "attitudes_status": 0, "isLongText": false, "mlevel": 0, "content_auth": 0, "is_show_bulletin": 2, "mblogtype": 0, "showFeedRepost": false, "showFeedComment": false, "pictureViewerSign": false, "showPictureViewer": false, "repost_type": 1, "share_repost_type": 0, "text": "[二哈]//@生命中最重要是高调:http://t.cn/A6iTwLHp"}, "pid": "4749243867465477"}, {"mid": "4749245465234011", "mblogid": "LkF6alXBx", "uid": 7691812732, "name": "用户7691812732", "data": {"visible_type": 0, "visible_list_id": 0, "time": "2022-03-20 23:56:58", "profile_image_url": "https://tvax1.sinaimg.cn/default/images/default_avatar_male_50.gif?KID=imgbed,tva&Expires=1647905747&ssig=bXQO%2BwN7qt", "profile_url": "/u/7691812732", "verified": false, "verified_type": -1, "domain": "", "weihao": "", "verified_type_ext": null, "avatar_large": "https://tvax1.sinaimg.cn/default/images/default_avatar_male_180.gif?KID=imgbed,tva&Expires=1647905747&ssig=nb2tIzitp4", "avatar_hd": "https://tvax1.sinaimg.cn/default/images/default_avatar_male_180.gif?KID=imgbed,tva&Expires=1647905747&ssig=nb2tIzitp4", "follow_me": false, "following": false, "mbrank": 0, "mbtype": 0, "planet_video": true, "icon_list": [{"type": "icon", "data": {"value": "1", "icon_img": "https://h5.sinaimg.cn/upload/106/1683/2022/03/11/feed_icon_xiaolvren2x.png", "title": "绿植领养", "url": "https://s.weibo.com/weibo?q=%23绿植领养%23"}}], "can_edit": false, "textLength": null, "source": "小米手机", "favorited": false, "cardid": null, "pic_ids": [], "geo": null, "pic_num": 0, "is_paid": false, "mblog_vip_type": 0, "comments_count": 0, "attitudes_count": 0, "attitudes_status": 0, "isLongText": false, "mlevel": 0, "content_auth": 0, "is_show_bulletin": 2, "mblogtype": 0, "showFeedRepost": false, "showFeedComment": false, "pictureViewerSign": false, "showPictureViewer": false, "repost_type": 1, "share_repost_type": 0, "text": "[哈哈]//@生命中最重要是高调:http://t.cn/A6iTwLHp"}, "pid": "4749243867465477"}, {"mid": "4749245465495334", "mblogid": "LkF6an3Aq", "uid": 7690543731, "name": "用户7690543731", "data": {"visible_type": 0, "visible_list_id": 0, "time": "2022-03-20 23:56:58", "profile_image_url": "https://tvax1.sinaimg.cn/default/images/default_avatar_female_50.gif?KID=imgbed,tva&Expires=1647905747&ssig=mCEgfjZUg2", "profile_url": "/u/7690543731", "verified": false, "verified_type": -1, "domain": "", "weihao": "", "verified_type_ext": null, "avatar_large": "https://tvax1.sinaimg.cn/default/images/default_avatar_female_180.gif?KID=imgbed,tva&Expires=1647905747&ssig=A9buEnz9Yg", "avatar_hd": "https://tvax1.sinaimg.cn/default/images/default_avatar_female_180.gif?KID=imgbed,tva&Expires=1647905747&ssig=A9buEnz9Yg", "follow_me": false, "following": false, "mbrank": 0, "mbtype": 0, "planet_video": true, "icon_list": [{"type": "icon", "data": {"value": "1", "icon_img": "https://h5.sinaimg.cn/upload/106/1683/2022/03/11/feed_icon_xiaolvren2x.png", "title": "绿植领养", "url": "https://s.weibo.com/weibo?q=%23绿植领养%23"}}], "can_edit": false, "textLength": null, "source": "Flyme", "favorited": false, "cardid": null, "pic_ids": [], "geo": null, "pic_num": 0, "is_paid": false, "mblog_vip_type": 0, "comments_count": 0, "attitudes_count": 0, "attitudes_status": 0, "isLongText": false, "mlevel": 0, "content_auth": 0, "is_show_bulletin": 2, "mblogtype": 0, "showFeedRepost": false, "showFeedComment": false, "pictureViewerSign": false, "showPictureViewer": false, "repost_type": 1, "share_repost_type": 0, "text": "[好爱哦]//@生命中最重要是高调:http://t.cn/A6iTwLHp"}, "pid": "4749243867465477"}, {"mid": "4749245468905627", "mblogid": "LkF6aBmL9", "uid": 7690876288, "name": "用户7690876288", "data": {"visible_type": 0, "visible_list_id": 0, "time": "2022-03-20 23:56:59", "profile_image_url": "https://tvax1.sinaimg.cn/default/images/default_avatar_male_50.gif?KID=imgbed,tva&Expires=1647905735&ssig=KTNC2kYHju", "profile_url": "/u/7690876288", "verified": false, "verified_type": -1, "domain": "", "weihao": "", "verified_type_ext": null, "avatar_large": "https://tvax1.sinaimg.cn/default/images/default_avatar_male_180.gif?KID=imgbed,tva&Expires=1647905735&ssig=xuOp0N7b%2Bg", "avatar_hd": "https://tvax1.sinaimg.cn/default/images/default_avatar_male_180.gif?KID=imgbed,tva&Expires=1647905735&ssig=xuOp0N7b%2Bg", "follow_me": false, "following": false, "mbrank": 0, "mbtype": 0, "planet_video": true, "icon_list": [{"type": "icon", "data": {"value": "1", "icon_img": "https://h5.sinaimg.cn/upload/106/1683/2022/03/11/feed_icon_xiaolvren2x.png", "title": "绿植领养", "url": "https://s.weibo.com/weibo?q=%23绿植领养%23"}}], "can_edit": false, "textLength": null, "source": "红米Redmi", "favorited": false, "cardid": null, "pic_ids": [], "geo": null, "pic_num": 0, "is_paid": false, "mblog_vip_type": 0, "comments_count": 0, "attitudes_count": 0, "attitudes_status": 0, "isLongText": false, "mlevel": 0, "content_auth": 0, "is_show_bulletin": 2, "mblogtype": 0, "showFeedRepost": false, "showFeedComment": false, "pictureViewerSign": false, "showPictureViewer": false, "repost_type": 1, "share_repost_type": 0, "text": "[太开心]//@生命中最重要是高调:http://t.cn/A6iTwLHp"}, "pid": "4749243867465477"}, {"mid": "4749245486466220", "mblogid": "LkF6cr89S", "uid": 6871986947, "name": "neutwo-", "data": {"visible_type": 0, "visible_list_id": 0, "time": "2022-03-20 23:57:03", "profile_image_url": "https://tvax1.sinaimg.cn/crop.0.0.1002.1002.50/007v49J9ly8gthlk1kntzj30ru0ruab2.jpg?KID=imgbed,tva&Expires=1647905721&ssig=o%2FOQu%2F0Jox", "profile_url": "/u/6871986947", "verified": false, "verified_type": -1, "domain": "", "weihao": "", "verified_type_ext": null, "avatar_large": "https://tvax1.sinaimg.cn/crop.0.0.1002.1002.180/007v49J9ly8gthlk1kntzj30ru0ruab2.jpg?KID=imgbed,tva&Expires=1647905721&ssig=WzmtvGSdEF", "avatar_hd": "https://tvax1.sinaimg.cn/crop.0.0.1002.1002.1024/007v49J9ly8gthlk1kntzj30ru0ruab2.jpg?KID=imgbed,tva&Expires=1647905721&ssig=tqON6tSGL%2F", "follow_me": false, "following": false, "mbrank": 3, "mbtype": 2, "planet_video": false, "icon_list": [], "can_edit": false, "textLength": null, "source": "Redmi K40", "favorited": false, "cardid": null, "pic_ids": [], "geo": null, "pic_num": 0, "is_paid": false, "mblog_vip_type": 0, "comments_count": 0, "attitudes_count": 0, "attitudes_status": 0, "isLongText": false, "mlevel": 0, "content_auth": 0, "is_show_bulletin": 2, "mblogtype": 0, "showFeedRepost": false, "showFeedComment": false, "pictureViewerSign": false, "showPictureViewer": false, "repost_type": 1, "share_repost_type": 0, "text": "[偷笑]这么好看的草莓熊车车怕是再贵的油费也要开"}, "pid": "4749243867465477"}, {"mid": "4749245539684653", "mblogid": "LkF6hEDq5", "uid": 7530113516, "name": "非非很漂亮呀", "data": {"visible_type": 0, "visible_list_id": 0, "time": "2022-03-20 23:57:16", "profile_image_url": "https://tvax2.sinaimg.cn/crop.0.0.805.805.50/008dBAvOly8gzxyqiwn9oj30md0md0tx.jpg?KID=imgbed,tva&Expires=1647905721&ssig=ut6sHuQ%2F5A", "profile_url": "/u/7530113516", "verified": false, "verified_type": -1, "domain": "", "weihao": "", "verified_type_ext": null, "avatar_large": "https://tvax2.sinaimg.cn/crop.0.0.805.805.180/008dBAvOly8gzxyqiwn9oj30md0md0tx.jpg?KID=imgbed,tva&Expires=1647905721&ssig=4V%2FUVQL0KV", "avatar_hd": "https://tvax2.sinaimg.cn/crop.0.0.805.805.1024/008dBAvOly8gzxyqiwn9oj30md0md0tx.jpg?KID=imgbed,tva&Expires=1647905721&ssig=FjmPXrGHvW", "follow_me": false, "following": false, "mbrank": 4, "mbtype": 11, "planet_video": false, "icon_list": [{"type": "vip", "data": {"mbrank": 4, "mbtype": 11}}], "can_edit": false, "textLength": null, "source": "iPhone 13", "favorited": false, "cardid": null, "pic_ids": [], "geo": null, "pic_num": 0, "is_paid": false, "mblog_vip_type": 0, "comments_count": 0, "attitudes_count": 0, "attitudes_status": 0, "isLongText": false, "mlevel": 0, "content_auth": 0, "is_show_bulletin": 2, "mblogtype": 0, "showFeedRepost": false, "showFeedComment": false, "pictureViewerSign": false, "showPictureViewer": false, "repost_type": 4, "share_repost_type": 0, "text": "这也太可爱了 我也超级喜欢草莓熊"}, "pid": "4749243867465477"}, {"mid": "4749245543876421", "mblogid": "LkF6iggqV", "uid": 7511454651, "name": "马群耀旺仔牛奶的可爱", "data": {"visible_type": 0, "visible_list_id": 0, "time": "2022-03-20 23:57:17", "profile_image_url": "https://tvax3.sinaimg.cn/crop.0.0.1002.1002.50/008cliunly8gz7dypdi0ij30ru0ruq72.jpg?KID=imgbed,tva&Expires=1647905721&ssig=tZb7X4ZanU", "profile_url": "/u/7511454651", "verified": false, "verified_type": -1, "domain": "", "weihao": "", "verified_type_ext": null, "avatar_large": "https://tvax3.sinaimg.cn/crop.0.0.1002.1002.180/008cliunly8gz7dypdi0ij30ru0ruq72.jpg?KID=imgbed,tva&Expires=1647905721&ssig=aRDD2IK5Ns", "avatar_hd": "https://tvax3.sinaimg.cn/crop.0.0.1002.1002.1024/008cliunly8gz7dypdi0ij30ru0ruq72.jpg?KID=imgbed,tva&Expires=1647905721&ssig=fX5Hd%2BSyca", "follow_me": false, "following": false, "mbrank": 1, "mbtype": 2, "planet_video": false, "icon_list": [], "can_edit": false, "textLength": null, "source": "K30S 至尊纪念版", "favorited": false, "cardid": null, "pic_ids": [], "geo": null, "pic_num": 0, "is_paid": false, "mblog_vip_type": 0, "comments_count": 0, "attitudes_count": 0, "attitudes_status": 0, "isLongText": false, "mlevel": 0, "content_auth": 0, "is_show_bulletin": 2, "mblogtype": 0, "showFeedRepost": false, "showFeedComment": false, "pictureViewerSign": false, "showPictureViewer": false, "repost_type": 1, "share_repost_type": 0, "text": "看来以后不能只限于黑白灰了，那些配色要过时了"}, "pid": "4749243867465477"}, {"mid": "4749245620421707", "mblogid": "LkF6q1LHJ", "uid": 6190887259, "name": "臭臭给我滚", "data": {"visible_type": 0, "visible_list_id": 0, "time": "2022-03-20 23:57:34", "profile_image_url": "https://tvax2.sinaimg.cn/crop.0.0.1002.1002.50/006KYkAjly8gj46ae6q5yj30ru0ru3zy.jpg?KID=imgbed,tva&Expires=1647905721&ssig=b2MAdzspTo", "profile_url": "/u/6190887259", "verified": false, "verified_type": -1, "domain": "", "weihao": "", "verified_type_ext": null, "avatar_large": "https://tvax2.sinaimg.cn/crop.0.0.1002.1002.180/006KYkAjly8gj46ae6q5yj30ru0ru3zy.jpg?KID=imgbed,tva&Expires=1647905721&ssig=1o32pa9EpR", "avatar_hd": "https://tvax2.sinaimg.cn/crop.0.0.1002.1002.1024/006KYkAjly8gj46ae6q5yj30ru0ru3zy.jpg?KID=imgbed,tva&Expires=1647905721&ssig=0AKdSTBu5G", "follow_me": false, "following": false, "mbrank": 4, "mbtype": 11, "planet_video": false, "icon_list": [{"type": "vip", "data": {"mbrank": 4, "mbtype": 11}}], "can_edit": false, "textLength": null, "source": "Redmi K40", "favorited": false, "cardid": null, "pic_ids": [], "geo": null, "pic_num": 0, "is_paid": false, "mblog_vip_type": 0, "comments_count": 0, "attitudes_count": 0, "attitudes_status": 0, "isLongText": false, "mlevel": 0, "content_auth": 0, "is_show_bulletin": 2, "mblogtype": 0, "showFeedRepost": false, "showFeedComment": false, "pictureViewerSign": false, "showPictureViewer": false, "repost_type": 1, "share_repost_type": 0, "text": "别让世俗抹去了咱们的童心[憧憬]我觉得很可爱"}, "pid": "4749243867465477"}, {"mid": "4749245620685491", "mblogid": "LkF6q2Skj", "uid": 7519411042, "name": "泡泡糖喜欢在童话镇吵架", "data": {"visible_type": 0, "visible_list_id": 0, "time": "2022-03-20 23:57:34", "profile_image_url": "https://tvax2.sinaimg.cn/crop.0.0.828.828.50/008cSGjgly8gxafrvfl5aj30n00n0glx.jpg?KID=imgbed,tva&Expires=1647905721&ssig=rj%2FkQkNEtg", "profile_url": "/u/7519411042", "verified": false, "verified_type": -1, "domain": "", "weihao": "", "verified_type_ext": null, "avatar_large": "https://tvax2.sinaimg.cn/crop.0.0.828.828.180/008cSGjgly8gxafrvfl5aj30n00n0glx.jpg?KID=imgbed,tva&Expires=1647905721&ssig=DMBnns5l6A", "avatar_hd": "https://tvax2.sinaimg.cn/crop.0.0.828.828.1024/008cSGjgly8gxafrvfl5aj30n00n0glx.jpg?KID=imgbed,tva&Expires=1647905721&ssig=pzl0qedfrD", "follow_me": false, "following": false, "mbrank": 4, "mbtype": 2, "planet_video": true, "icon_list": [], "can_edit": false, "textLength": null, "source": "iPhone客户端", "favorited": false, "cardid": null, "pic_ids": [], "geo": null, "pic_num": 0, "is_paid": false, "mblog_vip_type": 0, "comments_count": 0, "attitudes_count": 0, "attitudes_status": 0, "isLongText": false, "mlevel": 0, "content_auth": 0, "is_show_bulletin": 2, "mblogtype": 0, "showFeedRepost": false, "showFeedComment": false, "pictureViewerSign": false, "showPictureViewer": false, "repost_type": 4, "share_repost_type": 0, "text": "这个就是可爱的草莓熊，我好喜欢的"}, "pid": "4749243867465477"}, {"mid": "4749245725282142", "mblogid": "LkF6Ama7Q", "uid": 6670866709, "name": "叭叭叭o3o", "data": {"visible_type": 0, "visible_list_id": 0, "time": "2022-03-20 23:58:00", "profile_image_url": "https://tvax1.sinaimg.cn/crop.0.0.1002.1002.50/007hshally8g72uth3we9j30ru0ruta9.jpg?KID=imgbed,tva&Expires=1647905721&ssig=yR0Xfi27U2", "profile_url": "/u/6670866709", "verified": false, "verified_type": -1, "domain": "", "weihao": "", "verified_type_ext": null, "avatar_large": "https://tvax1.sinaimg.cn/crop.0.0.1002.1002.180/007hshally8g72uth3we9j30ru0ruta9.jpg?KID=imgbed,tva&Expires=1647905721&ssig=w1vPrxL97e", "avatar_hd": "https://tvax1.sinaimg.cn/crop.0.0.1002.1002.1024/007hshally8g72uth3we9j30ru0ruta9.jpg?KID=imgbed,tva&Expires=1647905721&ssig=VAG%2F8C7dJ2", "follow_me": false, "following": false, "mbrank": 4, "mbtype": 2, "planet_video": false, "icon_list": [], "can_edit": false, "textLength": null, "source": "Redmi K40", "favorited": false, "cardid": null, "pic_ids": [], "geo": null, "pic_num": 0, "is_paid": false, "mblog_vip_type": 0, "comments_count": 0, "attitudes_count": 0, "attitudes_status": 0, "isLongText": false, "mlevel": 0, "content_auth": 0, "is_show_bulletin": 2, "mblogtype": 0, "showFeedRepost": false, "showFeedComment": false, "pictureViewerSign": false, "showPictureViewer": false, "repost_type": 1, "share_repost_type": 0, "text": "[求关注][求关注]草莓熊直接把我们的少女心给拉爆棚了"}, "pid": "4749243867465477"}, {"mid": "4749245766698331", "mblogid": "LkF6Es6xB", "uid": 6927656443, "name": "李子园的旺仔牛奶", "data": {"visible_type": 0, "visible_list_id": 0, "time": "2022-03-20 23:58:09", "profile_image_url": "https://tvax3.sinaimg.cn/crop.0.0.1002.1002.50/007yPJUfly8gz7dxbpyldj30ru0ruwgm.jpg?KID=imgbed,tva&Expires=1647905721&ssig=h2GWxybRT%2F", "profile_url": "/u/6927656443", "verified": false, "verified_type": -1, "domain": "", "weihao": "", "verified_type_ext": null, "avatar_large": "https://tvax3.sinaimg.cn/crop.0.0.1002.1002.180/007yPJUfly8gz7dxbpyldj30ru0ruwgm.jpg?KID=imgbed,tva&Expires=1647905721&ssig=qik7QAssry", "avatar_hd": "https://tvax3.sinaimg.cn/crop.0.0.1002.1002.1024/007yPJUfly8gz7dxbpyldj30ru0ruwgm.jpg?KID=imgbed,tva&Expires=1647905721&ssig=gr4INoxrMk", "follow_me": false, "following": false, "mbrank": 4, "mbtype": 11, "planet_video": true, "icon_list": [{"type": "vip", "data": {"mbrank": 4, "mbtype": 11}}], "can_edit": false, "textLength": null, "source": "K30S 至尊纪念版", "favorited": false, "cardid": null, "pic_ids": [], "geo": null, "pic_num": 0, "is_paid": false, "mblog_vip_type": 0, "comments_count": 0, "attitudes_count": 0, "attitudes_status": 0, "isLongText": false, "mlevel": 0, "content_auth": 0, "is_show_bulletin": 2, "mblogtype": 0, "showFeedRepost": false, "showFeedComment": false, "pictureViewerSign": false, "showPictureViewer": false, "repost_type": 1, "share_repost_type": 0, "text": "看到这样的配色，我就想到了我的表妹，全身都是粉色"}, "pid": "4749243867465477"}, {"mid": "4749245954919264", "mblogid": "LkF6XkDIY", "uid": 7400835387, "name": "小曼起飞", "data": {"visible_type": 0, "visible_list_id": 0, "time": "2022-03-20 23:58:55", "profile_image_url": "https://tvax4.sinaimg.cn/crop.0.0.1002.1002.50/0084R9mHly8gf5pegz9p1j30ru0ruwfd.jpg?KID=imgbed,tva&Expires=1647905721&ssig=p%2BdAjCMr5f", "profile_url": "/u/7400835387", "verified": false, "verified_type": -1, "domain": "", "weihao": "", "verified_type_ext": null, "avatar_large": "https://tvax4.sinaimg.cn/crop.0.0.1002.1002.180/0084R9mHly8gf5pegz9p1j30ru0ruwfd.jpg?KID=imgbed,tva&Expires=1647905721&ssig=D4o8ILUdZS", "avatar_hd": "https://tvax4.sinaimg.cn/crop.0.0.1002.1002.1024/0084R9mHly8gf5pegz9p1j30ru0ruwfd.jpg?KID=imgbed,tva&Expires=1647905721&ssig=8pnd8ddG7N", "follow_me": false, "following": false, "mbrank": 5, "mbtype": 11, "planet_video": false, "icon_list": [{"type": "vip", "data": {"mbrank": 5, "mbtype": 11}}], "can_edit": false, "textLength": null, "source": "Redmi K40", "favorited": false, "cardid": "star_1187", "pic_ids": [], "geo": null, "pic_num": 0, "is_paid": false, "mblog_vip_type": 0, "comments_count": 0, "attitudes_count": 1, "attitudes_status": 0, "isLongText": false, "mlevel": 0, "content_auth": 0, "is_show_bulletin": 2, "mblogtype": 0, "showFeedRepost": false, "showFeedComment": false, "pictureViewerSign": false, "showPictureViewer": false, "repost_type": 1, "share_repost_type": 0, "text": "巨可爱的草莓熊车要是我的我愿意一直开[二哈]"}, "pid": "4749243867465477"}, {"mid": "4749246156507949", "mblogid": "LkF7hrj0V", "uid": 3932429771, "name": "bettlefild", "data": {"visible_type": 0, "visible_list_id": 0, "time": "2022-03-20 23:59:43", "profile_image_url": "https://tvax2.sinaimg.cn/crop.0.0.996.996.50/ea641dcbly8fii2osnlirj20ro0rpdhx.jpg?KID=imgbed,tva&Expires=1647905721&ssig=GJKmSgd3aM", "profile_url": "/u/3932429771", "verified": false, "verified_type": -1, "domain": "", "weihao": "", "verified_type_ext": null, "avatar_large": "https://tvax2.sinaimg.cn/crop.0.0.996.996.180/ea641dcbly8fii2osnlirj20ro0rpdhx.jpg?KID=imgbed,tva&Expires=1647905721&ssig=JACqc8y8ID", "avatar_hd": "https://tvax2.sinaimg.cn/crop.0.0.996.996.1024/ea641dcbly8fii2osnlirj20ro0rpdhx.jpg?KID=imgbed,tva&Expires=1647905721&ssig=FjQE%2FRBCMZ", "follow_me": false, "following": false, "mbrank": 5, "mbtype": 11, "planet_video": false, "icon_list": [{"type": "vip", "data": {"mbrank": 5, "mbtype": 11}}], "can_edit": false, "textLength": null, "source": "Redmi K40", "favorited": false, "cardid": "star_086", "pic_ids": [], "geo": null, "pic_num": 0, "is_paid": false, "mblog_vip_type": 0, "comments_count": 0, "attitudes_count": 0, "attitudes_status": 0, "isLongText": false, "mlevel": 0, "content_auth": 0, "is_show_bulletin": 2, "mblogtype": 0, "showFeedRepost": false, "showFeedComment": false, "pictureViewerSign": false, "showPictureViewer": false, "repost_type": 1, "share_repost_type": 0, "text": "[awsl]这车让我看了好想上去开开怎么办！太可爱了叭！"}, "pid": "4749243867465477"}, {"mid": "4749246169613586", "mblogid": "LkF7iEkVQ", "uid": 3616651621, "name": "悲伤豆沙包有可能是蛋饼", "data": {"visible_type": 0, "visible_list_id": 0, "time": "2022-03-20 23:59:45", "profile_image_url": "https://tvax3.sinaimg.cn/crop.0.0.512.512.50/d791b965ly8gxdxehyyijj20e80e8dg3.jpg?KID=imgbed,tva&Expires=1647905721&ssig=YH8KYnjeLJ", "profile_url": "/u/3616651621", "verified": false, "verified_type": -1, "domain": "", "weihao": "", "verified_type_ext": null, "avatar_large": "https://tvax3.sinaimg.cn/crop.0.0.512.512.180/d791b965ly8gxdxehyyijj20e80e8dg3.jpg?KID=imgbed,tva&Expires=1647905721&ssig=O4Paa%2FNcbl", "avatar_hd": "https://tvax3.sinaimg.cn/crop.0.0.512.512.1024/d791b965ly8gxdxehyyijj20e80e8dg3.jpg?KID=imgbed,tva&Expires=1647905721&ssig=5gg3QLuOqo", "follow_me": false, "following": false, "mbrank": 6, "mbtype": 12, "planet_video": false, "icon_list": [{"type": "vip", "data": {"mbrank": 6, "mbtype": 12}}], "can_edit": false, "textLength": null, "source": "", "favorited": false, "cardid": "star_1439", "pic_ids": [], "geo": null, "pic_num": 0, "is_paid": false, "mblog_vip_type": 0, "comments_count": 0, "attitudes_count": 0, "attitudes_status": 0, "isLongText": false, "mlevel": 0, "content_auth": 0, "is_show_bulletin": 2, "mblogtype": 0, "showFeedRepost": false, "showFeedComment": false, "pictureViewerSign": false, "showPictureViewer": false, "repost_type": 4, "share_repost_type": 0, "text": "我马上就要买这个车了拜托"}, "pid": "4749243867465477"}, {"mid": "4749246387980195", "mblogid": "LkF7Exu0P", "uid": 7682469014, "name": "曼彻斯特好难", "data": {"visible_type": 0, "visible_list_id": 0, "time": "2022-03-21 00:00:37", "profile_image_url": "https://tvax2.sinaimg.cn/crop.0.0.1002.1002.50/008nUR8yly8gvp8ex7uzgj60ru0rudh402.jpg?KID=imgbed,tva&Expires=1647905721&ssig=av3B2zheFP", "profile_url": "/u/7682469014", "verified": false, "verified_type": -1, "domain": "", "weihao": "", "verified_type_ext": null, "avatar_large": "https://tvax2.sinaimg.cn/crop.0.0.1002.1002.180/008nUR8yly8gvp8ex7uzgj60ru0rudh402.jpg?KID=imgbed,tva&Expires=1647905721&ssig=B3%2FXFJiDNH", "avatar_hd": "https://tvax2.sinaimg.cn/crop.0.0.1002.1002.1024/008nUR8yly8gvp8ex7uzgj60ru0rudh402.jpg?KID=imgbed,tva&Expires=1647905721&ssig=OAtbij%2BwDu", "follow_me": false, "following": false, "mbrank": 3, "mbtype": 12, "planet_video": true, "icon_list": [{"type": "vip", "data": {"mbrank": 3, "mbtype": 12}}], "can_edit": false, "textLength": null, "source": "Note 9", "favorited": false, "cardid": null, "pic_ids": [], "geo": null, "pic_num": 0, "is_paid": false, "mblog_vip_type": 0, "comments_count": 0, "attitudes_count": 0, "attitudes_status": 0, "isLongText": false, "mlevel": 0, "content_auth": 0, "is_show_bulletin": 2, "mblogtype": 0, "showFeedRepost": false, "showFeedComment": false, "pictureViewerSign": false, "showPictureViewer": false, "repost_type": 4, "share_repost_type": 0, "text": "我刚才看见了这个草莓熊车的全貌"}, "pid": "4749243867465477"}, {"mid": "4749246403973510", "mblogid": "LkF7GgFGS", "uid": 7563928264, "name": "啊哈我是蛋挞", "data": {"visible_type": 0, "visible_list_id": 0, "time": "2022-03-21 00:00:42", "profile_image_url": "https://tvax2.sinaimg.cn/crop.0.0.828.828.50/008fTtgYly8gnjw48jlpij30n00n0q4s.jpg?KID=imgbed,tva&Expires=1647905721&ssig=Fpvy8%2BSa75", "profile_url": "/u/7563928264", "verified": false, "verified_type": -1, "domain": "", "weihao": "", "verified_type_ext": null, "avatar_large": "https://tvax2.sinaimg.cn/crop.0.0.828.828.180/008fTtgYly8gnjw48jlpij30n00n0q4s.jpg?KID=imgbed,tva&Expires=1647905721&ssig=LsIZLbrRnq", "avatar_hd": "https://tvax2.sinaimg.cn/crop.0.0.828.828.1024/008fTtgYly8gnjw48jlpij30n00n0q4s.jpg?KID=imgbed,tva&Expires=1647905721&ssig=ujmXAxEnPi", "follow_me": false, "following": false, "mbrank": 3, "mbtype": 11, "planet_video": false, "icon_list": [{"type": "vip", "data": {"mbrank": 3, "mbtype": 11}}], "can_edit": false, "textLength": null, "source": "Redmi K40", "favorited": false, "cardid": null, "pic_ids": [], "geo": null, "pic_num": 0, "is_paid": false, "mblog_vip_type": 0, "comments_count": 0, "attitudes_count": 0, "attitudes_status": 0, "isLongText": false, "mlevel": 0, "content_auth": 0, "is_show_bulletin": 2, "mblogtype": 0, "showFeedRepost": false, "showFeedComment": false, "pictureViewerSign": false, "showPictureViewer": false, "repost_type": 1, "share_repost_type": 0, "text": "救命救命我被惊艳住了好嘛[舔屏]真的巨想要了！"}, "pid": "4749243867465477"}, {"mid": "4749246497034575", "mblogid": "LkF7Ptw0T", "uid": 7741628057, "name": "常态减肥成功者", "data": {"visible_type": 0, "visible_list_id": 0, "time": "2022-03-21 00:01:04", "profile_image_url": "https://tvax1.sinaimg.cn/crop.0.0.1000.1000.50/008rV56Fly8gzyyrfk202j30rs0rsgmh.jpg?KID=imgbed,tva&Expires=1647905720&ssig=Y739c%2F4X8a", "profile_url": "/u/7741628057", "verified": false, "verified_type": -1, "domain": "", "weihao": "", "verified_type_ext": null, "avatar_large": "https://tvax1.sinaimg.cn/crop.0.0.1000.1000.180/008rV56Fly8gzyyrfk202j30rs0rsgmh.jpg?KID=imgbed,tva&Expires=1647905720&ssig=S3wX5rLtZt", "avatar_hd": "https://tvax1.sinaimg.cn/crop.0.0.1000.1000.1024/008rV56Fly8gzyyrfk202j30rs0rsgmh.jpg?KID=imgbed,tva&Expires=1647905720&ssig=WIxc%2B25inB", "follow_me": false, "following": false, "mbrank": 1, "mbtype": 11, "planet_video": true, "icon_list": [{"type": "vip", "data": {"mbrank": 1, "mbtype": 11}}], "can_edit": false, "textLength": null, "source": "Note 9", "favorited": false, "cardid": null, "pic_ids": [], "geo": null, "pic_num": 0, "is_paid": false, "mblog_vip_type": 0, "comments_count": 0, "attitudes_count": 0, "attitudes_status": 0, "isLongText": false, "mlevel": 0, "content_auth": 0, "is_show_bulletin": 2, "mblogtype": 0, "showFeedRepost": false, "showFeedComment": false, "pictureViewerSign": false, "showPictureViewer": false, "repost_type": 4, "share_repost_type": 0, "text": "这个草莓熊车这几天好像很火的样子"}, "pid": "4749243867465477"}, {"mid": "4749246558901159", "mblogid": "LkF7VBlB5", "uid": 7566706296, "name": "黑皮露娜", "data": {"visible_type": 0, "visible_list_id": 0, "time": "2022-03-21 00:01:19", "profile_image_url": "https://tvax1.sinaimg.cn/crop.0.0.1080.1080.50/008g57XWly8gzse23mtoyj30u00u0t9k.jpg?KID=imgbed,tva&Expires=1647905720&ssig=rnF94hqwgK", "profile_url": "/u/7566706296", "verified": false, "verified_type": -1, "domain": "", "weihao": "", "verified_type_ext": null, "avatar_large": "https://tvax1.sinaimg.cn/crop.0.0.1080.1080.180/008g57XWly8gzse23mtoyj30u00u0t9k.jpg?KID=imgbed,tva&Expires=1647905720&ssig=OthWDdQ1oi", "avatar_hd": "https://tvax1.sinaimg.cn/crop.0.0.1080.1080.1024/008g57XWly8gzse23mtoyj30u00u0t9k.jpg?KID=imgbed,tva&Expires=1647905720&ssig=b2OYXTGwQn", "follow_me": false, "following": false, "mbrank": 0, "mbtype": 0, "planet_video": false, "icon_list": [], "can_edit": false, "textLength": null, "source": "Redmi K40", "favorited": false, "cardid": null, "pic_ids": [], "geo": null, "pic_num": 0, "is_paid": false, "mblog_vip_type": 0, "comments_count": 0, "attitudes_count": 0, "attitudes_status": 0, "isLongText": false, "mlevel": 0, "content_auth": 0, "is_show_bulletin": 2, "mblogtype": 0, "showFeedRepost": false, "showFeedComment": false, "pictureViewerSign": false, "showPictureViewer": false, "repost_type": 1, "share_repost_type": 0, "text": "好可爱[awsl]完全被它吸引住了 萌的我无法呼吸了都"}, "pid": "4749243867465477"}, {"mid": "4749246579870874", "mblogid": "LkF7XFpRE", "uid": 6523905113, "name": "可以骂我爱豆不可以骂我", "data": {"visible_type": 0, "visible_list_id": 0, "time": "2022-03-21 00:01:24", "profile_image_url": "https://tvax1.sinaimg.cn/crop.0.0.828.828.50/0077vDK1ly8gxafpib1eqj30n00n03zy.jpg?KID=imgbed,tva&Expires=1647905720&ssig=9y%2F1TVbxuI", "profile_url": "/u/6523905113", "verified": true, "verified_type": 0, "domain": "", "weihao": "", "verified_type_ext": 0, "avatar_large": "https://tvax1.sinaimg.cn/crop.0.0.828.828.180/0077vDK1ly8gxafpib1eqj30n00n03zy.jpg?KID=imgbed,tva&Expires=1647905720&ssig=yplzsB8b4N", "avatar_hd": "https://tvax1.sinaimg.cn/crop.0.0.828.828.1024/0077vDK1ly8gxafpib1eqj30n00n03zy.jpg?KID=imgbed,tva&Expires=1647905720&ssig=OGTlT3gPVw", "follow_me": false, "following": false, "mbrank": 6, "mbtype": 2, "planet_video": false, "icon_list": [], "can_edit": false, "textLength": null, "source": "iPhone客户端", "favorited": false, "cardid": null, "pic_ids": [], "geo": null, "pic_num": 0, "is_paid": false, "mblog_vip_type": 0, "comments_count": 0, "attitudes_count": 0, "attitudes_status": 0, "isLongText": false, "mlevel": 0, "content_auth": 0, "is_show_bulletin": 2, "mblogtype": 0, "showFeedRepost": false, "showFeedComment": false, "pictureViewerSign": false, "showPictureViewer": false, "repost_type": 4, "share_repost_type": 0, "text": "请问这是谁家的 可以送给我吗"}, "pid": "4749243867465477"}, {"mid": "4749246617619564", "mblogid": "LkF81vYcc", "uid": 7671310950, "name": "是谁打败了怪兽", "data": {"visible_type": 0, "visible_list_id": 0, "time": "2022-03-21 00:01:33", "profile_image_url": "https://tvax3.sinaimg.cn/crop.0.0.1002.1002.50/008na2pMly8gvgbcknje1j60ru0ruwgv02.jpg?KID=imgbed,tva&Expires=1647905720&ssig=BlUgGgH8oV", "profile_url": "/u/7671310950", "verified": false, "verified_type": -1, "domain": "", "weihao": "", "verified_type_ext": null, "avatar_large": "https://tvax3.sinaimg.cn/crop.0.0.1002.1002.180/008na2pMly8gvgbcknje1j60ru0ruwgv02.jpg?KID=imgbed,tva&Expires=1647905720&ssig=FAjaSr9S0J", "avatar_hd": "https://tvax3.sinaimg.cn/crop.0.0.1002.1002.1024/008na2pMly8gvgbcknje1j60ru0ruwgv02.jpg?KID=imgbed,tva&Expires=1647905720&ssig=W%2FUucCWsYK", "follow_me": false, "following": false, "mbrank": 2, "mbtype": 11, "planet_video": true, "icon_list": [{"type": "vip", "data": {"mbrank": 2, "mbtype": 11}}], "can_edit": false, "textLength": null, "source": "Note 9", "favorited": false, "cardid": null, "pic_ids": [], "geo": null, "pic_num": 0, "is_paid": false, "mblog_vip_type": 0, "comments_count": 0, "attitudes_count": 0, "attitudes_status": 0, "isLongText": false, "mlevel": 0, "content_auth": 0, "is_show_bulletin": 2, "mblogtype": 0, "showFeedRepost": false, "showFeedComment": false, "pictureViewerSign": false, "showPictureViewer": false, "repost_type": 4, "share_repost_type": 0, "text": "小汽车还可以有皮肤是我万万没想到的"}, "pid": "4749243867465477"}, {"mid": "4749246731913083", "mblogid": "LkF8d81Gb", "uid": 7408394980, "name": "新型冠状杠铃", "data": {"visible_type": 0, "visible_list_id": 0, "time": "2022-03-21 00:02:00", "profile_image_url": "https://tvax4.sinaimg.cn/crop.0.0.132.132.50/0085mRXCly4gcljmfysoej303o03owed.jpg?KID=imgbed,tva&Expires=1647905720&ssig=VYE7rV9Jun", "profile_url": "/u/7408394980", "verified": false, "verified_type": -1, "domain": "", "weihao": "", "verified_type_ext": null, "avatar_large": "https://tvax4.sinaimg.cn/crop.0.0.132.132.180/0085mRXCly4gcljmfysoej303o03owed.jpg?KID=imgbed,tva&Expires=1647905720&ssig=LehBbNWwbi", "avatar_hd": "https://tvax4.sinaimg.cn/crop.0.0.132.132.1024/0085mRXCly4gcljmfysoej303o03owed.jpg?KID=imgbed,tva&Expires=1647905720&ssig=ZEDKnFTPJx", "follow_me": false, "following": false, "mbrank": 3, "mbtype": 2, "planet_video": false, "icon_list": [], "can_edit": false, "textLength": null, "source": "Redmi K40", "favorited": false, "cardid": null, "pic_ids": [], "geo": null, "pic_num": 0, "is_paid": false, "mblog_vip_type": 0, "comments_count": 0, "attitudes_count": 0, "attitudes_status": 0, "isLongText": false, "mlevel": 0, "content_auth": 0, "is_show_bulletin": 2, "mblogtype": 0, "showFeedRepost": false, "showFeedComment": false, "pictureViewerSign": false, "showPictureViewer": false, "repost_type": 1, "share_repost_type": 0, "text": "[awsl]这车让我看了好想上去开开怎么办！太可爱了叭！"}, "pid": "4749243867465477"}, {"mid": "4749246752623882", "mblogid": "LkF8fb0AG", "uid": 7534991867, "name": "敢打敢拼的土拨鼠", "data": {"visible_type": 0, "visible_list_id": 0, "time": "2022-03-21 00:02:04", "profile_image_url": "https://tvax1.sinaimg.cn/crop.0.0.1001.1001.50/008dW3ATly8gyy74cdnhqj30rt0rtjsy.jpg?KID=imgbed,tva&Expires=1647905720&ssig=CN18SjrjlI", "profile_url": "/u/7534991867", "verified": false, "verified_type": -1, "domain": "", "weihao": "", "verified_type_ext": null, "avatar_large": "https://tvax1.sinaimg.cn/crop.0.0.1001.1001.180/008dW3ATly8gyy74cdnhqj30rt0rtjsy.jpg?KID=imgbed,tva&Expires=1647905720&ssig=7M1UiqfRtD", "avatar_hd": "https://tvax1.sinaimg.cn/crop.0.0.1001.1001.1024/008dW3ATly8gyy74cdnhqj30rt0rtjsy.jpg?KID=imgbed,tva&Expires=1647905720&ssig=mAqn1A3tmn", "follow_me": false, "following": false, "mbrank": 3, "mbtype": 11, "planet_video": false, "icon_list": [{"type": "vip", "data": {"mbrank": 3, "mbtype": 11}}], "can_edit": false, "textLength": null, "source": "Note 9", "favorited": false, "cardid": null, "pic_ids": [], "geo": null, "pic_num": 0, "is_paid": false, "mblog_vip_type": 0, "comments_count": 0, "attitudes_count": 0, "attitudes_status": 0, "isLongText": false, "mlevel": 0, "content_auth": 0, "is_show_bulletin": 2, "mblogtype": 0, "showFeedRepost": false, "showFeedComment": false, "pictureViewerSign": false, "showPictureViewer": false, "repost_type": 4, "share_repost_type": 0, "text": "开上这个小汽车 我就是街上最靓的崽"}, "pid": "4749243867465477"}, {"mid": "4749246794043584", "mblogid": "LkF8jgXV6", "uid": 6818173481, "name": "小精灵放弃在归墟骑大象", "data": {"visible_type": 0, "visible_list_id": 0, "time": "2022-03-21 00:02:15", "profile_image_url": "https://tvax4.sinaimg.cn/crop.0.0.828.828.50/007rqmo1ly8g5kond0jwuj30n00n075u.jpg?KID=imgbed,tva&Expires=1647905720&ssig=dxZo%2BggpJi", "profile_url": "/u/6818173481", "verified": false, "verified_type": -1, "domain": "", "weihao": "", "verified_type_ext": null, "avatar_large": "https://tvax4.sinaimg.cn/crop.0.0.828.828.180/007rqmo1ly8g5kond0jwuj30n00n075u.jpg?KID=imgbed,tva&Expires=1647905720&ssig=b6hkVn0sPe", "avatar_hd": "https://tvax4.sinaimg.cn/crop.0.0.828.828.1024/007rqmo1ly8g5kond0jwuj30n00n075u.jpg?KID=imgbed,tva&Expires=1647905720&ssig=1G1UbyN5gB", "follow_me": false, "following": false, "mbrank": 4, "mbtype": 2, "planet_video": true, "icon_list": [], "can_edit": false, "textLength": null, "source": "iPhone客户端", "favorited": false, "cardid": null, "pic_ids": [], "geo": null, "pic_num": 0, "is_paid": false, "mblog_vip_type": 0, "comments_count": 0, "attitudes_count": 0, "attitudes_status": 0, "isLongText": false, "mlevel": 0, "content_auth": 0, "is_show_bulletin": 2, "mblogtype": 0, "showFeedRepost": false, "showFeedComment": false, "pictureViewerSign": false, "showPictureViewer": false, "repost_type": 4, "share_repost_type": 0, "text": "请问这一辆车多少钱，我想买起来"}, "pid": "4749243867465477"}, {"mid": "4749246899164417", "mblogid": "LkF8tCs5b", "uid": 7319094445, "name": "你会在意什么", "data": {"visible_type": 0, "visible_list_id": 0, "time": "2022-03-21 00:02:40", "profile_image_url": "https://tvax1.sinaimg.cn/crop.0.0.996.996.50/007ZkaOply8g7xnc7rgd0j30ro0roaeb.jpg?KID=imgbed,tva&Expires=1647905720&ssig=3r0bSxRxN9", "profile_url": "/u/7319094445", "verified": false, "verified_type": -1, "domain": "", "weihao": "", "verified_type_ext": null, "avatar_large": "https://tvax1.sinaimg.cn/crop.0.0.996.996.180/007ZkaOply8g7xnc7rgd0j30ro0roaeb.jpg?KID=imgbed,tva&Expires=1647905720&ssig=3wRwOTcWAr", "avatar_hd": "https://tvax1.sinaimg.cn/crop.0.0.996.996.1024/007ZkaOply8g7xnc7rgd0j30ro0roaeb.jpg?KID=imgbed,tva&Expires=1647905720&ssig=PhIA%2FYQN7M", "follow_me": false, "following": false, "mbrank": 4, "mbtype": 2, "planet_video": false, "icon_list": [], "can_edit": false, "textLength": null, "source": "Redmi K40", "favorited": false, "cardid": null, "pic_ids": [], "geo": null, "pic_num": 0, "is_paid": false, "mblog_vip_type": 0, "comments_count": 0, "attitudes_count": 0, "attitudes_status": 0, "isLongText": false, "mlevel": 0, "content_auth": 0, "is_show_bulletin": 2, "mblogtype": 0, "showFeedRepost": false, "showFeedComment": false, "pictureViewerSign": false, "showPictureViewer": false, "repost_type": 1, "share_repost_type": 0, "text": "我去这也太懂女孩子的内心了吧 我直接爱了"}, "pid": "4749243867465477"}, {"mid": "4749246907548306", "mblogid": "LkF8uvFES", "uid": 5769774929, "name": "勇于实践检验真理的树叶", "data": {"visible_type": 0, "visible_list_id": 0, "time": "2022-03-21 00:02:41", "profile_image_url": "https://tvax1.sinaimg.cn/crop.0.0.1002.1002.50/006ito1Xly8grms6mwz9vj60ru0ruwff02.jpg?KID=imgbed,tva&Expires=1647905720&ssig=7e2bnj8pjc", "profile_url": "/u/5769774929", "verified": false, "verified_type": -1, "domain": "", "weihao": "", "verified_type_ext": null, "avatar_large": "https://tvax1.sinaimg.cn/crop.0.0.1002.1002.180/006ito1Xly8grms6mwz9vj60ru0ruwff02.jpg?KID=imgbed,tva&Expires=1647905720&ssig=BokTiBgSsV", "avatar_hd": "https://tvax1.sinaimg.cn/crop.0.0.1002.1002.1024/006ito1Xly8grms6mwz9vj60ru0ruwff02.jpg?KID=imgbed,tva&Expires=1647905720&ssig=kBAInRKtwk", "follow_me": false, "following": false, "mbrank": 3, "mbtype": 11, "planet_video": false, "icon_list": [{"type": "vip", "data": {"mbrank": 3, "mbtype": 11}}], "can_edit": false, "textLength": null, "source": "Note 9", "favorited": false, "cardid": null, "pic_ids": [], "geo": null, "pic_num": 0, "is_paid": false, "mblog_vip_type": 0, "comments_count": 0, "attitudes_count": 0, "attitudes_status": 0, "isLongText": false, "mlevel": 0, "content_auth": 0, "is_show_bulletin": 2, "mblogtype": 0, "showFeedRepost": false, "showFeedComment": false, "pictureViewerSign": false, "showPictureViewer": false, "repost_type": 4, "share_repost_type": 0, "text": "大车拉小车 我们一起开车~"}, "pid": "4749243867465477"}, {"mid": "4749246979638997", "mblogid": "LkF8BErxH", "uid": 7548003423, "name": "老天保佑科目三一把过", "data": {"visible_type": 0, "visible_list_id": 0, "time": "2022-03-21 00:02:58", "profile_image_url": "https://tvax2.sinaimg.cn/crop.0.0.1002.1002.50/008eOEuHly8grp6upjyfwj30ru0ruq4v.jpg?KID=imgbed,tva&Expires=1647905720&ssig=%2FMq9GE8rjQ", "profile_url": "/u/7548003423", "verified": false, "verified_type": -1, "domain": "", "weihao": "", "verified_type_ext": null, "avatar_large": "https://tvax2.sinaimg.cn/crop.0.0.1002.1002.180/008eOEuHly8grp6upjyfwj30ru0ruq4v.jpg?KID=imgbed,tva&Expires=1647905720&ssig=5RdTABmYA8", "avatar_hd": "https://tvax2.sinaimg.cn/crop.0.0.1002.1002.1024/008eOEuHly8grp6upjyfwj30ru0ruq4v.jpg?KID=imgbed,tva&Expires=1647905720&ssig=rnHKuFSYqe", "follow_me": false, "following": false, "mbrank": 3, "mbtype": 11, "planet_video": false, "icon_list": [{"type": "vip", "data": {"mbrank": 3, "mbtype": 11}}], "can_edit": false, "textLength": null, "source": "Note 9", "favorited": false, "cardid": null, "pic_ids": [], "geo": null, "pic_num": 0, "is_paid": false, "mblog_vip_type": 0, "comments_count": 0, "attitudes_count": 0, "attitudes_status": 0, "isLongText": false, "mlevel": 0, "content_auth": 0, "is_show_bulletin": 2, "mblogtype": 0, "showFeedRepost": false, "showFeedComment": false, "pictureViewerSign": false, "showPictureViewer": false, "repost_type": 4, "share_repost_type": 0, "text": "草莓熊简直就是我的最爱"}, "pid": "4749243867465477"}, {"mid": "4749247096554226", "mblogid": "LkF8Nrv3k", "uid": 7698158641, "name": "最近很喜欢计算机网络", "data": {"visible_type": 0, "visible_list_id": 0, "time": "2022-03-21 00:03:26", "profile_image_url": "https://tvax3.sinaimg.cn/crop.0.0.111.111.50/008oYGJ3ly8h0bijg9tbcj3033033gle.jpg?KID=imgbed,tva&Expires=1647905720&ssig=jN7%2BDjGdsE", "profile_url": "/u/7698158641", "verified": false, "verified_type": -1, "domain": "", "weihao": "", "verified_type_ext": null, "avatar_large": "https://tvax3.sinaimg.cn/crop.0.0.111.111.180/008oYGJ3ly8h0bijg9tbcj3033033gle.jpg?KID=imgbed,tva&Expires=1647905720&ssig=rXp5%2FMGkQ7", "avatar_hd": "https://tvax3.sinaimg.cn/crop.0.0.111.111.1024/008oYGJ3ly8h0bijg9tbcj3033033gle.jpg?KID=imgbed,tva&Expires=1647905720&ssig=WcIHYrA%2Bza", "follow_me": false, "following": false, "mbrank": 2, "mbtype": 11, "planet_video": true, "icon_list": [{"type": "vip", "data": {"mbrank": 2, "mbtype": 11}}], "can_edit": false, "textLength": null, "source": "Note 9", "favorited": false, "cardid": null, "pic_ids": [], "geo": null, "pic_num": 0, "is_paid": false, "mblog_vip_type": 0, "comments_count": 0, "attitudes_count": 0, "attitudes_status": 0, "isLongText": false, "mlevel": 0, "content_auth": 0, "is_show_bulletin": 2, "mblogtype": 0, "showFeedRepost": false, "showFeedComment": false, "pictureViewerSign": false, "showPictureViewer": false, "repost_type": 4, "share_repost_type": 0, "text": "so cute a pink bear"}, "pid": "4749243867465477"}, {"mid": "4749247147411930", "mblogid": "LkF8Sv6bg", "uid": 7466179048, "name": "吃不吃啦啾", "data": {"visible_type": 0, "visible_list_id": 0, "time": "2022-03-21 00:03:39", "profile_image_url": "https://tvax4.sinaimg.cn/crop.0.0.1002.1002.50/0089hkeIly8gfd4grbuzcj30ru0rumy1.jpg?KID=imgbed,tva&Expires=1647905720&ssig=DxPMZDIOqj", "profile_url": "/u/7466179048", "verified": false, "verified_type": -1, "domain": "", "weihao": "", "verified_type_ext": null, "avatar_large": "https://tvax4.sinaimg.cn/crop.0.0.1002.1002.180/0089hkeIly8gfd4grbuzcj30ru0rumy1.jpg?KID=imgbed,tva&Expires=1647905720&ssig=f4EHzAvTSo", "avatar_hd": "https://tvax4.sinaimg.cn/crop.0.0.1002.1002.1024/0089hkeIly8gfd4grbuzcj30ru0rumy1.jpg?KID=imgbed,tva&Expires=1647905720&ssig=6VyfcU%2BQhg", "follow_me": false, "following": false, "mbrank": 4, "mbtype": 2, "planet_video": false, "icon_list": [], "can_edit": false, "textLength": null, "source": "Redmi K40", "favorited": false, "cardid": null, "pic_ids": [], "geo": null, "pic_num": 0, "is_paid": false, "mblog_vip_type": 0, "comments_count": 0, "attitudes_count": 0, "attitudes_status": 0, "isLongText": false, "mlevel": 0, "content_auth": 0, "is_show_bulletin": 2, "mblogtype": 0, "showFeedRepost": false, "showFeedComment": false, "pictureViewerSign": false, "showPictureViewer": false, "repost_type": 1, "share_repost_type": 0, "text": "这种滤镜看起来就很有那种青春的感觉 好甜的车！！"}, "pid": "4749243867465477"}, {"mid": "4749247147413659", "mblogid": "LkF8Sv6D9", "uid": 7072867154, "name": "愿意坚定看星星的探险家", "data": {"visible_type": 0, "visible_list_id": 0, "time": "2022-03-21 00:03:39", "profile_image_url": "https://tvax4.sinaimg.cn/crop.0.0.512.512.50/007IF1Quly8gx2ci7trqpj30e80e874o.jpg?KID=imgbed,tva&Expires=1647905720&ssig=7pOGAjuUL3", "profile_url": "/u/7072867154", "verified": false, "verified_type": -1, "domain": "", "weihao": "", "verified_type_ext": null, "avatar_large": "https://tvax4.sinaimg.cn/crop.0.0.512.512.180/007IF1Quly8gx2ci7trqpj30e80e874o.jpg?KID=imgbed,tva&Expires=1647905720&ssig=xQr6g%2FBHtA", "avatar_hd": "https://tvax4.sinaimg.cn/crop.0.0.512.512.1024/007IF1Quly8gx2ci7trqpj30e80e874o.jpg?KID=imgbed,tva&Expires=1647905720&ssig=VPEJZNc4mK", "follow_me": false, "following": false, "mbrank": 5, "mbtype": 2, "planet_video": true, "icon_list": [], "can_edit": false, "textLength": null, "source": "iPhone客户端", "favorited": false, "cardid": null, "pic_ids": [], "geo": null, "pic_num": 0, "is_paid": false, "mblog_vip_type": 0, "comments_count": 0, "attitudes_count": 0, "attitudes_status": 0, "isLongText": false, "mlevel": 0, "content_auth": 0, "is_show_bulletin": 2, "mblogtype": 0, "showFeedRepost": false, "showFeedComment": false, "pictureViewerSign": false, "showPictureViewer": false, "repost_type": 4, "share_repost_type": 0, "text": "这对情侣真的是非常喜欢草莓熊了"}, "pid": "4749243867465477"}, {"mid": "4749247221859819", "mblogid": "LkF907NP5", "uid": 7669254006, "name": "奥利给电灯泡", "data": {"visible_type": 0, "visible_list_id": 0, "time": "2022-03-21 00:03:56", "profile_image_url": "https://tvax1.sinaimg.cn/crop.0.0.1024.1024.50/008n1pjgly8h0bi8lbtpwj30sg0sg75r.jpg?KID=imgbed,tva&Expires=1647905720&ssig=hmcOAA9XIs", "profile_url": "/u/7669254006", "verified": false, "verified_type": -1, "domain": "", "weihao": "", "verified_type_ext": null, "avatar_large": "https://tvax1.sinaimg.cn/crop.0.0.1024.1024.180/008n1pjgly8h0bi8lbtpwj30sg0sg75r.jpg?KID=imgbed,tva&Expires=1647905720&ssig=Wq0U7VbXVe", "avatar_hd": "https://tvax1.sinaimg.cn/crop.0.0.1024.1024.1024/008n1pjgly8h0bi8lbtpwj30sg0sg75r.jpg?KID=imgbed,tva&Expires=1647905720&ssig=DoOwyMAnML", "follow_me": false, "following": false, "mbrank": 2, "mbtype": 11, "planet_video": true, "icon_list": [{"type": "vip", "data": {"mbrank": 2, "mbtype": 11}}], "can_edit": false, "textLength": null, "source": "Note 9", "favorited": false, "cardid": null, "pic_ids": [], "geo": null, "pic_num": 0, "is_paid": false, "mblog_vip_type": 0, "comments_count": 0, "attitudes_count": 0, "attitudes_status": 0, "isLongText": false, "mlevel": 0, "content_auth": 0, "is_show_bulletin": 2, "mblogtype": 0, "showFeedRepost": false, "showFeedComment": false, "pictureViewerSign": false, "showPictureViewer": false, "repost_type": 4, "share_repost_type": 0, "text": "这车还可以定制？"}, "pid": "4749243867465477"}, {"mid": "4749247305746470", "mblogid": "LkF98o6V0", "uid": 7631319316, "name": "迪土尼有唐老鸭", "data": {"visible_type": 0, "visible_list_id": 0, "time": "2022-03-21 00:04:16", "profile_image_url": "https://tvax2.sinaimg.cn/crop.0.0.510.510.50/008kseLqly8h0bi9yrv6rj30e70e60u1.jpg?KID=imgbed,tva&Expires=1647905720&ssig=5UjLg%2FbX4M", "profile_url": "/u/7631319316", "verified": false, "verified_type": -1, "domain": "", "weihao": "", "verified_type_ext": null, "avatar_large": "https://tvax2.sinaimg.cn/crop.0.0.510.510.180/008kseLqly8h0bi9yrv6rj30e70e60u1.jpg?KID=imgbed,tva&Expires=1647905720&ssig=G7%2B8lr7yd6", "avatar_hd": "https://tvax2.sinaimg.cn/crop.0.0.510.510.1024/008kseLqly8h0bi9yrv6rj30e70e60u1.jpg?KID=imgbed,tva&Expires=1647905720&ssig=c0CbBRio6R", "follow_me": false, "following": false, "mbrank": 3, "mbtype": 11, "planet_video": false, "icon_list": [{"type": "vip", "data": {"mbrank": 3, "mbtype": 11}}], "can_edit": false, "textLength": null, "source": "Note 9", "favorited": false, "cardid": null, "pic_ids": [], "geo": null, "pic_num": 0, "is_paid": false, "mblog_vip_type": 0, "comments_count": 0, "attitudes_count": 0, "attitudes_status": 0, "isLongText": false, "mlevel": 0, "content_auth": 0, "is_show_bulletin": 2, "mblogtype": 0, "showFeedRepost": false, "showFeedComment": false, "pictureViewerSign": false, "showPictureViewer": false, "repost_type": 4, "share_repost_type": 0, "text": "我的少女心泛滥了"}, "pid": "4749243867465477"}, {"mid": "4749405352105148", "mblogid": "LkJg38PE0", "uid": 2799480873, "name": "兜兜转转YLW", "data": {"visible_type": 0, "visible_list_id": 0, "time": "2022-03-21 10:32:18", "profile_image_url": "https://tvax4.sinaimg.cn/crop.0.0.512.512.50/a6dcb029ly8g9l6khgr8jj20e80e8gm4.jpg?KID=imgbed,tva&Expires=1647905720&ssig=y9iFUVMAqf", "profile_url": "/u/2799480873", "verified": false, "verified_type": -1, "domain": "", "weihao": "", "verified_type_ext": null, "avatar_large": "https://tvax4.sinaimg.cn/crop.0.0.512.512.180/a6dcb029ly8g9l6khgr8jj20e80e8gm4.jpg?KID=imgbed,tva&Expires=1647905720&ssig=9M7aYk11AU", "avatar_hd": "https://tvax4.sinaimg.cn/crop.0.0.512.512.1024/a6dcb029ly8g9l6khgr8jj20e80e8gm4.jpg?KID=imgbed,tva&Expires=1647905720&ssig=QB4cXiMGnQ", "follow_me": false, "following": false, "mbrank": 0, "mbtype": 0, "planet_video": true, "icon_list": [], "can_edit": false, "textLength": null, "source": "iPhone客户端", "favorited": false, "cardid": null, "pic_ids": [], "geo": null, "pic_num": 0, "is_paid": false, "mblog_vip_type": 0, "comments_count": 0, "attitudes_count": 0, "attitudes_status": 0, "isLongText": false, "mlevel": 0, "content_auth": 0, "is_show_bulletin": 2, "mblogtype": 0, "showFeedRepost": false, "showFeedComment": false, "pictureViewerSign": false, "showPictureViewer": false, "repost_type": 1, "share_repost_type": 0, "text": "草莓熊"}, "pid": "4749243867465477"}, {"mid": "4749466986873128", "mblogid": "LkKRssQ0U", "uid": 2722118483, "name": "RWSSS", "data": {"visible_type": 0, "visible_list_id": 0, "time": "2022-03-21 14:37:12", "profile_image_url": "https://tvax2.sinaimg.cn/crop.229.0.332.332.50/a2403b53ly8frwvve8lfhj20gn0bsjs2.jpg?KID=imgbed,tva&Expires=1647905720&ssig=XDcBsBL1Gb", "profile_url": "/u/2722118483", "verified": false, "verified_type": -1, "domain": "", "weihao": "", "verified_type_ext": null, "avatar_large": "https://tvax2.sinaimg.cn/crop.229.0.332.332.180/a2403b53ly8frwvve8lfhj20gn0bsjs2.jpg?KID=imgbed,tva&Expires=1647905720&ssig=hYVa9XAypD", "avatar_hd": "https://tvax2.sinaimg.cn/crop.229.0.332.332.1024/a2403b53ly8frwvve8lfhj20gn0bsjs2.jpg?KID=imgbed,tva&Expires=1647905720&ssig=IUanCsVImh", "follow_me": false, "following": false, "mbrank": 0, "mbtype": 0, "planet_video": true, "icon_list": [], "can_edit": false, "textLength": null, "source": "iPhone客户端", "favorited": false, "cardid": null, "pic_ids": [], "geo": null, "pic_num": 0, "is_paid": false, "mblog_vip_type": 0, "comments_count": 0, "attitudes_count": 0, "attitudes_status": 0, "isLongText": false, "mlevel": 0, "content_auth": 0, "is_show_bulletin": 2, "mblogtype": 0, "showFeedRepost": false, "showFeedComment": false, "pictureViewerSign": false, "showPictureViewer": false, "repost_type": 2, "share_repost_type": 0, "text": "快转微博"}, "pid": "4749243867465477"}, {"mid": "4749495734634570", "mblogid": "LkLBPjrF8", "uid": 3310430891, "name": "共感_万象", "data": {"visible_type": 0, "visible_list_id": 0, "time": "2022-03-21 16:31:26", "profile_image_url": "https://tvax4.sinaimg.cn/crop.0.0.512.512.50/c5512aably8g69r5cgnqqj20e80e8wes.jpg?KID=imgbed,tva&Expires=1647905720&ssig=zJ1gnp9E82", "profile_url": "/u/3310430891", "verified": false, "verified_type": -1, "domain": "", "weihao": "", "verified_type_ext": null, "avatar_large": "https://tvax4.sinaimg.cn/crop.0.0.512.512.180/c5512aably8g69r5cgnqqj20e80e8wes.jpg?KID=imgbed,tva&Expires=1647905720&ssig=lirFPK%2BRaM", "avatar_hd": "https://tvax4.sinaimg.cn/crop.0.0.512.512.1024/c5512aably8g69r5cgnqqj20e80e8wes.jpg?KID=imgbed,tva&Expires=1647905720&ssig=1I3FYDcI6L", "follow_me": false, "following": false, "mbrank": 0, "mbtype": 0, "planet_video": true, "icon_list": [], "can_edit": false, "textLength": null, "source": "iPhone客户端", "favorited": false, "cardid": null, "pic_ids": [], "geo": null, "pic_num": 0, "is_paid": false, "mblog_vip_type": 0, "comments_count": 0, "attitudes_count": 0, "attitudes_status": 0, "isLongText": false, "mlevel": 0, "content_auth": 0, "is_show_bulletin": 2, "mblogtype": 0, "showFeedRepost": false, "showFeedComment": false, "pictureViewerSign": false, "showPictureViewer": false, "repost_type": 1, "share_repost_type": 0, "text": "转发微博"}, "pid": "4749243867465477"}, {"mid": "4749495743809498", "mblogid": "LkLBQfZ1w", "uid": 2127167371, "name": "小竹子嘎嘣翠", "data": {"visible_type": 0, "visible_list_id": 0, "time": "2022-03-21 16:31:29", "profile_image_url": "https://tvax3.sinaimg.cn/crop.0.0.996.996.50/7ec9ff8bly8gcvn7x5u5mj20ro0rogns.jpg?KID=imgbed,tva&Expires=1647905720&ssig=7bX5ZaLg3J", "profile_url": "/u/2127167371", "verified": false, "verified_type": -1, "domain": "", "weihao": "", "verified_type_ext": null, "avatar_large": "https://tvax3.sinaimg.cn/crop.0.0.996.996.180/7ec9ff8bly8gcvn7x5u5mj20ro0rogns.jpg?KID=imgbed,tva&Expires=1647905720&ssig=kLyrYuXWxi", "avatar_hd": "https://tvax3.sinaimg.cn/crop.0.0.996.996.1024/7ec9ff8bly8gcvn7x5u5mj20ro0rogns.jpg?KID=imgbed,tva&Expires=1647905720&ssig=gsGYjT%2FePB", "follow_me": false, "following": false, "mbrank": 0, "mbtype": 0, "planet_video": false, "icon_list": [], "can_edit": false, "textLength": null, "source": "华为畅享10 Plus", "favorited": false, "cardid": null, "pic_ids": [], "geo": null, "pic_num": 0, "is_paid": false, "mblog_vip_type": 0, "comments_count": 0, "attitudes_count": 0, "attitudes_status": 0, "isLongText": false, "mlevel": 0, "content_auth": 0, "is_show_bulletin": 2, "mblogtype": 0, "showFeedRepost": false, "showFeedComment": false, "pictureViewerSign": false, "showPictureViewer": false, "repost_type": 2, "share_repost_type": 0, "text": "快转微博"}, "pid": "4749243867465477"}, {"mid": "4749501800390423", "mblogid": "LkLLC1Dz9", "uid": 2122541920, "name": "小心坚果", "data": {"visible_type": 0, "visible_list_id": 0, "time": "2022-03-21 16:55:33", "profile_image_url": "https://tva2.sinaimg.cn/crop.0.0.180.180.50/7e836b60jw1e8qgp5bmzyj2050050aa8.jpg?KID=imgbed,tva&Expires=1647905720&ssig=7hNDHSIUMn", "profile_url": "/u/2122541920", "verified": false, "verified_type": -1, "domain": "", "weihao": "", "verified_type_ext": null, "avatar_large": "https://tva2.sinaimg.cn/crop.0.0.180.180.180/7e836b60jw1e8qgp5bmzyj2050050aa8.jpg?KID=imgbed,tva&Expires=1647905720&ssig=ErxvNUeT%2BS", "avatar_hd": "https://tva2.sinaimg.cn/crop.0.0.180.180.1024/7e836b60jw1e8qgp5bmzyj2050050aa8.jpg?KID=imgbed,tva&Expires=1647905720&ssig=KCP9NtCNLr", "follow_me": false, "following": false, "mbrank": 0, "mbtype": 0, "planet_video": true, "icon_list": [], "can_edit": false, "textLength": null, "source": "iPhone客户端", "favorited": false, "cardid": null, "pic_ids": [], "geo": null, "pic_num": 0, "is_paid": false, "mblog_vip_type": 0, "comments_count": 0, "attitudes_count": 0, "attitudes_status": 0, "isLongText": false, "mlevel": 0, "content_auth": 0, "is_show_bulletin": 2, "mblogtype": 0, "showFeedRepost": false, "showFeedComment": false, "pictureViewerSign": false, "showPictureViewer": false, "repost_type": 1, "share_repost_type": 0, "text": "@L臭屁桃 @Soul那又如何 @大嘴僵尸"}, "pid": "4749243867465477"}]}