{"mid": "4748307430117795", "mblogid": "LkgHd0uDV", "uid": 6962142774, "name": "大眼侃电影", "data": {"visible_type": 0, "visible_list_id": 0, "time": "2022-03-18 09:49:33", "profile_image_url": "https://tvax4.sinaimg.cn/crop.0.0.1080.1080.50/007Barnoly8gibn4x9x6pj30u00u0tcs.jpg?KID=imgbed,tva&Expires=1647836587&ssig=xgqldOh7fz", "profile_url": "/u/6962142774", "verified": true, "verified_type": 0, "domain": "", "weihao": "", "verified_type_ext": 1, "avatar_large": "https://tvax4.sinaimg.cn/crop.0.0.1080.1080.180/007Barnoly8gibn4x9x6pj30u00u0tcs.jpg?KID=imgbed,tva&Expires=1647836587&ssig=%2FyEAlBC9a2", "avatar_hd": "https://tvax4.sinaimg.cn/crop.0.0.1080.1080.1024/007Barnoly8gibn4x9x6pj30u00u0tcs.jpg?KID=imgbed,tva&Expires=1647836587&ssig=5zE8nAC67V", "follow_me": false, "following": false, "mbrank": 5, "mbtype": 2, "planet_video": false, "icon_list": [], "can_edit": false, "textLength": 80, "source": "微博视频号", "favorited": false, "cardid": null, "pic_ids": [], "geo": null, "pic_num": 0, "is_paid": false, "mblog_vip_type": 0, "comments_count": 21, "attitudes_count": 251, "attitudes_status": 0, "isLongText": false, "mlevel": 0, "content_auth": 0, "is_show_bulletin": 2, "mblogtype": 0, "showFeedRepost": false, "showFeedComment": false, "pictureViewerSign": false, "showPictureViewer": false, "repost_type": null, "share_repost_type": 0, "text": "特种兵回到家，发现妻子被人给害了 \n\n###影视推荐##电影种草官# http://t.cn/A66x7uAl ​​​"}, "children": [{"mid": "4748323829580844", "mblogid": "Lkh7EEcpK", "uid": 5194493588, "name": "卖猪儿虫的小红帽QAQ", "data": {"visible_type": 0, "visible_list_id": 0, "time": "2022-03-18 10:54:42", "profile_image_url": "https://tvax3.sinaimg.cn/crop.0.0.996.996.50/005Fxz4Ely8gi0vzx3yr3j30ro0ro77f.jpg?KID=imgbed,tva&Expires=1647836588&ssig=d%2BOBqAXhk4", "profile_url": "/u/5194493588", "verified": false, "verified_type": -1, "domain": "", "weihao": "", "verified_type_ext": null, "avatar_large": "https://tvax3.sinaimg.cn/crop.0.0.996.996.180/005Fxz4Ely8gi0vzx3yr3j30ro0ro77f.jpg?KID=imgbed,tva&Expires=1647836588&ssig=MFA96uyHnU", "avatar_hd": "https://tvax3.sinaimg.cn/crop.0.0.996.996.1024/005Fxz4Ely8gi0vzx3yr3j30ro0ro77f.jpg?KID=imgbed,tva&Expires=1647836588&ssig=MDZFYYpLyA", "follow_me": false, "following": false, "mbrank": 3, "mbtype": 2, "planet_video": false, "icon_list": [], "can_edit": false, "textLength": null, "source": "iQOO Neo5 生而为赢", "favorited": false, "cardid": null, "pic_ids": [], "geo": null, "pic_num": 0, "is_paid": false, "mblog_vip_type": 0, "comments_count": 0, "attitudes_count": 0, "attitudes_status": 0, "isLongText": false, "mlevel": 0, "content_auth": 0, "is_show_bulletin": 2, "mblogtype": 0, "showFeedRepost": false, "showFeedComment": false, "pictureViewerSign": false, "showPictureViewer": false, "repost_type": 2, "share_repost_type": 0, "text": "快转微博"}, "pid": "4748307430117795"}, {"mid": "4748325171761996", "mblogid": "Lkh9P7oni", "uid": 5105233733, "name": "Fishsky鱼", "data": {"visible_type": 0, "visible_list_id": 0, "time": "2022-03-18 11:00:03", "profile_image_url": "https://tva1.sinaimg.cn/crop.21.25.333.333.50/005zv2vzjw8ezc65sb2jxj30av0gognx.jpg?KID=imgbed,tva&Expires=1647836588&ssig=5AoM06lh1o", "profile_url": "/u/5105233733", "verified": false, "verified_type": -1, "domain": "", "weihao": "", "verified_type_ext": null, "avatar_large": "https://tva1.sinaimg.cn/crop.21.25.333.333.180/005zv2vzjw8ezc65sb2jxj30av0gognx.jpg?KID=imgbed,tva&Expires=1647836588&ssig=%2FsCOX0w%2FR%2B", "avatar_hd": "https://tva1.sinaimg.cn/crop.21.25.333.333.1024/005zv2vzjw8ezc65sb2jxj30av0gognx.jpg?KID=imgbed,tva&Expires=1647836588&ssig=8ZwPIwyQDh", "follow_me": false, "following": false, "mbrank": 0, "mbtype": 0, "planet_video": true, "icon_list": [{"type": "icon", "data": {"value": "1", "icon_img": "https://h5.sinaimg.cn/upload/106/1683/2022/03/18/feed_icon_chuntian_default.png", "title": "你好春天", "url": "https://s.weibo.com/weibo/%23%E4%BD%A0%E5%A5%BD%E6%98%A5%E5%A4%A9%23"}}], "can_edit": false, "textLength": null, "source": "HUAWEI P30", "favorited": false, "cardid": null, "pic_ids": [], "geo": null, "pic_num": 0, "is_paid": false, "mblog_vip_type": 0, "comments_count": 0, "attitudes_count": 0, "attitudes_status": 0, "isLongText": false, "mlevel": 0, "content_auth": 0, "is_show_bulletin": 2, "mblogtype": 0, "showFeedRepost": false, "showFeedComment": false, "pictureViewerSign": false, "showPictureViewer": false, "repost_type": 2, "share_repost_type": 0, "text": "快转微博"}, "pid": "4748307430117795"}, {"mid": "4748361406615943", "mblogid": "Lki6grL6L", "uid": 1745360961, "name": "happinessxiao幸福", "data": {"visible_type": 0, "visible_list_id": 0, "time": "2022-03-18 13:24:02", "profile_image_url": "https://tva2.sinaimg.cn/crop.0.0.720.720.50/68081841jw8ez6i7rpej9j20k00k00v5.jpg?KID=imgbed,tva&Expires=1647836588&ssig=uOUHJU5PO%2B", "profile_url": "/u/1745360961", "verified": false, "verified_type": 220, "domain": "happinessxiao", "weihao": "", "verified_type_ext": null, "avatar_large": "https://tva2.sinaimg.cn/crop.0.0.720.720.180/68081841jw8ez6i7rpej9j20k00k00v5.jpg?KID=imgbed,tva&Expires=1647836588&ssig=nhJbaMWZ90", "avatar_hd": "https://tva2.sinaimg.cn/crop.0.0.720.720.1024/68081841jw8ez6i7rpej9j20k00k00v5.jpg?KID=imgbed,tva&Expires=1647836588&ssig=VFKtH1r%2BDM", "follow_me": false, "following": false, "mbrank": 1, "mbtype": 2, "planet_video": false, "icon_list": [], "can_edit": false, "textLength": null, "source": "HUAWEI Mate 10", "favorited": false, "cardid": null, "pic_ids": [], "geo": null, "pic_num": 0, "is_paid": false, "mblog_vip_type": 0, "comments_count": 0, "attitudes_count": 0, "attitudes_status": 0, "isLongText": false, "mlevel": 0, "content_auth": 0, "is_show_bulletin": 2, "mblogtype": 0, "showFeedRepost": false, "showFeedComment": false, "pictureViewerSign": false, "showPictureViewer": false, "repost_type": 2, "share_repost_type": 0, "text": "快转微博"}, "pid": "4748307430117795"}, {"mid": "4748480477664275", "mblogid": "Lklcjw9Pl", "uid": 1854670775, "name": "思想木", "data": {"visible_type": 0, "visible_list_id": 0, "time": "2022-03-18 21:17:11", "profile_image_url": "https://tva4.sinaimg.cn/crop.0.0.800.800.50/6e8c07b7jw8euyuhmx6s2j20m80m875z.jpg?KID=imgbed,tva&Expires=1647836588&ssig=wp%2FqsLRE2P", "profile_url": "/u/1854670775", "verified": false, "verified_type": -1, "domain": "", "weihao": "", "verified_type_ext": null, "avatar_large": "https://tva4.sinaimg.cn/crop.0.0.800.800.180/6e8c07b7jw8euyuhmx6s2j20m80m875z.jpg?KID=imgbed,tva&Expires=1647836588&ssig=9Dgpc61bmH", "avatar_hd": "https://tva4.sinaimg.cn/crop.0.0.800.800.1024/6e8c07b7jw8euyuhmx6s2j20m80m875z.jpg?KID=imgbed,tva&Expires=1647836588&ssig=%2Bxftmp3xwx", "follow_me": false, "following": false, "mbrank": 5, "mbtype": 2, "planet_video": true, "icon_list": [], "can_edit": false, "textLength": null, "source": "HUAWEI Mate 30 5G", "favorited": false, "cardid": null, "pic_ids": [], "geo": null, "pic_num": 0, "is_paid": false, "mblog_vip_type": 0, "comments_count": 0, "attitudes_count": 0, "attitudes_status": 0, "isLongText": false, "mlevel": 0, "content_auth": 0, "is_show_bulletin": 2, "mblogtype": 0, "showFeedRepost": false, "showFeedComment": false, "pictureViewerSign": false, "showPictureViewer": false, "repost_type": 2, "share_repost_type": 0, "text": "快转微博"}, "pid": "4748307430117795"}, {"mid": "4748488158482748", "mblogid": "LkloHzAKw", "uid": 2005184965, "name": "感伤离别的初见", "data": {"visible_type": 0, "visible_list_id": 0, "time": "2022-03-18 21:47:42", "profile_image_url": "https://tva1.sinaimg.cn/crop.0.0.180.180.50/7784b1c5jw1e8qgp5bmzyj2050050aa8.jpg?KID=imgbed,tva&Expires=1647836588&ssig=X1lM7aWe6s", "profile_url": "/u/2005184965", "verified": false, "verified_type": 220, "domain": "", "weihao": "319888973", "verified_type_ext": null, "avatar_large": "https://tva1.sinaimg.cn/crop.0.0.180.180.180/7784b1c5jw1e8qgp5bmzyj2050050aa8.jpg?KID=imgbed,tva&Expires=1647836588&ssig=eDPRojkV7E", "avatar_hd": "https://tva1.sinaimg.cn/crop.0.0.180.180.1024/7784b1c5jw1e8qgp5bmzyj2050050aa8.jpg?KID=imgbed,tva&Expires=1647836588&ssig=ij9c9weICG", "follow_me": false, "following": false, "mbrank": 0, "mbtype": 0, "planet_video": true, "icon_list": [], "can_edit": false, "textLength": null, "source": "HUAWEI Mate 20 Pro", "favorited": false, "cardid": null, "pic_ids": [], "geo": null, "pic_num": 0, "is_paid": false, "mblog_vip_type": 0, "comments_count": 0, "attitudes_count": 0, "attitudes_status": 0, "isLongText": false, "mlevel": 0, "content_auth": 0, "is_show_bulletin": 2, "mblogtype": 0, "showFeedRepost": false, "showFeedComment": false, "pictureViewerSign": false, "showPictureViewer": false, "repost_type": 2, "share_repost_type": 0, "text": "快转微博"}, "pid": "4748307430117795"}, {"mid": "4748489286489329", "mblogid": "LklqwreaB", "uid": 2005184965, "name": "感伤离别的初见", "data": {"visible_type": 0, "visible_list_id": 0, "time": "2022-03-18 21:52:11", "profile_image_url": "https://tva1.sinaimg.cn/crop.0.0.180.180.50/7784b1c5jw1e8qgp5bmzyj2050050aa8.jpg?KID=imgbed,tva&Expires=1647836588&ssig=X1lM7aWe6s", "profile_url": "/u/2005184965", "verified": false, "verified_type": 220, "domain": "", "weihao": "319888973", "verified_type_ext": null, "avatar_large": "https://tva1.sinaimg.cn/crop.0.0.180.180.180/7784b1c5jw1e8qgp5bmzyj2050050aa8.jpg?KID=imgbed,tva&Expires=1647836588&ssig=eDPRojkV7E", "avatar_hd": "https://tva1.sinaimg.cn/crop.0.0.180.180.1024/7784b1c5jw1e8qgp5bmzyj2050050aa8.jpg?KID=imgbed,tva&Expires=1647836588&ssig=ij9c9weICG", "follow_me": false, "following": false, "mbrank": 0, "mbtype": 0, "planet_video": true, "icon_list": [], "can_edit": false, "textLength": null, "source": "HUAWEI Mate 20 Pro", "favorited": false, "cardid": null, "pic_ids": [], "geo": null, "pic_num": 0, "is_paid": false, "mblog_vip_type": 0, "comments_count": 0, "attitudes_count": 0, "attitudes_status": 0, "isLongText": false, "mlevel": 0, "content_auth": 0, "is_show_bulletin": 2, "mblogtype": 0, "showFeedRepost": false, "showFeedComment": false, "pictureViewerSign": false, "showPictureViewer": false, "repost_type": 2, "share_repost_type": 0, "text": "快转微博"}, "pid": "4748307430117795"}, {"mid": "4748508756185145", "mblogid": "LklVVpX2p", "uid": 3627389011, "name": "Ryan_Whiplash", "data": {"visible_type": 0, "visible_list_id": 0, "time": "2022-03-18 23:09:33", "profile_image_url": "https://tvax2.sinaimg.cn/crop.0.0.1006.1006.50/d8359053ly8ghb0pi1wmoj20ry0rytb8.jpg?KID=imgbed,tva&Expires=1647836588&ssig=0eSQLbKOBj", "profile_url": "/u/3627389011", "verified": false, "verified_type": -1, "domain": "", "weihao": "", "verified_type_ext": null, "avatar_large": "https://tvax2.sinaimg.cn/crop.0.0.1006.1006.180/d8359053ly8ghb0pi1wmoj20ry0rytb8.jpg?KID=imgbed,tva&Expires=1647836588&ssig=ZqBDHkKO7j", "avatar_hd": "https://tvax2.sinaimg.cn/crop.0.0.1006.1006.1024/d8359053ly8ghb0pi1wmoj20ry0rytb8.jpg?KID=imgbed,tva&Expires=1647836588&ssig=Hw3LSRKjm1", "follow_me": false, "following": false, "mbrank": 0, "mbtype": 0, "planet_video": true, "icon_list": [], "can_edit": false, "textLength": null, "source": "OnePlus 7T", "favorited": false, "cardid": null, "pic_ids": [], "geo": null, "pic_num": 0, "is_paid": false, "mblog_vip_type": 0, "comments_count": 0, "attitudes_count": 0, "attitudes_status": 0, "isLongText": false, "mlevel": 0, "content_auth": 0, "is_show_bulletin": 2, "mblogtype": 0, "showFeedRepost": false, "showFeedComment": false, "pictureViewerSign": false, "showPictureViewer": false, "repost_type": 2, "share_repost_type": 0, "text": "快转微博"}, "pid": "4748307430117795"}, {"mid": "4748509661894477", "mblogid": "LklXo7WQ5", "uid": 3540755521, "name": "Rossoneri吻", "data": {"visible_type": 0, "visible_list_id": 0, "time": "2022-03-18 23:13:09", "profile_image_url": "https://tvax3.sinaimg.cn/crop.0.0.750.750.50/d30ba441ly8g2zml37m99j20ku0ku3zj.jpg?KID=imgbed,tva&Expires=1647836588&ssig=gQR98tJOIw", "profile_url": "/u/3540755521", "verified": false, "verified_type": -1, "domain": "", "weihao": "", "verified_type_ext": null, "avatar_large": "https://tvax3.sinaimg.cn/crop.0.0.750.750.180/d30ba441ly8g2zml37m99j20ku0ku3zj.jpg?KID=imgbed,tva&Expires=1647836588&ssig=N2M3fJ3cOS", "avatar_hd": "https://tvax3.sinaimg.cn/crop.0.0.750.750.1024/d30ba441ly8g2zml37m99j20ku0ku3zj.jpg?KID=imgbed,tva&Expires=1647836588&ssig=scO63N%2FgiZ", "follow_me": false, "following": false, "mbrank": 0, "mbtype": 0, "planet_video": true, "icon_list": [{"type": "icon", "data": {"value": "1", "icon_img": "http://n.sinaimg.cn/www/ea31a93f/20220213/feed_icon_BingDwenDwenShueyRhonRhon@2x.png", "title": "微博实现一墩一融", "url": "https://s.weibo.com/weibo?q=%23为中国冬奥健儿加油%23"}}], "can_edit": false, "textLength": null, "source": "iPhone客户端", "favorited": false, "cardid": null, "pic_ids": [], "geo": null, "pic_num": 0, "is_paid": false, "mblog_vip_type": 0, "comments_count": 0, "attitudes_count": 0, "attitudes_status": 0, "isLongText": false, "mlevel": 0, "content_auth": 0, "is_show_bulletin": 2, "mblogtype": 0, "showFeedRepost": false, "showFeedComment": false, "pictureViewerSign": false, "showPictureViewer": false, "repost_type": 1, "share_repost_type": 0, "text": "转发微博"}, "pid": "4748307430117795"}, {"mid": "4748518411732603", "mblogid": "Lkmbv7gJd", "uid": 5698259626, "name": "野三坡上的烤鸡堡", "data": {"visible_type": 0, "visible_list_id": 0, "time": "2022-03-18 23:47:54", "profile_image_url": "https://tva1.sinaimg.cn/crop.0.0.640.640.50/006dDjDkjw8eyamj7obvkj30hs0htt9l.jpg?KID=imgbed,tva&Expires=1647836588&ssig=SWSb3D2hOF", "profile_url": "/u/5698259626", "verified": false, "verified_type": -1, "domain": "", "weihao": "", "verified_type_ext": null, "avatar_large": "https://tva1.sinaimg.cn/crop.0.0.640.640.180/006dDjDkjw8eyamj7obvkj30hs0htt9l.jpg?KID=imgbed,tva&Expires=1647836588&ssig=9HLZfuYSoI", "avatar_hd": "https://tva1.sinaimg.cn/crop.0.0.640.640.1024/006dDjDkjw8eyamj7obvkj30hs0htt9l.jpg?KID=imgbed,tva&Expires=1647836588&ssig=0%2B8r0hihBh", "follow_me": false, "following": false, "mbrank": 0, "mbtype": 0, "planet_video": true, "icon_list": [], "can_edit": false, "textLength": null, "source": "iPhone客户端", "favorited": false, "cardid": null, "pic_ids": [], "geo": null, "pic_num": 0, "is_paid": false, "mblog_vip_type": 0, "comments_count": 0, "attitudes_count": 0, "attitudes_status": 0, "isLongText": false, "mlevel": 0, "content_auth": 0, "is_show_bulletin": 2, "mblogtype": 0, "showFeedRepost": false, "showFeedComment": false, "pictureViewerSign": false, "showPictureViewer": false, "repost_type": 1, "share_repost_type": 0, "text": "转发微博"}, "pid": "4748307430117795"}, {"mid": "4748534891413840", "mblogid": "LkmC55VNS", "uid": 6167960416, "name": "蒋蒋V587", "data": {"visible_type": 0, "visible_list_id": 0, "time": "2022-03-19 00:53:23", "profile_image_url": "https://tvax2.sinaimg.cn/crop.0.0.996.996.50/006Jq8gwly8gkncmxmfkhj30ro0ro76q.jpg?KID=imgbed,tva&Expires=1647836588&ssig=g3XO1oOhgN", "profile_url": "/u/6167960416", "verified": false, "verified_type": -1, "domain": "", "weihao": "", "verified_type_ext": null, "avatar_large": "https://tvax2.sinaimg.cn/crop.0.0.996.996.180/006Jq8gwly8gkncmxmfkhj30ro0ro76q.jpg?KID=imgbed,tva&Expires=1647836588&ssig=JQK5RoTsCB", "avatar_hd": "https://tvax2.sinaimg.cn/crop.0.0.996.996.1024/006Jq8gwly8gkncmxmfkhj30ro0ro76q.jpg?KID=imgbed,tva&Expires=1647836588&ssig=CdObWCImUx", "follow_me": false, "following": false, "mbrank": 0, "mbtype": 0, "planet_video": true, "icon_list": [], "can_edit": false, "textLength": null, "source": "vivo iQOO生而强悍", "favorited": false, "cardid": null, "pic_ids": [], "geo": null, "pic_num": 0, "is_paid": false, "mblog_vip_type": 0, "comments_count": 0, "attitudes_count": 0, "attitudes_status": 0, "isLongText": false, "mlevel": 0, "content_auth": 0, "is_show_bulletin": 2, "mblogtype": 0, "showFeedRepost": false, "showFeedComment": false, "pictureViewerSign": false, "showPictureViewer": false, "repost_type": 3, "share_repost_type": 0, "text": "@电影名称检索 求名字"}, "pid": "4748307430117795"}, {"mid": "4748537717325827", "mblogid": "LkmGDuJMv", "uid": 2490186025, "name": "奈何怎此去经年", "data": {"visible_type": 0, "visible_list_id": 0, "time": "2022-03-19 01:04:37", "profile_image_url": "https://tvax4.sinaimg.cn/crop.0.0.512.512.50/946d3929ly8gpej9kiq6wj20e80e80ta.jpg?KID=imgbed,tva&Expires=1647836588&ssig=bIcoRpStJs", "profile_url": "/u/2490186025", "verified": false, "verified_type": -1, "domain": "", "weihao": "", "verified_type_ext": null, "avatar_large": "https://tvax4.sinaimg.cn/crop.0.0.512.512.180/946d3929ly8gpej9kiq6wj20e80e80ta.jpg?KID=imgbed,tva&Expires=1647836588&ssig=HMqeC7H4No", "avatar_hd": "https://tvax4.sinaimg.cn/crop.0.0.512.512.1024/946d3929ly8gpej9kiq6wj20e80e80ta.jpg?KID=imgbed,tva&Expires=1647836588&ssig=x2iUi4x5A3", "follow_me": false, "following": false, "mbrank": 0, "mbtype": 0, "planet_video": true, "icon_list": [], "can_edit": false, "textLength": null, "source": "iPhone客户端", "favorited": false, "cardid": null, "pic_ids": [], "geo": null, "pic_num": 0, "is_paid": false, "mblog_vip_type": 0, "comments_count": 0, "attitudes_count": 0, "attitudes_status": 0, "isLongText": false, "mlevel": 0, "content_auth": 0, "is_show_bulletin": 2, "mblogtype": 0, "showFeedRepost": false, "showFeedComment": false, "pictureViewerSign": false, "showPictureViewer": false, "repost_type": 2, "share_repost_type": 0, "text": "快转微博"}, "pid": "4748307430117795"}, {"mid": "4748537814582915", "mblogid": "LkmGNjedZ", "uid": 1708268984, "name": "j318j", "data": {"visible_type": 0, "visible_list_id": 0, "time": "2022-03-19 01:05:01", "profile_image_url": "https://tva2.sinaimg.cn/crop.0.0.180.180.50/65d21db8jw1e8qgp5bmzyj2050050aa8.jpg?KID=imgbed,tva&Expires=1647836588&ssig=IrjB44hN8G", "profile_url": "/u/1708268984", "verified": false, "verified_type": 220, "domain": "", "weihao": "", "verified_type_ext": null, "avatar_large": "https://tva2.sinaimg.cn/crop.0.0.180.180.180/65d21db8jw1e8qgp5bmzyj2050050aa8.jpg?KID=imgbed,tva&Expires=1647836588&ssig=NxxKT%2Flwa8", "avatar_hd": "https://tva2.sinaimg.cn/crop.0.0.180.180.1024/65d21db8jw1e8qgp5bmzyj2050050aa8.jpg?KID=imgbed,tva&Expires=1647836588&ssig=3beKsuH1UL", "follow_me": false, "following": false, "mbrank": 7, "mbtype": 12, "planet_video": false, "icon_list": [{"type": "vip", "data": {"mbrank": 7, "mbtype": 12}}], "can_edit": false, "textLength": null, "source": "iPad mini", "favorited": false, "cardid": null, "pic_ids": [], "geo": null, "pic_num": 0, "is_paid": false, "mblog_vip_type": 0, "comments_count": 0, "attitudes_count": 0, "attitudes_status": 0, "isLongText": false, "mlevel": 0, "content_auth": 0, "is_show_bulletin": 2, "mblogtype": 0, "showFeedRepost": false, "showFeedComment": false, "pictureViewerSign": false, "showPictureViewer": false, "repost_type": 2, "share_repost_type": 0, "text": "快转微博"}, "pid": "4748307430117795"}, {"mid": "4748538456049735", "mblogid": "LkmHPpnOn", "uid": 2709454241, "name": "liangcst", "data": {"visible_type": 0, "visible_list_id": 0, "time": "2022-03-19 01:07:34", "profile_image_url": "https://tvax1.sinaimg.cn/default/images/default_avatar_male_50.gif?KID=imgbed,tva&Expires=1647836588&ssig=ltHTKzZH%2Fl", "profile_url": "/u/2709454241", "verified": false, "verified_type": -1, "domain": "", "weihao": "", "verified_type_ext": null, "avatar_large": "https://tvax1.sinaimg.cn/default/images/default_avatar_male_180.gif?KID=imgbed,tva&Expires=1647836588&ssig=q643GCQphz", "avatar_hd": "https://tvax1.sinaimg.cn/default/images/default_avatar_male_180.gif?KID=imgbed,tva&Expires=1647836588&ssig=q643GCQphz", "follow_me": false, "following": false, "mbrank": 0, "mbtype": 0, "planet_video": false, "icon_list": [], "can_edit": false, "textLength": null, "source": "iPhone客户端", "favorited": false, "cardid": null, "pic_ids": [], "geo": null, "pic_num": 0, "is_paid": false, "mblog_vip_type": 0, "comments_count": 0, "attitudes_count": 0, "attitudes_status": 0, "isLongText": false, "mlevel": 0, "content_auth": 0, "is_show_bulletin": 2, "mblogtype": 0, "showFeedRepost": false, "showFeedComment": false, "pictureViewerSign": false, "showPictureViewer": false, "repost_type": 2, "share_repost_type": 0, "text": "快转微博"}, "pid": "4748307430117795"}, {"mid": "4748559213396831", "mblogid": "LknfjefFB", "uid": 1671608602, "name": "间歇性持续性出没", "data": {"visible_type": 0, "visible_list_id": 0, "time": "2022-03-19 02:30:03", "profile_image_url": "https://tvax3.sinaimg.cn/crop.0.0.1006.1006.50/63a2b91aly8fjz02m5j77j20ry0ry76f.jpg?KID=imgbed,tva&Expires=1647836588&ssig=ujkk9xX5SM", "profile_url": "/u/1671608602", "verified": false, "verified_type": -1, "domain": "", "weihao": "", "verified_type_ext": null, "avatar_large": "https://tvax3.sinaimg.cn/crop.0.0.1006.1006.180/63a2b91aly8fjz02m5j77j20ry0ry76f.jpg?KID=imgbed,tva&Expires=1647836588&ssig=IqDjdhVak1", "avatar_hd": "https://tvax3.sinaimg.cn/crop.0.0.1006.1006.1024/63a2b91aly8fjz02m5j77j20ry0ry76f.jpg?KID=imgbed,tva&Expires=1647836588&ssig=jYNBQWj1Bi", "follow_me": false, "following": false, "mbrank": 0, "mbtype": 0, "planet_video": false, "icon_list": [], "can_edit": false, "textLength": null, "source": "Redmi K40", "favorited": false, "cardid": null, "pic_ids": [], "geo": null, "pic_num": 0, "is_paid": false, "mblog_vip_type": 0, "comments_count": 0, "attitudes_count": 0, "attitudes_status": 0, "isLongText": false, "mlevel": 0, "content_auth": 0, "is_show_bulletin": 2, "mblogtype": 0, "showFeedRepost": false, "showFeedComment": false, "pictureViewerSign": false, "showPictureViewer": false, "repost_type": 2, "share_repost_type": 0, "text": "快转微博"}, "pid": "4748307430117795"}, {"mid": "4748611910369634", "mblogid": "LkoCj1y9Q", "uid": 1898286353, "name": "糖醋酱麻油拌西瓜皮", "data": {"visible_type": 0, "visible_list_id": 0, "time": "2022-03-19 05:59:27", "profile_image_url": "https://tvax4.sinaimg.cn/crop.0.0.1080.1080.50/0024t0ZPly8gvp22xn7vnj60u00u0dhf02.jpg?KID=imgbed,tva&Expires=1647836587&ssig=gZiLn5OjCr", "profile_url": "/u/1898286353", "verified": true, "verified_type": 0, "domain": "7475jyp", "weihao": "337188853", "verified_type_ext": 0, "avatar_large": "https://tvax4.sinaimg.cn/crop.0.0.1080.1080.180/0024t0ZPly8gvp22xn7vnj60u00u0dhf02.jpg?KID=imgbed,tva&Expires=1647836587&ssig=hBy8ca7LqY", "avatar_hd": "https://tvax4.sinaimg.cn/crop.0.0.1080.1080.1024/0024t0ZPly8gvp22xn7vnj60u00u0dhf02.jpg?KID=imgbed,tva&Expires=1647836587&ssig=BloSgS36bf", "follow_me": false, "following": false, "mbrank": 7, "mbtype": 12, "planet_video": false, "icon_list": [{"type": "vip", "data": {"mbrank": 7, "mbtype": 12}}], "can_edit": false, "textLength": null, "source": "虎年行大运iPhone客户端", "favorited": false, "cardid": "star_112478122437", "pic_ids": [], "geo": null, "pic_num": 0, "is_paid": false, "mblog_vip_type": 0, "comments_count": 0, "attitudes_count": 1, "attitudes_status": 0, "isLongText": false, "mlevel": 0, "content_auth": 0, "is_show_bulletin": 2, "mblogtype": 0, "showFeedRepost": false, "showFeedComment": false, "pictureViewerSign": false, "showPictureViewer": false, "repost_type": 1, "share_repost_type": 0, "text": "求片名"}, "pid": "4748307430117795"}, {"mid": "4748622908097504", "mblogid": "LkoU2xYwU", "uid": 6519631993, "name": "KDS上海绝世宝贝", "data": {"visible_type": 0, "visible_list_id": 0, "time": "2022-03-19 06:43:09", "profile_image_url": "https://tvax4.sinaimg.cn/crop.0.0.996.996.50/0077dI6Jly8fs89dc3z6fj30ro0ro763.jpg?KID=imgbed,tva&Expires=1647836587&ssig=UYkK71W1Li", "profile_url": "/u/6519631993", "verified": false, "verified_type": -1, "domain": "", "weihao": "", "verified_type_ext": null, "avatar_large": "https://tvax4.sinaimg.cn/crop.0.0.996.996.180/0077dI6Jly8fs89dc3z6fj30ro0ro763.jpg?KID=imgbed,tva&Expires=1647836587&ssig=jGNZM6Eg0Z", "avatar_hd": "https://tvax4.sinaimg.cn/crop.0.0.996.996.1024/0077dI6Jly8fs89dc3z6fj30ro0ro763.jpg?KID=imgbed,tva&Expires=1647836587&ssig=wM60UMVoTj", "follow_me": false, "following": false, "mbrank": 0, "mbtype": 0, "planet_video": true, "icon_list": [{"type": "icon", "data": {"value": "1", "icon_img": "http://n.sinaimg.cn/www/ea31a93f/20220213/feed_icon_BingDwenDwenShueyRhonRhon@2x.png", "title": "微博实现一墩一融", "url": "https://s.weibo.com/weibo?q=%23为中国冬奥健儿加油%23"}}, {"type": "icon", "data": {"value": "1", "icon_img": "https://h5.sinaimg.cn/upload/106/1683/2022/03/18/feed_icon_chuntian_default.png", "title": "你好春天", "url": "https://s.weibo.com/weibo/%23%E4%BD%A0%E5%A5%BD%E6%98%A5%E5%A4%A9%23"}}], "can_edit": false, "textLength": null, "source": "iPhone客户端", "favorited": false, "cardid": "star_11247_common", "pic_ids": [], "geo": null, "pic_num": 0, "is_paid": false, "mblog_vip_type": 0, "comments_count": 0, "attitudes_count": 0, "attitudes_status": 0, "isLongText": false, "mlevel": 0, "content_auth": 0, "is_show_bulletin": 2, "mblogtype": 0, "showFeedRepost": false, "showFeedComment": false, "pictureViewerSign": false, "showPictureViewer": false, "repost_type": 1, "share_repost_type": 0, "text": "//@糖醋酱麻油拌西瓜皮:求片名"}, "pid": "4748307430117795"}, {"mid": "4748632643601139", "mblogid": "Lkp9Kf6OT", "uid": 3284449891, "name": "shares一beyond", "data": {"visible_type": 0, "visible_list_id": 0, "time": "2022-03-19 07:21:50", "profile_image_url": "https://tvax1.sinaimg.cn/default/images/default_avatar_male_50.gif?KID=imgbed,tva&Expires=1647836587&ssig=qvC5EmNppB", "profile_url": "/u/3284449891", "verified": false, "verified_type": -1, "domain": "", "weihao": "", "verified_type_ext": null, "avatar_large": "https://tvax1.sinaimg.cn/default/images/default_avatar_male_180.gif?KID=imgbed,tva&Expires=1647836587&ssig=hVg2Pg9J%2Fq", "avatar_hd": "https://tvax1.sinaimg.cn/default/images/default_avatar_male_180.gif?KID=imgbed,tva&Expires=1647836587&ssig=hVg2Pg9J%2Fq", "follow_me": false, "following": false, "mbrank": 0, "mbtype": 0, "planet_video": true, "icon_list": [], "can_edit": false, "textLength": null, "source": "iPhone客户端", "favorited": false, "cardid": null, "pic_ids": [], "geo": null, "pic_num": 0, "is_paid": false, "mblog_vip_type": 0, "comments_count": 0, "attitudes_count": 0, "attitudes_status": 0, "isLongText": false, "mlevel": 0, "content_auth": 0, "is_show_bulletin": 2, "mblogtype": 0, "showFeedRepost": false, "showFeedComment": false, "pictureViewerSign": false, "showPictureViewer": false, "repost_type": 2, "share_repost_type": 0, "text": "快转微博"}, "pid": "4748307430117795"}, {"mid": "4748659616909202", "mblogid": "LkpRfsZoK", "uid": 6031537785, "name": "小玉儿的郭蜀黍", "data": {"visible_type": 0, "visible_list_id": 0, "time": "2022-03-19 09:09:01", "profile_image_url": "https://tva4.sinaimg.cn/crop.5.0.1231.1231.50/006AbIvvjw8f8659gxcm2j30yi0y7q4o.jpg?KID=imgbed,tva&Expires=1647836587&ssig=ZXjcSBOD9w", "profile_url": "/u/6031537785", "verified": false, "verified_type": -1, "domain": "", "weihao": "", "verified_type_ext": null, "avatar_large": "https://tva4.sinaimg.cn/crop.5.0.1231.1231.180/006AbIvvjw8f8659gxcm2j30yi0y7q4o.jpg?KID=imgbed,tva&Expires=1647836587&ssig=MALMJDqKl9", "avatar_hd": "https://tva4.sinaimg.cn/crop.5.0.1231.1231.1024/006AbIvvjw8f8659gxcm2j30yi0y7q4o.jpg?KID=imgbed,tva&Expires=1647836587&ssig=Fihavsq3yp", "follow_me": false, "following": false, "mbrank": 0, "mbtype": 0, "planet_video": true, "icon_list": [], "can_edit": false, "textLength": null, "source": "iPhone客户端", "favorited": false, "cardid": null, "pic_ids": [], "geo": null, "pic_num": 0, "is_paid": false, "mblog_vip_type": 0, "comments_count": 0, "attitudes_count": 0, "attitudes_status": 0, "isLongText": false, "mlevel": 0, "content_auth": 0, "is_show_bulletin": 2, "mblogtype": 0, "showFeedRepost": false, "showFeedComment": false, "pictureViewerSign": false, "showPictureViewer": false, "repost_type": 2, "share_repost_type": 0, "text": "快转微博"}, "pid": "4748307430117795"}, {"mid": "4748670182362917", "mblogid": "Lkq8i9UHz", "uid": 2265734112, "name": "纤默尘", "data": {"visible_type": 0, "visible_list_id": 0, "time": "2022-03-19 09:51:00", "profile_image_url": "https://tva3.sinaimg.cn/crop.215.83.682.682.50/870c5be0gw1excd8ejzj1j20sg0lcdna.jpg?KID=imgbed,tva&Expires=1647836587&ssig=LTB2NGNmPG", "profile_url": "/u/2265734112", "verified": false, "verified_type": -1, "domain": "", "weihao": "", "verified_type_ext": null, "avatar_large": "https://tva3.sinaimg.cn/crop.215.83.682.682.180/870c5be0gw1excd8ejzj1j20sg0lcdna.jpg?KID=imgbed,tva&Expires=1647836587&ssig=C1ryyvqboJ", "avatar_hd": "https://tva3.sinaimg.cn/crop.215.83.682.682.1024/870c5be0gw1excd8ejzj1j20sg0lcdna.jpg?KID=imgbed,tva&Expires=1647836587&ssig=ga9qgzspHA", "follow_me": false, "following": false, "mbrank": 0, "mbtype": 0, "planet_video": true, "icon_list": [{"type": "icon", "data": {"value": "1", "icon_img": "http://n.sinaimg.cn/www/ea31a93f/20220213/feed_icon_BingDwenDwenShueyRhonRhon@2x.png", "title": "微博实现一墩一融", "url": "https://s.weibo.com/weibo?q=%23为中国冬奥健儿加油%23"}}], "can_edit": false, "textLength": null, "source": "Redmi K30 Pro 真旗舰", "favorited": false, "cardid": null, "pic_ids": [], "geo": null, "pic_num": 0, "is_paid": false, "mblog_vip_type": 0, "comments_count": 0, "attitudes_count": 0, "attitudes_status": 0, "isLongText": false, "mlevel": 0, "content_auth": 0, "is_show_bulletin": 2, "mblogtype": 0, "showFeedRepost": false, "showFeedComment": false, "pictureViewerSign": false, "showPictureViewer": false, "repost_type": 2, "share_repost_type": 0, "text": "快转微博"}, "pid": "4748307430117795"}, {"mid": "4748722351379145", "mblogid": "Lkrur5MMh", "uid": 2060785701, "name": "mllantian", "data": {"visible_type": 0, "visible_list_id": 0, "time": "2022-03-19 13:18:18", "profile_image_url": "https://tva3.sinaimg.cn/crop.0.0.180.180.50/7ad51825jw1e8qgp5bmzyj2050050aa8.jpg?KID=imgbed,tva&Expires=1647836587&ssig=jrA8Ki7aGz", "profile_url": "/u/2060785701", "verified": false, "verified_type": -1, "domain": "", "weihao": "", "verified_type_ext": null, "avatar_large": "https://tva3.sinaimg.cn/crop.0.0.180.180.180/7ad51825jw1e8qgp5bmzyj2050050aa8.jpg?KID=imgbed,tva&Expires=1647836587&ssig=ar%2BEknxtnE", "avatar_hd": "https://tva3.sinaimg.cn/crop.0.0.180.180.1024/7ad51825jw1e8qgp5bmzyj2050050aa8.jpg?KID=imgbed,tva&Expires=1647836587&ssig=D03FITJSXx", "follow_me": false, "following": false, "mbrank": 0, "mbtype": 0, "planet_video": true, "icon_list": [], "can_edit": false, "textLength": null, "source": "小米11", "favorited": false, "cardid": null, "pic_ids": [], "geo": null, "pic_num": 0, "is_paid": false, "mblog_vip_type": 0, "comments_count": 0, "attitudes_count": 0, "attitudes_status": 0, "isLongText": false, "mlevel": 0, "content_auth": 0, "is_show_bulletin": 2, "mblogtype": 0, "showFeedRepost": false, "showFeedComment": false, "pictureViewerSign": false, "showPictureViewer": false, "repost_type": 2, "share_repost_type": 0, "text": "快转微博"}, "pid": "4748307430117795"}, {"mid": "4748722657298766", "mblogid": "LkruVuCK2", "uid": 2060785701, "name": "mllantian", "data": {"visible_type": 0, "visible_list_id": 0, "time": "2022-03-19 13:19:31", "profile_image_url": "https://tva3.sinaimg.cn/crop.0.0.180.180.50/7ad51825jw1e8qgp5bmzyj2050050aa8.jpg?KID=imgbed,tva&Expires=1647836587&ssig=jrA8Ki7aGz", "profile_url": "/u/2060785701", "verified": false, "verified_type": -1, "domain": "", "weihao": "", "verified_type_ext": null, "avatar_large": "https://tva3.sinaimg.cn/crop.0.0.180.180.180/7ad51825jw1e8qgp5bmzyj2050050aa8.jpg?KID=imgbed,tva&Expires=1647836587&ssig=ar%2BEknxtnE", "avatar_hd": "https://tva3.sinaimg.cn/crop.0.0.180.180.1024/7ad51825jw1e8qgp5bmzyj2050050aa8.jpg?KID=imgbed,tva&Expires=1647836587&ssig=D03FITJSXx", "follow_me": false, "following": false, "mbrank": 0, "mbtype": 0, "planet_video": true, "icon_list": [], "can_edit": false, "textLength": null, "source": "小米11", "favorited": false, "cardid": null, "pic_ids": [], "geo": null, "pic_num": 0, "is_paid": false, "mblog_vip_type": 0, "comments_count": 0, "attitudes_count": 0, "attitudes_status": 0, "isLongText": false, "mlevel": 0, "content_auth": 0, "is_show_bulletin": 2, "mblogtype": 0, "showFeedRepost": false, "showFeedComment": false, "pictureViewerSign": false, "showPictureViewer": false, "repost_type": 2, "share_repost_type": 0, "text": "快转微博"}, "pid": "4748307430117795"}, {"mid": "4748741297048483", "mblogid": "LkrYZtzDd", "uid": 5269383305, "name": "海钦岛主", "data": {"visible_type": 0, "visible_list_id": 0, "time": "2022-03-19 14:33:35", "profile_image_url": "https://tva4.sinaimg.cn/crop.0.0.852.852.50/005KBNjjjw8ele0iz9e09j30no0nodhy.jpg?KID=imgbed,tva&Expires=1647836587&ssig=zSe46Ei1MA", "profile_url": "/u/5269383305", "verified": false, "verified_type": -1, "domain": "", "weihao": "", "verified_type_ext": null, "avatar_large": "https://tva4.sinaimg.cn/crop.0.0.852.852.180/005KBNjjjw8ele0iz9e09j30no0nodhy.jpg?KID=imgbed,tva&Expires=1647836587&ssig=BuEgoRXEE3", "avatar_hd": "https://tva4.sinaimg.cn/crop.0.0.852.852.1024/005KBNjjjw8ele0iz9e09j30no0nodhy.jpg?KID=imgbed,tva&Expires=1647836587&ssig=WqBrEFocBZ", "follow_me": false, "following": false, "mbrank": 0, "mbtype": 0, "planet_video": true, "icon_list": [], "can_edit": false, "textLength": null, "source": "iPhone客户端", "favorited": false, "cardid": null, "pic_ids": [], "geo": null, "pic_num": 0, "is_paid": false, "mblog_vip_type": 0, "comments_count": 0, "attitudes_count": 0, "attitudes_status": 0, "isLongText": false, "mlevel": 0, "content_auth": 0, "is_show_bulletin": 2, "mblogtype": 0, "showFeedRepost": false, "showFeedComment": false, "pictureViewerSign": false, "showPictureViewer": false, "repost_type": 1, "share_repost_type": 0, "text": "转发微博"}, "pid": "4748307430117795"}, {"mid": "4748742689556659", "mblogid": "Lks1eE67F", "uid": 6141069635, "name": "PashifsutaW", "data": {"visible_type": 0, "visible_list_id": 0, "time": "2022-03-19 14:39:07", "profile_image_url": "https://tvax1.sinaimg.cn/crop.0.0.1080.1080.50/006HBiKfly8g1nhhll5ffj30u00u040a.jpg?KID=imgbed,tva&Expires=1647836587&ssig=TFXD0%2Fmb7y", "profile_url": "/u/6141069635", "verified": false, "verified_type": -1, "domain": "", "weihao": "", "verified_type_ext": null, "avatar_large": "https://tvax1.sinaimg.cn/crop.0.0.1080.1080.180/006HBiKfly8g1nhhll5ffj30u00u040a.jpg?KID=imgbed,tva&Expires=1647836587&ssig=gYz6abCN3c", "avatar_hd": "https://tvax1.sinaimg.cn/crop.0.0.1080.1080.1024/006HBiKfly8g1nhhll5ffj30u00u040a.jpg?KID=imgbed,tva&Expires=1647836587&ssig=qCzPyeOUv9", "follow_me": false, "following": false, "mbrank": 1, "mbtype": 2, "planet_video": false, "icon_list": [], "can_edit": false, "textLength": null, "source": "iPhone客户端", "favorited": false, "cardid": null, "pic_ids": [], "geo": null, "pic_num": 0, "is_paid": false, "mblog_vip_type": 0, "comments_count": 0, "attitudes_count": 0, "attitudes_status": 0, "isLongText": false, "mlevel": 0, "content_auth": 0, "is_show_bulletin": 2, "mblogtype": 0, "showFeedRepost": false, "showFeedComment": false, "pictureViewerSign": false, "showPictureViewer": false, "repost_type": 2, "share_repost_type": 0, "text": "快转微博"}, "pid": "4748307430117795"}, {"mid": "4748744879246515", "mblogid": "Lks4LCNrl", "uid": 3835547303, "name": "simonooy", "data": {"visible_type": 0, "visible_list_id": 0, "time": "2022-03-19 14:47:49", "profile_image_url": "https://tvax4.sinaimg.cn/crop.0.0.1080.1080.50/e49dcea7ly8grpow11eb6j20u00u0wh5.jpg?KID=imgbed,tva&Expires=1647836587&ssig=gEXkNeHVuM", "profile_url": "/u/3835547303", "verified": false, "verified_type": -1, "domain": "", "weihao": "", "verified_type_ext": null, "avatar_large": "https://tvax4.sinaimg.cn/crop.0.0.1080.1080.180/e49dcea7ly8grpow11eb6j20u00u0wh5.jpg?KID=imgbed,tva&Expires=1647836587&ssig=BldItykyrh", "avatar_hd": "https://tvax4.sinaimg.cn/crop.0.0.1080.1080.1024/e49dcea7ly8grpow11eb6j20u00u0wh5.jpg?KID=imgbed,tva&Expires=1647836587&ssig=BjEcBl9Rtz", "follow_me": false, "following": false, "mbrank": 0, "mbtype": 0, "planet_video": true, "icon_list": [], "can_edit": false, "textLength": null, "source": "iPhone客户端", "favorited": false, "cardid": null, "pic_ids": [], "geo": null, "pic_num": 0, "is_paid": false, "mblog_vip_type": 0, "comments_count": 0, "attitudes_count": 0, "attitudes_status": 0, "isLongText": false, "mlevel": 0, "content_auth": 0, "is_show_bulletin": 2, "mblogtype": 0, "showFeedRepost": false, "showFeedComment": false, "pictureViewerSign": false, "showPictureViewer": false, "repost_type": 2, "share_repost_type": 0, "text": "快转微博"}, "pid": "4748307430117795"}, {"mid": "4748757264763465", "mblogid": "LksoKjZc5", "uid": 7440349763, "name": "我是蜡笔小新的爸b", "data": {"visible_type": 0, "visible_list_id": 0, "time": "2022-03-19 15:37:02", "profile_image_url": "https://tvax1.sinaimg.cn/crop.0.0.132.132.50/0087wWRlly4ge1tmnt2i2j303o03oq2q.jpg?KID=imgbed,tva&Expires=1647836587&ssig=XqeHegDMKj", "profile_url": "/u/7440349763", "verified": false, "verified_type": -1, "domain": "", "weihao": "", "verified_type_ext": null, "avatar_large": "https://tvax1.sinaimg.cn/crop.0.0.132.132.180/0087wWRlly4ge1tmnt2i2j303o03oq2q.jpg?KID=imgbed,tva&Expires=1647836587&ssig=aNnFdUfLWQ", "avatar_hd": "https://tvax1.sinaimg.cn/crop.0.0.132.132.1024/0087wWRlly4ge1tmnt2i2j303o03oq2q.jpg?KID=imgbed,tva&Expires=1647836587&ssig=0UreO%2BUWyD", "follow_me": false, "following": false, "mbrank": 0, "mbtype": 0, "planet_video": true, "icon_list": [], "can_edit": false, "textLength": null, "source": "iPhone客户端", "favorited": false, "cardid": null, "pic_ids": [], "geo": null, "pic_num": 0, "is_paid": false, "mblog_vip_type": 0, "comments_count": 0, "attitudes_count": 0, "attitudes_status": 0, "isLongText": false, "mlevel": 0, "content_auth": 0, "is_show_bulletin": 2, "mblogtype": 0, "showFeedRepost": false, "showFeedComment": false, "pictureViewerSign": false, "showPictureViewer": false, "repost_type": 1, "share_repost_type": 0, "text": "转发微博"}, "pid": "4748307430117795"}, {"mid": "4748858405688466", "mblogid": "Lkv1SnRPs", "uid": 2935950637, "name": "SQYLN", "data": {"visible_type": 0, "visible_list_id": 0, "time": "2022-03-19 22:18:56", "profile_image_url": "https://tvax3.sinaimg.cn/crop.0.0.996.996.50/aeff0d2dly8fgyvllzi73j20ro0ro437.jpg?KID=imgbed,tva&Expires=1647836587&ssig=ITwsyOxaZl", "profile_url": "/u/2935950637", "verified": false, "verified_type": -1, "domain": "", "weihao": "", "verified_type_ext": null, "avatar_large": "https://tvax3.sinaimg.cn/crop.0.0.996.996.180/aeff0d2dly8fgyvllzi73j20ro0ro437.jpg?KID=imgbed,tva&Expires=1647836587&ssig=qwAfxVS4v6", "avatar_hd": "https://tvax3.sinaimg.cn/crop.0.0.996.996.1024/aeff0d2dly8fgyvllzi73j20ro0ro437.jpg?KID=imgbed,tva&Expires=1647836587&ssig=SIG%2FzVP3TG", "follow_me": false, "following": false, "mbrank": 0, "mbtype": 0, "planet_video": true, "icon_list": [], "can_edit": false, "textLength": null, "source": "Note 9", "favorited": false, "cardid": null, "pic_ids": [], "geo": null, "pic_num": 0, "is_paid": false, "mblog_vip_type": 0, "comments_count": 0, "attitudes_count": 0, "attitudes_status": 0, "isLongText": false, "mlevel": 0, "content_auth": 0, "is_show_bulletin": 2, "mblogtype": 0, "showFeedRepost": false, "showFeedComment": false, "pictureViewerSign": false, "showPictureViewer": false, "repost_type": 2, "share_repost_type": 0, "text": "快转微博"}, "pid": "4748307430117795"}, {"mid": "4748866564134842", "mblogid": "Lkvf2hlF0", "uid": 2367988563, "name": "incle_incle", "data": {"visible_type": 0, "visible_list_id": 0, "time": "2022-03-19 22:51:21", "profile_image_url": "https://tvax4.sinaimg.cn/crop.0.0.400.400.50/8d24a353ly8gsph240pgij20b70b4t9h.jpg?KID=imgbed,tva&Expires=1647836587&ssig=eTlsljEViU", "profile_url": "/u/2367988563", "verified": false, "verified_type": -1, "domain": "", "weihao": "", "verified_type_ext": null, "avatar_large": "https://tvax4.sinaimg.cn/crop.0.0.400.400.180/8d24a353ly8gsph240pgij20b70b4t9h.jpg?KID=imgbed,tva&Expires=1647836587&ssig=S7vNYSlRPr", "avatar_hd": "https://tvax4.sinaimg.cn/crop.0.0.400.400.1024/8d24a353ly8gsph240pgij20b70b4t9h.jpg?KID=imgbed,tva&Expires=1647836587&ssig=cPt3ReMYDm", "follow_me": false, "following": false, "mbrank": 0, "mbtype": 0, "planet_video": false, "icon_list": [], "can_edit": false, "textLength": null, "source": "荣耀10 AI变色更潮美", "favorited": false, "cardid": null, "pic_ids": [], "geo": null, "pic_num": 0, "is_paid": false, "mblog_vip_type": 0, "comments_count": 0, "attitudes_count": 0, "attitudes_status": 0, "isLongText": false, "mlevel": 0, "content_auth": 0, "is_show_bulletin": 2, "mblogtype": 0, "showFeedRepost": false, "showFeedComment": false, "pictureViewerSign": false, "showPictureViewer": false, "repost_type": 2, "share_repost_type": 0, "text": "快转微博"}, "pid": "4748307430117795"}, {"mid": "4748872016463570", "mblogid": "LkvnPr7t8", "uid": 3243348553, "name": "大卫六角星1", "data": {"visible_type": 0, "visible_list_id": 0, "time": "2022-03-19 23:13:00", "profile_image_url": "https://tvax1.sinaimg.cn/crop.0.0.996.996.50/c1519249ly8fqxgt7b0nqj20ro0rodh5.jpg?KID=imgbed,tva&Expires=1647836587&ssig=em%2BOaUJG2L", "profile_url": "/u/3243348553", "verified": false, "verified_type": -1, "domain": "", "weihao": "", "verified_type_ext": null, "avatar_large": "https://tvax1.sinaimg.cn/crop.0.0.996.996.180/c1519249ly8fqxgt7b0nqj20ro0rodh5.jpg?KID=imgbed,tva&Expires=1647836587&ssig=vqqTSQS24j", "avatar_hd": "https://tvax1.sinaimg.cn/crop.0.0.996.996.1024/c1519249ly8fqxgt7b0nqj20ro0rodh5.jpg?KID=imgbed,tva&Expires=1647836587&ssig=Ypgj1ZlKT7", "follow_me": false, "following": false, "mbrank": 0, "mbtype": 0, "planet_video": true, "icon_list": [], "can_edit": false, "textLength": null, "source": "HUAWEI P40 5G", "favorited": false, "cardid": null, "pic_ids": [], "geo": null, "pic_num": 0, "is_paid": false, "mblog_vip_type": 0, "comments_count": 0, "attitudes_count": 0, "attitudes_status": 0, "isLongText": false, "mlevel": 0, "content_auth": 0, "is_show_bulletin": 2, "mblogtype": 0, "showFeedRepost": false, "showFeedComment": false, "pictureViewerSign": false, "showPictureViewer": false, "repost_type": 2, "share_repost_type": 0, "text": "快转微博"}, "pid": "4748307430117795"}, {"mid": "4749056519179793", "mblogid": "LkAbpCw5b", "uid": 5056304078, "name": "墨轩吴", "data": {"visible_type": 0, "visible_list_id": 0, "time": "2022-03-20 11:26:10", "profile_image_url": "https://tva2.sinaimg.cn/crop.0.162.972.972.50/005wbJFAjw8evcwbhlm72j30r0100165.jpg?KID=imgbed,tva&Expires=1647836587&ssig=ieHXLdiRSb", "profile_url": "/u/5056304078", "verified": false, "verified_type": -1, "domain": "", "weihao": "", "verified_type_ext": null, "avatar_large": "https://tva2.sinaimg.cn/crop.0.162.972.972.180/005wbJFAjw8evcwbhlm72j30r0100165.jpg?KID=imgbed,tva&Expires=1647836587&ssig=y0aIH%2FXT%2Fn", "avatar_hd": "https://tva2.sinaimg.cn/crop.0.162.972.972.1024/005wbJFAjw8evcwbhlm72j30r0100165.jpg?KID=imgbed,tva&Expires=1647836587&ssig=Px8VjAycQn", "follow_me": false, "following": false, "mbrank": 0, "mbtype": 0, "planet_video": false, "icon_list": [], "can_edit": false, "textLength": null, "source": "小米CC9 Pro 一亿像素", "favorited": false, "cardid": null, "pic_ids": [], "geo": null, "pic_num": 0, "is_paid": false, "mblog_vip_type": 0, "comments_count": 0, "attitudes_count": 0, "attitudes_status": 0, "isLongText": false, "mlevel": 0, "content_auth": 0, "is_show_bulletin": 2, "mblogtype": 0, "showFeedRepost": false, "showFeedComment": false, "pictureViewerSign": false, "showPictureViewer": false, "repost_type": 2, "share_repost_type": 0, "text": "快转微博"}, "pid": "4748307430117795"}, {"mid": "4749063204898087", "mblogid": "LkAmckydp", "uid": 6008637000, "name": "猪猪侠20200304", "data": {"visible_type": 0, "visible_list_id": 0, "time": "2022-03-20 11:52:43", "profile_image_url": "https://tvax1.sinaimg.cn/default/images/default_avatar_male_50.gif?KID=imgbed,tva&Expires=1647836587&ssig=qvC5EmNppB", "profile_url": "/u/6008637000", "verified": false, "verified_type": -1, "domain": "", "weihao": "", "verified_type_ext": null, "avatar_large": "https://tvax1.sinaimg.cn/default/images/default_avatar_male_180.gif?KID=imgbed,tva&Expires=1647836587&ssig=hVg2Pg9J%2Fq", "avatar_hd": "https://tvax1.sinaimg.cn/default/images/default_avatar_male_180.gif?KID=imgbed,tva&Expires=1647836587&ssig=hVg2Pg9J%2Fq", "follow_me": false, "following": false, "mbrank": 0, "mbtype": 0, "planet_video": false, "icon_list": [], "can_edit": false, "textLength": null, "source": "iPhone客户端", "favorited": false, "cardid": null, "pic_ids": [], "geo": null, "pic_num": 0, "is_paid": false, "mblog_vip_type": 0, "comments_count": 0, "attitudes_count": 0, "attitudes_status": 0, "isLongText": false, "mlevel": 0, "content_auth": 0, "is_show_bulletin": 2, "mblogtype": 0, "showFeedRepost": false, "showFeedComment": false, "pictureViewerSign": false, "showPictureViewer": false, "repost_type": 2, "share_repost_type": 0, "text": "快转微博"}, "pid": "4748307430117795"}, {"mid": "4749097079411454", "mblogid": "LkBePDulE", "uid": 1847967942, "name": "海棠叶mg", "data": {"visible_type": 0, "visible_list_id": 0, "time": "2022-03-20 14:07:20", "profile_image_url": "https://tva4.sinaimg.cn/crop.204.76.614.614.50/6e25c0c6tw1eeptvqd73qj20sg0lcai5.jpg?KID=imgbed,tva&Expires=1647836587&ssig=yH58h9dMAe", "profile_url": "/u/1847967942", "verified": false, "verified_type": -1, "domain": "", "weihao": "", "verified_type_ext": null, "avatar_large": "https://tva4.sinaimg.cn/crop.204.76.614.614.180/6e25c0c6tw1eeptvqd73qj20sg0lcai5.jpg?KID=imgbed,tva&Expires=1647836587&ssig=MCAlYdHiAf", "avatar_hd": "https://tva4.sinaimg.cn/crop.204.76.614.614.1024/6e25c0c6tw1eeptvqd73qj20sg0lcai5.jpg?KID=imgbed,tva&Expires=1647836587&ssig=pCgLSBsUhq", "follow_me": false, "following": false, "mbrank": 0, "mbtype": 0, "planet_video": true, "icon_list": [], "can_edit": false, "textLength": null, "source": "HUAWEI P40 5G", "favorited": false, "cardid": null, "pic_ids": [], "geo": null, "pic_num": 0, "is_paid": false, "mblog_vip_type": 0, "comments_count": 0, "attitudes_count": 0, "attitudes_status": 0, "isLongText": false, "mlevel": 0, "content_auth": 0, "is_show_bulletin": 2, "mblogtype": 0, "showFeedRepost": false, "showFeedComment": false, "pictureViewerSign": false, "showPictureViewer": false, "repost_type": 2, "share_repost_type": 0, "text": "快转微博"}, "pid": "4748307430117795"}]}