{"mid": "4749380492200171", "mblogid": "LkIBX9emD", "uid": 7595138756, "name": "天天炒家2022", "data": {"visible_type": 0, "visible_list_id": 0, "time": "2022-03-21 08:53:31", "profile_image_url": "https://tvax1.sinaimg.cn/crop.0.0.1080.1080.50/008i0qy0ly8gyo0idhjugj30u00u0775.jpg?KID=imgbed,tva&Expires=1647852637&ssig=piY9VkTjqd", "profile_url": "/u/7595138756", "verified": true, "verified_type": 0, "domain": "", "weihao": "", "verified_type_ext": 0, "avatar_large": "https://tvax1.sinaimg.cn/crop.0.0.1080.1080.180/008i0qy0ly8gyo0idhjugj30u00u0775.jpg?KID=imgbed,tva&Expires=1647852637&ssig=Z689edZi32", "avatar_hd": "https://tvax1.sinaimg.cn/crop.0.0.1080.1080.1024/008i0qy0ly8gyo0idhjugj30u00u0775.jpg?KID=imgbed,tva&Expires=1647852637&ssig=A9zul3JrE0", "follow_me": false, "following": false, "mbrank": 4, "mbtype": 12, "planet_video": true, "icon_list": [{"type": "vip", "data": {"mbrank": 4, "mbtype": 12}}], "can_edit": false, "textLength": 684, "source": "", "favorited": false, "cardid": null, "pic_ids": [], "geo": null, "pic_num": 0, "is_paid": false, "mblog_vip_type": 0, "comments_count": 0, "attitudes_count": 521, "attitudes_status": 0, "isLongText": true, "mlevel": 0, "content_auth": 0, "is_show_bulletin": 2, "mblogtype": 0, "showFeedRepost": false, "showFeedComment": false, "pictureViewerSign": false, "showPictureViewer": false, "repost_type": null, "share_repost_type": 0, "text": "3.21小跟班早盘策略\n⚡指数 震荡上涨预期。周末消息面偏暖，前半周震荡上涨，后半周有调整预期\n⚡情绪 弱分歧预期。周五核心龙头浙江建投、中国医药震荡晋级，但跟风的北化股份、美利云已经开始杀跌停，本周前半周弱分歧，后半周有退潮预期，具体看新题材表现如何\n\n⚡周五新题材太多，市场还是偏活跃的 ​​​"}}