{"mid": "4748369195175795", "mblogid": "LkiiPlIsz", "uid": 3485013713, "name": "楼兰情感", "data": {"visible_type": 0, "visible_list_id": 0, "time": "2022-03-18 13:54:59", "profile_image_url": "https://tvax4.sinaimg.cn/crop.0.0.1002.1002.50/cfb916d1ly8gdukjq30hgj20ru0rugog.jpg?KID=imgbed,tva&Expires=1647942265&ssig=ZrKkTq2TjU", "profile_url": "/u/3485013713", "verified": true, "verified_type": 0, "domain": "lyzli", "weihao": "", "verified_type_ext": 1, "avatar_large": "https://tvax4.sinaimg.cn/crop.0.0.1002.1002.180/cfb916d1ly8gdukjq30hgj20ru0rugog.jpg?KID=imgbed,tva&Expires=1647942265&ssig=pKKxRfFlTY", "avatar_hd": "https://tvax4.sinaimg.cn/crop.0.0.1002.1002.1024/cfb916d1ly8gdukjq30hgj20ru0rugog.jpg?KID=imgbed,tva&Expires=1647942265&ssig=ZapkHS1LBD", "follow_me": false, "following": false, "mbrank": 7, "mbtype": 12, "planet_video": false, "icon_list": [{"type": "vip", "data": {"mbrank": 7, "mbtype": 12}}], "can_edit": false, "textLength": 78, "source": "楼兰情感超话", "favorited": false, "cardid": "star_1393", "pic_ids": [], "geo": null, "pic_num": 0, "is_paid": false, "mblog_vip_type": 0, "comments_count": 54, "attitudes_count": 640, "attitudes_status": 0, "isLongText": false, "mlevel": 0, "content_auth": 0, "is_show_bulletin": 3, "mblogtype": 0, "showFeedRepost": false, "showFeedComment": false, "pictureViewerSign": false, "showPictureViewer": false, "repost_type": null, "share_repost_type": 0, "text": "我与你最好的距离 就是深情而不纠缠#成长有态度##剧集二创榜# http://t.cn/A66xixWB ​​​"}, "children": [{"mid": "4748535804723495", "mblogid": "LkmDyjONp", "uid": 6499819571, "name": "是Melanchoy", "data": {"visible_type": 0, "visible_list_id": 0, "time": "2022-03-19 00:57:01", "profile_image_url": "https://tvax4.sinaimg.cn/crop.0.0.996.996.50/0075SzZxly8gvjmhtp2bqj60ro0romyw02.jpg?KID=imgbed,tva&Expires=1647942277&ssig=oVDv%2FZ%2Bmxy", "profile_url": "/u/6499819571", "verified": false, "verified_type": -1, "domain": "", "weihao": "", "verified_type_ext": null, "avatar_large": "https://tvax4.sinaimg.cn/crop.0.0.996.996.180/0075SzZxly8gvjmhtp2bqj60ro0romyw02.jpg?KID=imgbed,tva&Expires=1647942277&ssig=p7LGFG%2BmZ5", "avatar_hd": "https://tvax4.sinaimg.cn/crop.0.0.996.996.1024/0075SzZxly8gvjmhtp2bqj60ro0romyw02.jpg?KID=imgbed,tva&Expires=1647942277&ssig=aIzXNlNN5m", "follow_me": false, "following": false, "mbrank": 0, "mbtype": 0, "planet_video": false, "icon_list": [], "can_edit": false, "textLength": null, "source": "荣耀8X", "favorited": false, "cardid": null, "pic_ids": [], "geo": null, "pic_num": 0, "is_paid": false, "mblog_vip_type": 0, "comments_count": 0, "attitudes_count": 0, "attitudes_status": 0, "isLongText": false, "mlevel": 0, "content_auth": 0, "is_show_bulletin": 2, "mblogtype": 0, "showFeedRepost": false, "showFeedComment": false, "pictureViewerSign": false, "showPictureViewer": false, "repost_type": 2, "share_repost_type": 0, "text": "快转微博"}, "pid": "4748369195175795"}, {"mid": "4748755099713684", "mblogid": "LkslfEKYk", "uid": 5851192806, "name": "wuji520-ya", "data": {"visible_type": 0, "visible_list_id": 0, "time": "2022-03-19 15:28:25", "profile_image_url": "https://tvax1.sinaimg.cn/crop.0.0.1002.1002.50/006nZ0xwly8grzmdb836fj30ru0rudhm.jpg?KID=imgbed,tva&Expires=1647942277&ssig=4SV2VUPGcZ", "profile_url": "/u/5851192806", "verified": false, "verified_type": -1, "domain": "", "weihao": "", "verified_type_ext": null, "avatar_large": "https://tvax1.sinaimg.cn/crop.0.0.1002.1002.180/006nZ0xwly8grzmdb836fj30ru0rudhm.jpg?KID=imgbed,tva&Expires=1647942277&ssig=kvXzT1UU2L", "avatar_hd": "https://tvax1.sinaimg.cn/crop.0.0.1002.1002.1024/006nZ0xwly8grzmdb836fj30ru0rudhm.jpg?KID=imgbed,tva&Expires=1647942277&ssig=YBPvPXV96D", "follow_me": false, "following": false, "mbrank": 0, "mbtype": 0, "planet_video": true, "icon_list": [], "can_edit": false, "textLength": null, "source": "iPhone客户端", "favorited": false, "cardid": null, "pic_ids": [], "geo": null, "pic_num": 0, "is_paid": false, "mblog_vip_type": 0, "comments_count": 0, "attitudes_count": 0, "attitudes_status": 0, "isLongText": false, "mlevel": 0, "content_auth": 0, "is_show_bulletin": 2, "mblogtype": 0, "showFeedRepost": false, "showFeedComment": false, "pictureViewerSign": false, "showPictureViewer": false, "repost_type": 2, "share_repost_type": 0, "text": "快转微博"}, "pid": "4748369195175795"}, {"mid": "4748869961520231", "mblogid": "Lkvkw6ntR", "uid": 7440292989, "name": "永远的盐汽水21", "data": {"visible_type": 0, "visible_list_id": 0, "time": "2022-03-19 23:04:51", "profile_image_url": "https://tvax3.sinaimg.cn/crop.0.0.1080.1080.50/0087wI5Dly8gykh585b1hj30u00u0n04.jpg?KID=imgbed,tva&Expires=1647942276&ssig=zqs1U6Nfw5", "profile_url": "/u/7440292989", "verified": false, "verified_type": -1, "domain": "", "weihao": "", "verified_type_ext": null, "avatar_large": "https://tvax3.sinaimg.cn/crop.0.0.1080.1080.180/0087wI5Dly8gykh585b1hj30u00u0n04.jpg?KID=imgbed,tva&Expires=1647942276&ssig=kC%2FxCcBLyB", "avatar_hd": "https://tvax3.sinaimg.cn/crop.0.0.1080.1080.1024/0087wI5Dly8gykh585b1hj30u00u0n04.jpg?KID=imgbed,tva&Expires=1647942276&ssig=yujoFn6SSh", "follow_me": false, "following": false, "mbrank": 0, "mbtype": 0, "planet_video": true, "icon_list": [{"type": "icon", "data": {"value": "1", "icon_img": "http://n.sinaimg.cn/www/ea31a93f/20220213/feed_icon_BingDwenDwenShueyRhonRhon@2x.png", "title": "微博实现一墩一融", "url": "https://s.weibo.com/weibo?q=%23为中国冬奥健儿加油%23"}}], "can_edit": false, "textLength": null, "source": "荣耀手机 勇敢做自己", "favorited": false, "cardid": "star_1518", "pic_ids": [], "geo": null, "pic_num": 0, "is_paid": false, "mblog_vip_type": 0, "comments_count": 0, "attitudes_count": 0, "attitudes_status": 0, "isLongText": false, "mlevel": 0, "content_auth": 0, "is_show_bulletin": 2, "mblogtype": 0, "showFeedRepost": false, "showFeedComment": false, "pictureViewerSign": false, "showPictureViewer": false, "repost_type": 2, "share_repost_type": 0, "text": "快转微博"}, "pid": "4748369195175795"}, {"mid": "4748873966292103", "mblogid": "LkvqYqoRx", "uid": 7297447148, "name": "活不过三十岁的小侯", "data": {"visible_type": 0, "visible_list_id": 0, "time": "2022-03-19 23:20:46", "profile_image_url": "https://tvax3.sinaimg.cn/crop.0.0.664.664.50/007XRlmsly8g6nitgzxcnj30ig0igmy6.jpg?KID=imgbed,tva&Expires=1647942276&ssig=U4LTHkTm%2Bd", "profile_url": "/u/7297447148", "verified": false, "verified_type": -1, "domain": "", "weihao": "", "verified_type_ext": null, "avatar_large": "https://tvax3.sinaimg.cn/crop.0.0.664.664.180/007XRlmsly8g6nitgzxcnj30ig0igmy6.jpg?KID=imgbed,tva&Expires=1647942276&ssig=djmHqfcl2P", "avatar_hd": "https://tvax3.sinaimg.cn/crop.0.0.664.664.1024/007XRlmsly8g6nitgzxcnj30ig0igmy6.jpg?KID=imgbed,tva&Expires=1647942276&ssig=q4nFpU0zMl", "follow_me": false, "following": false, "mbrank": 5, "mbtype": 11, "planet_video": false, "icon_list": [{"type": "vip", "data": {"mbrank": 5, "mbtype": 11}}], "can_edit": false, "textLength": null, "source": "iPhone 12", "favorited": false, "cardid": null, "pic_ids": [], "geo": null, "pic_num": 0, "is_paid": false, "mblog_vip_type": 0, "comments_count": 0, "attitudes_count": 0, "attitudes_status": 0, "isLongText": false, "mlevel": 0, "content_auth": 0, "is_show_bulletin": 2, "mblogtype": 0, "showFeedRepost": false, "showFeedComment": false, "pictureViewerSign": false, "showPictureViewer": false, "repost_type": 1, "share_repost_type": 0, "text": "转发微博"}, "pid": "4748369195175795"}, {"mid": "4749049952207829", "mblogid": "LkA0P9gm9", "uid": 5867558512, "name": "可乐加冰一杯", "data": {"visible_type": 0, "visible_list_id": 0, "time": "2022-03-20 11:00:04", "profile_image_url": "https://tvax3.sinaimg.cn/crop.0.0.1080.1080.50/006p5G0wly8h06ro6vy1zj30u00u1n1c.jpg?KID=imgbed,tva&Expires=1647942276&ssig=%2FTIAwSwXM%2B", "profile_url": "/u/5867558512", "verified": false, "verified_type": -1, "domain": "", "weihao": "", "verified_type_ext": null, "avatar_large": "https://tvax3.sinaimg.cn/crop.0.0.1080.1080.180/006p5G0wly8h06ro6vy1zj30u00u1n1c.jpg?KID=imgbed,tva&Expires=1647942276&ssig=C5wZfYirEh", "avatar_hd": "https://tvax3.sinaimg.cn/crop.0.0.1080.1080.1024/006p5G0wly8h06ro6vy1zj30u00u1n1c.jpg?KID=imgbed,tva&Expires=1647942276&ssig=blD5k3UlI1", "follow_me": false, "following": false, "mbrank": 0, "mbtype": 0, "planet_video": true, "icon_list": [], "can_edit": false, "textLength": null, "source": "OPPO Reno5 K 5G", "favorited": false, "cardid": null, "pic_ids": [], "geo": null, "pic_num": 0, "is_paid": false, "mblog_vip_type": 0, "comments_count": 0, "attitudes_count": 0, "attitudes_status": 0, "isLongText": false, "mlevel": 0, "content_auth": 0, "is_show_bulletin": 2, "mblogtype": 0, "showFeedRepost": false, "showFeedComment": false, "pictureViewerSign": false, "showPictureViewer": false, "repost_type": 1, "share_repost_type": 0, "text": "愿所有深情不被辜负[心]"}, "pid": "4748369195175795"}, {"mid": "4749054203922344", "mblogid": "LkA7GgsnC", "uid": 6538781100, "name": "明星哦敏敏", "data": {"visible_type": 0, "visible_list_id": 0, "time": "2022-03-20 11:16:58", "profile_image_url": "https://tvax4.sinaimg.cn/crop.0.0.996.996.50/0078w3Fily8gcqed4e9i0j30ro0romys.jpg?KID=imgbed,tva&Expires=1647942276&ssig=qymblH0Qea", "profile_url": "/u/6538781100", "verified": false, "verified_type": -1, "domain": "", "weihao": "", "verified_type_ext": null, "avatar_large": "https://tvax4.sinaimg.cn/crop.0.0.996.996.180/0078w3Fily8gcqed4e9i0j30ro0romys.jpg?KID=imgbed,tva&Expires=1647942276&ssig=X6ZBFH7ejt", "avatar_hd": "https://tvax4.sinaimg.cn/crop.0.0.996.996.1024/0078w3Fily8gcqed4e9i0j30ro0romys.jpg?KID=imgbed,tva&Expires=1647942276&ssig=3Eb1bGv1Sa", "follow_me": false, "following": false, "mbrank": 0, "mbtype": 0, "planet_video": true, "icon_list": [], "can_edit": false, "textLength": null, "source": "OPPO Reno6 5G", "favorited": false, "cardid": "star_583", "pic_ids": [], "geo": null, "pic_num": 0, "is_paid": false, "mblog_vip_type": 0, "comments_count": 0, "attitudes_count": 0, "attitudes_status": 0, "isLongText": false, "mlevel": 0, "content_auth": 0, "is_show_bulletin": 2, "mblogtype": 0, "showFeedRepost": false, "showFeedComment": false, "pictureViewerSign": false, "showPictureViewer": false, "repost_type": 1, "share_repost_type": 0, "text": "转发微博"}, "pid": "4748369195175795"}, {"mid": "4749059199863725", "mblogid": "LkAfJFo0l", "uid": 6557861811, "name": "科目嘎嘣", "data": {"visible_type": 0, "visible_list_id": 0, "time": "2022-03-20 11:36:49", "profile_image_url": "https://tvax4.sinaimg.cn/crop.0.0.1080.1080.50/0079O7qHly8g3gvcb4zm9j30u00u0gpc.jpg?KID=imgbed,tva&Expires=1647942276&ssig=goJCpO1Gnc", "profile_url": "/u/6557861811", "verified": false, "verified_type": -1, "domain": "", "weihao": "", "verified_type_ext": null, "avatar_large": "https://tvax4.sinaimg.cn/crop.0.0.1080.1080.180/0079O7qHly8g3gvcb4zm9j30u00u0gpc.jpg?KID=imgbed,tva&Expires=1647942276&ssig=zOgn2TUgbG", "avatar_hd": "https://tvax4.sinaimg.cn/crop.0.0.1080.1080.1024/0079O7qHly8g3gvcb4zm9j30u00u0gpc.jpg?KID=imgbed,tva&Expires=1647942276&ssig=LHtHedgK7X", "follow_me": false, "following": false, "mbrank": 0, "mbtype": 0, "planet_video": true, "icon_list": [], "can_edit": false, "textLength": null, "source": "iPhone客户端", "favorited": false, "cardid": null, "pic_ids": [], "geo": null, "pic_num": 0, "is_paid": false, "mblog_vip_type": 0, "comments_count": 0, "attitudes_count": 0, "attitudes_status": 0, "isLongText": false, "mlevel": 0, "content_auth": 0, "is_show_bulletin": 2, "mblogtype": 0, "showFeedRepost": false, "showFeedComment": false, "pictureViewerSign": false, "showPictureViewer": false, "repost_type": 2, "share_repost_type": 0, "text": "快转微博"}, "pid": "4748369195175795"}, {"mid": "4749104716191289", "mblogid": "LkBr9pYDv", "uid": 1874629234, "name": "潔寶babe", "data": {"visible_type": 0, "visible_list_id": 0, "time": "2022-03-20 14:37:41", "profile_image_url": "https://tvax3.sinaimg.cn/crop.0.0.1080.1080.50/6fbc9272ly8gxq3dajbfvj20u00u0n0i.jpg?KID=imgbed,tva&Expires=1647942276&ssig=Qoe%2BXh3E%2FQ", "profile_url": "/u/1874629234", "verified": false, "verified_type": -1, "domain": "yefangzong", "weihao": "", "verified_type_ext": null, "avatar_large": "https://tvax3.sinaimg.cn/crop.0.0.1080.1080.180/6fbc9272ly8gxq3dajbfvj20u00u0n0i.jpg?KID=imgbed,tva&Expires=1647942276&ssig=88vlWHt%2Bfm", "avatar_hd": "https://tvax3.sinaimg.cn/crop.0.0.1080.1080.1024/6fbc9272ly8gxq3dajbfvj20u00u0n0i.jpg?KID=imgbed,tva&Expires=1647942276&ssig=TjXxIrM%2BDp", "follow_me": false, "following": false, "mbrank": 0, "mbtype": 0, "planet_video": false, "icon_list": [], "can_edit": false, "textLength": null, "source": "iPhone客户端", "favorited": false, "cardid": null, "pic_ids": [], "geo": null, "pic_num": 0, "is_paid": false, "mblog_vip_type": 0, "comments_count": 0, "attitudes_count": 0, "attitudes_status": 0, "isLongText": false, "mlevel": 0, "content_auth": 0, "is_show_bulletin": 2, "mblogtype": 0, "showFeedRepost": false, "showFeedComment": false, "pictureViewerSign": false, "showPictureViewer": false, "repost_type": 1, "share_repost_type": 0, "text": "表白从一束花开始～"}, "pid": "4748369195175795"}, {"mid": "4749172035291659", "mblogid": "LkDbJmcBl", "uid": 5912449405, "name": "水果麻麻多Vc", "data": {"visible_type": 0, "visible_list_id": 0, "time": "2022-03-20 19:05:11", "profile_image_url": "https://tvax4.sinaimg.cn/crop.0.0.1080.1080.50/006s82bbly8gdi6nrdhmkj30u00u0gng.jpg?KID=imgbed,tva&Expires=1647942276&ssig=tn2sMTPMa%2B", "profile_url": "/u/5912449405", "verified": false, "verified_type": -1, "domain": "", "weihao": "", "verified_type_ext": null, "avatar_large": "https://tvax4.sinaimg.cn/crop.0.0.1080.1080.180/006s82bbly8gdi6nrdhmkj30u00u0gng.jpg?KID=imgbed,tva&Expires=1647942276&ssig=TebdYMaSOk", "avatar_hd": "https://tvax4.sinaimg.cn/crop.0.0.1080.1080.1024/006s82bbly8gdi6nrdhmkj30u00u0gng.jpg?KID=imgbed,tva&Expires=1647942276&ssig=x%2B%2Fvo5l%2Fnw", "follow_me": false, "following": false, "mbrank": 0, "mbtype": 0, "planet_video": false, "icon_list": [], "can_edit": false, "textLength": null, "source": "iPhone客户端", "favorited": false, "cardid": "star_1518", "pic_ids": [], "geo": null, "pic_num": 0, "is_paid": false, "mblog_vip_type": 0, "comments_count": 0, "attitudes_count": 0, "attitudes_status": 0, "isLongText": false, "mlevel": 0, "content_auth": 0, "is_show_bulletin": 2, "mblogtype": 0, "showFeedRepost": false, "showFeedComment": false, "pictureViewerSign": false, "showPictureViewer": false, "repost_type": 2, "share_repost_type": 0, "text": "快转微博"}, "pid": "4748369195175795"}, {"mid": "4749197281334364", "mblogid": "LkDQs5B80", "uid": 5216173265, "name": "旧时光-橘生淮南", "data": {"visible_type": 0, "visible_list_id": 0, "time": "2022-03-20 20:45:30", "profile_image_url": "https://tvax3.sinaimg.cn/crop.0.0.996.996.50/005H0wWRly8gmkncsj33yj30ro0rodiv.jpg?KID=imgbed,tva&Expires=1647942276&ssig=jyL3dbo%2BAt", "profile_url": "/u/5216173265", "verified": false, "verified_type": -1, "domain": "", "weihao": "", "verified_type_ext": null, "avatar_large": "https://tvax3.sinaimg.cn/crop.0.0.996.996.180/005H0wWRly8gmkncsj33yj30ro0rodiv.jpg?KID=imgbed,tva&Expires=1647942276&ssig=mJYwXhJ3fE", "avatar_hd": "https://tvax3.sinaimg.cn/crop.0.0.996.996.1024/005H0wWRly8gmkncsj33yj30ro0rodiv.jpg?KID=imgbed,tva&Expires=1647942276&ssig=GdQB2xUz1C", "follow_me": false, "following": false, "mbrank": 1, "mbtype": 2, "planet_video": true, "icon_list": [], "can_edit": false, "textLength": null, "source": "nova4e 3200W立体美颜", "favorited": false, "cardid": null, "pic_ids": [], "geo": null, "pic_num": 0, "is_paid": false, "mblog_vip_type": 0, "comments_count": 0, "attitudes_count": 0, "attitudes_status": 0, "isLongText": false, "mlevel": 0, "content_auth": 0, "is_show_bulletin": 2, "mblogtype": 0, "showFeedRepost": false, "showFeedComment": false, "pictureViewerSign": false, "showPictureViewer": false, "repost_type": 2, "share_repost_type": 0, "text": "快转微博"}, "pid": "4748369195175795"}, {"mid": "4749246148117030", "mblogid": "LkF7gy3BQ", "uid": 2183215983, "name": "July-猫咪", "data": {"visible_type": 0, "visible_list_id": 0, "time": "2022-03-20 23:59:40", "profile_image_url": "https://tvax2.sinaimg.cn/crop.0.0.512.512.50/82213b6fly8g6hpgzu7kdj20e80e8dgj.jpg?KID=imgbed,tva&Expires=1647942276&ssig=mPOtjlNB2F", "profile_url": "/u/2183215983", "verified": false, "verified_type": -1, "domain": "", "weihao": "", "verified_type_ext": null, "avatar_large": "https://tvax2.sinaimg.cn/crop.0.0.512.512.180/82213b6fly8g6hpgzu7kdj20e80e8dgj.jpg?KID=imgbed,tva&Expires=1647942276&ssig=eRn8hAJr2x", "avatar_hd": "https://tvax2.sinaimg.cn/crop.0.0.512.512.1024/82213b6fly8g6hpgzu7kdj20e80e8dgj.jpg?KID=imgbed,tva&Expires=1647942276&ssig=8Y560xlDnw", "follow_me": false, "following": false, "mbrank": 0, "mbtype": 0, "planet_video": true, "icon_list": [], "can_edit": false, "textLength": null, "source": "iPhone客户端", "favorited": false, "cardid": null, "pic_ids": [], "geo": null, "pic_num": 0, "is_paid": false, "mblog_vip_type": 0, "comments_count": 0, "attitudes_count": 0, "attitudes_status": 0, "isLongText": false, "mlevel": 0, "content_auth": 0, "is_show_bulletin": 2, "mblogtype": 0, "showFeedRepost": false, "showFeedComment": false, "pictureViewerSign": false, "showPictureViewer": false, "repost_type": 2, "share_repost_type": 0, "text": "快转微博"}, "pid": "4748369195175795"}, {"mid": "4749547547656265", "mblogid": "LkMXow7K9", "uid": 5632613364, "name": "阿迩特弥斯", "data": {"visible_type": 0, "visible_list_id": 0, "time": "2022-03-21 19:57:19", "profile_image_url": "https://tvax1.sinaimg.cn/crop.0.0.1080.1080.50/0069bS2Ely8gww41qr0pmj30u00u0gpt.jpg?KID=imgbed,tva&Expires=1647942276&ssig=XjfEkM5i%2Bq", "profile_url": "/u/5632613364", "verified": false, "verified_type": -1, "domain": "", "weihao": "", "verified_type_ext": null, "avatar_large": "https://tvax1.sinaimg.cn/crop.0.0.1080.1080.180/0069bS2Ely8gww41qr0pmj30u00u0gpt.jpg?KID=imgbed,tva&Expires=1647942276&ssig=ihfcvA6LPq", "avatar_hd": "https://tvax1.sinaimg.cn/crop.0.0.1080.1080.1024/0069bS2Ely8gww41qr0pmj30u00u0gpt.jpg?KID=imgbed,tva&Expires=1647942276&ssig=MYZtfUrtE%2B", "follow_me": false, "following": false, "mbrank": 5, "mbtype": 12, "planet_video": false, "icon_list": [{"type": "vip", "data": {"mbrank": 5, "mbtype": 12}}, {"type": "icon", "data": {"value": "1", "icon_img": "https://h5.sinaimg.cn/upload/106/1683/2022/03/18/feed_icon_chuntian_default.png", "title": "你好春天", "url": "https://s.weibo.com/weibo/%23%E4%BD%A0%E5%A5%BD%E6%98%A5%E5%A4%A9%23"}}], "can_edit": false, "textLength": null, "source": "HUAWEI Mate 30 Pro", "favorited": false, "cardid": "star_1293", "pic_ids": [], "geo": null, "pic_num": 0, "is_paid": false, "mblog_vip_type": 0, "comments_count": 0, "attitudes_count": 0, "attitudes_status": 0, "isLongText": false, "mlevel": 0, "content_auth": 0, "is_show_bulletin": 2, "mblogtype": 0, "showFeedRepost": false, "showFeedComment": false, "pictureViewerSign": false, "showPictureViewer": false, "repost_type": 5, "share_repost_type": 0, "text": "好虐噢[苦涩]//@深夜看评论的人:是的，做了医生他才真正明白那句话，“我救你是因为我是医生”[泪]//@_GiiiGiii:他最后还当了医生"}, "pid": "4748369195175795"}, {"mid": "4749622674982487", "mblogid": "LkOUzkUaH", "uid": 2930560743, "name": "小潔宝s", "data": {"visible_type": 0, "visible_list_id": 0, "time": "2022-03-22 00:55:52", "profile_image_url": "https://tvax4.sinaimg.cn/crop.0.0.1080.1080.50/aeaccee7ly8g5xf3zt0fhj20u00u00vh.jpg?KID=imgbed,tva&Expires=1647942276&ssig=%2BYrYAEOEV4", "profile_url": "/u/2930560743", "verified": false, "verified_type": -1, "domain": "", "weihao": "", "verified_type_ext": null, "avatar_large": "https://tvax4.sinaimg.cn/crop.0.0.1080.1080.180/aeaccee7ly8g5xf3zt0fhj20u00u00vh.jpg?KID=imgbed,tva&Expires=1647942276&ssig=JSHUsV6C%2Fg", "avatar_hd": "https://tvax4.sinaimg.cn/crop.0.0.1080.1080.1024/aeaccee7ly8g5xf3zt0fhj20u00u00vh.jpg?KID=imgbed,tva&Expires=1647942276&ssig=qqFb35h4WR", "follow_me": false, "following": false, "mbrank": 6, "mbtype": 12, "planet_video": false, "icon_list": [{"type": "vip", "data": {"mbrank": 6, "mbtype": 12}}], "can_edit": false, "textLength": null, "source": "iPhone 13", "favorited": false, "cardid": "star_1112", "pic_ids": [], "geo": null, "pic_num": 0, "is_paid": false, "mblog_vip_type": 0, "comments_count": 0, "attitudes_count": 0, "attitudes_status": 0, "isLongText": false, "mlevel": 0, "content_auth": 0, "is_show_bulletin": 2, "mblogtype": 0, "showFeedRepost": false, "showFeedComment": false, "pictureViewerSign": false, "showPictureViewer": false, "repost_type": 2, "share_repost_type": 0, "text": "快转微博"}, "pid": "4748369195175795"}, {"mid": "4749645681001179", "mblogid": "LkPvG4cs3", "uid": 6482578884, "name": "游水的木鱼", "data": {"visible_type": 0, "visible_list_id": 0, "time": "2022-03-22 02:27:17", "profile_image_url": "https://tvax4.sinaimg.cn/crop.0.0.800.800.50/0074IeTWly8gyjet859kjj30m80m8t99.jpg?KID=imgbed,tva&Expires=1647942276&ssig=FWckUUxjAc", "profile_url": "/u/6482578884", "verified": false, "verified_type": -1, "domain": "", "weihao": "", "verified_type_ext": null, "avatar_large": "https://tvax4.sinaimg.cn/crop.0.0.800.800.180/0074IeTWly8gyjet859kjj30m80m8t99.jpg?KID=imgbed,tva&Expires=1647942276&ssig=0ZAOomLWqe", "avatar_hd": "https://tvax4.sinaimg.cn/crop.0.0.800.800.1024/0074IeTWly8gyjet859kjj30m80m8t99.jpg?KID=imgbed,tva&Expires=1647942276&ssig=uf5gvm7JHt", "follow_me": false, "following": false, "mbrank": 1, "mbtype": 2, "planet_video": true, "icon_list": [{"type": "icon", "data": {"value": "1", "icon_img": "http://n.sinaimg.cn/www/ea31a93f/20220213/feed_icon_BingDwenDwenShueyRhonRhon@2x.png", "title": "微博实现一墩一融", "url": "https://s.weibo.com/weibo?q=%23为中国冬奥健儿加油%23"}}], "can_edit": false, "textLength": null, "source": "Android客户端", "favorited": false, "cardid": null, "pic_ids": [], "geo": null, "pic_num": 0, "is_paid": false, "mblog_vip_type": 0, "comments_count": 0, "attitudes_count": 0, "attitudes_status": 0, "isLongText": false, "mlevel": 0, "content_auth": 0, "is_show_bulletin": 2, "mblogtype": 0, "showFeedRepost": false, "showFeedComment": false, "pictureViewerSign": false, "showPictureViewer": false, "repost_type": 1, "share_repost_type": 0, "text": "有没有这样的卡攻文吃一下"}, "pid": "4748369195175795"}, {"mid": "4749726728061651", "mblogid": "LkRCoxPcD", "uid": 5893274536, "name": "我是小小仙女棒", "data": {"visible_type": 0, "visible_list_id": 0, "time": "2022-03-22 07:49:20", "profile_image_url": "https://tvax1.sinaimg.cn/crop.0.0.512.512.50/006qPzV6ly8fpc9yv0dn8j30e80e83zt.jpg?KID=imgbed,tva&Expires=1647942276&ssig=SmVWXhhFQZ", "profile_url": "/u/5893274536", "verified": false, "verified_type": -1, "domain": "", "weihao": "", "verified_type_ext": null, "avatar_large": "https://tvax1.sinaimg.cn/crop.0.0.512.512.180/006qPzV6ly8fpc9yv0dn8j30e80e83zt.jpg?KID=imgbed,tva&Expires=1647942276&ssig=bNOf8B7JLb", "avatar_hd": "https://tvax1.sinaimg.cn/crop.0.0.512.512.1024/006qPzV6ly8fpc9yv0dn8j30e80e83zt.jpg?KID=imgbed,tva&Expires=1647942276&ssig=tKOMAsl%2B%2Bt", "follow_me": false, "following": false, "mbrank": 1, "mbtype": 2, "planet_video": true, "icon_list": [{"type": "icon", "data": {"value": "1", "icon_img": "http://n.sinaimg.cn/www/ea31a93f/20220213/feed_icon_BingDwenDwenShueyRhonRhon@2x.png", "title": "微博实现一墩一融", "url": "https://s.weibo.com/weibo?q=%23为中国冬奥健儿加油%23"}}], "can_edit": false, "textLength": null, "source": "iPhone客户端", "favorited": false, "cardid": null, "pic_ids": [], "geo": null, "pic_num": 0, "is_paid": false, "mblog_vip_type": 0, "comments_count": 0, "attitudes_count": 0, "attitudes_status": 0, "isLongText": false, "mlevel": 0, "content_auth": 0, "is_show_bulletin": 2, "mblogtype": 0, "showFeedRepost": false, "showFeedComment": false, "pictureViewerSign": false, "showPictureViewer": false, "repost_type": 2, "share_repost_type": 0, "text": "快转微博"}, "pid": "4748369195175795"}, {"mid": "4749804384813325", "mblogid": "LkTDEkcah", "uid": 6114193612, "name": "红枫呓语1461069824", "data": {"visible_type": 0, "visible_list_id": 0, "time": "2022-03-22 12:57:54", "profile_image_url": "https://tvax4.sinaimg.cn/crop.0.0.664.664.50/006FMx40ly8fdvpif8m7ej30ig0igdhm.jpg?KID=imgbed,tva&Expires=1647942276&ssig=aJGiDirNE5", "profile_url": "/u/6114193612", "verified": false, "verified_type": -1, "domain": "", "weihao": "", "verified_type_ext": null, "avatar_large": "https://tvax4.sinaimg.cn/crop.0.0.664.664.180/006FMx40ly8fdvpif8m7ej30ig0igdhm.jpg?KID=imgbed,tva&Expires=1647942276&ssig=6e9Yk%2FVuGF", "avatar_hd": "https://tvax4.sinaimg.cn/crop.0.0.664.664.1024/006FMx40ly8fdvpif8m7ej30ig0igdhm.jpg?KID=imgbed,tva&Expires=1647942276&ssig=bWStMrlxeo", "follow_me": false, "following": false, "mbrank": 1, "mbtype": 2, "planet_video": false, "icon_list": [], "can_edit": false, "textLength": null, "source": "iPhone客户端", "favorited": false, "cardid": null, "pic_ids": [], "geo": null, "pic_num": 0, "is_paid": false, "mblog_vip_type": 0, "comments_count": 0, "attitudes_count": 0, "attitudes_status": 0, "isLongText": false, "mlevel": 0, "content_auth": 0, "is_show_bulletin": 2, "mblogtype": 0, "showFeedRepost": false, "showFeedComment": false, "pictureViewerSign": false, "showPictureViewer": false, "repost_type": 2, "share_repost_type": 0, "text": "快转微博"}, "pid": "4748369195175795"}, {"mid": "4749804623628676", "mblogid": "LkTE2fdZ2", "uid": 6114193612, "name": "红枫呓语1461069824", "data": {"visible_type": 0, "visible_list_id": 0, "time": "2022-03-22 12:58:51", "profile_image_url": "https://tvax4.sinaimg.cn/crop.0.0.664.664.50/006FMx40ly8fdvpif8m7ej30ig0igdhm.jpg?KID=imgbed,tva&Expires=1647942276&ssig=aJGiDirNE5", "profile_url": "/u/6114193612", "verified": false, "verified_type": -1, "domain": "", "weihao": "", "verified_type_ext": null, "avatar_large": "https://tvax4.sinaimg.cn/crop.0.0.664.664.180/006FMx40ly8fdvpif8m7ej30ig0igdhm.jpg?KID=imgbed,tva&Expires=1647942276&ssig=6e9Yk%2FVuGF", "avatar_hd": "https://tvax4.sinaimg.cn/crop.0.0.664.664.1024/006FMx40ly8fdvpif8m7ej30ig0igdhm.jpg?KID=imgbed,tva&Expires=1647942276&ssig=bWStMrlxeo", "follow_me": false, "following": false, "mbrank": 1, "mbtype": 2, "planet_video": false, "icon_list": [], "can_edit": false, "textLength": null, "source": "iPhone客户端", "favorited": false, "cardid": null, "pic_ids": [], "geo": null, "pic_num": 0, "is_paid": false, "mblog_vip_type": 0, "comments_count": 0, "attitudes_count": 0, "attitudes_status": 0, "isLongText": false, "mlevel": 0, "content_auth": 0, "is_show_bulletin": 2, "mblogtype": 0, "showFeedRepost": false, "showFeedComment": false, "pictureViewerSign": false, "showPictureViewer": false, "repost_type": 4, "share_repost_type": 0, "text": "为你而改变"}, "pid": "4748369195175795"}]}