{"mid": "4749396577878828", "mblogid": "LkJ1Tx3DS", "uid": 6872180539, "name": "牛家庄老张", "data": {"visible_type": 0, "visible_list_id": 0, "time": "2022-03-21 09:57:26", "profile_image_url": "https://tvax4.sinaimg.cn/crop.0.0.960.960.50/007v4Y5Bly8h0gn4nrwgkj30qo0qoq5d.jpg?KID=imgbed,tva&Expires=1647841475&ssig=eo5QC7t6V8", "profile_url": "/u/6872180539", "verified": true, "verified_type": 0, "domain": "", "weihao": "", "verified_type_ext": 0, "avatar_large": "https://tvax4.sinaimg.cn/crop.0.0.960.960.180/007v4Y5Bly8h0gn4nrwgkj30qo0qoq5d.jpg?KID=imgbed,tva&Expires=1647841475&ssig=DGhBfTjZsE", "avatar_hd": "https://tvax4.sinaimg.cn/crop.0.0.960.960.1024/007v4Y5Bly8h0gn4nrwgkj30qo0qoq5d.jpg?KID=imgbed,tva&Expires=1647841475&ssig=%2FeV2ySyKR3", "follow_me": false, "following": false, "mbrank": 5, "mbtype": 12, "planet_video": false, "icon_list": [{"type": "vip", "data": {"mbrank": 5, "mbtype": 12}}], "can_edit": false, "textLength": 366, "source": "", "favorited": false, "cardid": "star_005", "pic_ids": ["007v4Y5Bgy1h0h9rvtrxbj30qo0ux7co"], "geo": null, "pic_num": 1, "is_paid": false, "mblog_vip_type": 0, "comments_count": 0, "attitudes_count": 465, "attitudes_status": 0, "isLongText": true, "mlevel": 0, "content_auth": 0, "is_show_bulletin": 2, "mblogtype": 0, "showFeedRepost": false, "showFeedComment": false, "pictureViewerSign": false, "showPictureViewer": false, "repost_type": null, "share_repost_type": 0, "text": "#散户在股市里亏钱的主要原因在哪里# 追涨不杀跌！没看错，不杀跌！\n\n以前接触到好几个股民，高位接盘后，被套牢一直拿着，舍不得割肉。导致亏损超过80%，甚至ST  追涨杀跌虽然大部分人也亏，但是也算顺应趋势。怕的是舍不得止损的人！\n\n当时证券板块里中信建投icon价格到50多，有个新手股民听朋友说， ​​​"}}