{"mid": "4749398389560540", "mblogid": "LkJ4OE78g", "uid": 5312584361, "name": "外汇金油掌控者-老谢", "data": {"visible_type": 0, "visible_list_id": 0, "time": "2022-03-21 10:04:38", "profile_image_url": "https://tvax3.sinaimg.cn/crop.0.0.1080.1080.50/005Nx3Sxly8gtpizgibd6j30u00u0t9n.jpg?KID=imgbed,tva&Expires=1647889028&ssig=%2FZN4g%2BUD7d", "profile_url": "/u/5312584361", "verified": true, "verified_type": 0, "domain": "", "weihao": "", "verified_type_ext": 1, "avatar_large": "https://tvax3.sinaimg.cn/crop.0.0.1080.1080.180/005Nx3Sxly8gtpizgibd6j30u00u0t9n.jpg?KID=imgbed,tva&Expires=1647889028&ssig=8t4i5jhsV%2B", "avatar_hd": "https://tvax3.sinaimg.cn/crop.0.0.1080.1080.1024/005Nx3Sxly8gtpizgibd6j30u00u0t9n.jpg?KID=imgbed,tva&Expires=1647889028&ssig=gAiSa5IPx%2F", "follow_me": false, "following": false, "mbrank": 7, "mbtype": 12, "planet_video": false, "icon_list": [{"type": "vip", "data": {"mbrank": 7, "mbtype": 12}}], "can_edit": false, "textLength": 98, "source": "360安全浏览器", "favorited": false, "cardid": null, "pic_ids": ["005Nx3Sxgy1h0h9zde27bj30eq0bst99"], "geo": null, "pic_num": 1, "is_paid": false, "mblog_vip_type": 0, "comments_count": 0, "attitudes_count": 357, "attitudes_status": 0, "isLongText": false, "mlevel": 0, "content_auth": 0, "is_show_bulletin": 2, "mblogtype": 0, "showFeedRepost": false, "showFeedComment": false, "pictureViewerSign": false, "showPictureViewer": false, "repost_type": null, "share_repost_type": 0, "text": "黄金操作建议：\n点位上1932-1934位置空，止损5美金，目标1920\n（个人建议，仅供参考，切记带好止盈止损） ​​​"}}