{"mid": "4749431607397716", "mblogid": "LkJWov2u0", "uid": 1642634100, "name": "新浪科技", "data": {"visible_type": 0, "visible_list_id": 0, "time": "2022-03-21 12:16:38", "profile_image_url": "https://tvax3.sinaimg.cn/crop.1.0.436.436.50/61e89b74ly1gdiq06vjw9j20c60c4aac.jpg?KID=imgbed,tva&Expires=1647889028&ssig=L70o9yalKQ", "profile_url": "/u/1642634100", "verified": true, "verified_type": 3, "domain": "sinatech", "weihao": "", "verified_type_ext": 50, "avatar_large": "https://tvax3.sinaimg.cn/crop.1.0.436.436.180/61e89b74ly1gdiq06vjw9j20c60c4aac.jpg?KID=imgbed,tva&Expires=1647889028&ssig=rFGhbFFdSb", "avatar_hd": "https://tvax3.sinaimg.cn/crop.1.0.436.436.1024/61e89b74ly1gdiq06vjw9j20c60c4aac.jpg?KID=imgbed,tva&Expires=1647889028&ssig=KVwkQZmjOl", "follow_me": false, "following": false, "mbrank": 7, "mbtype": 12, "planet_video": false, "icon_list": [{"type": "vip", "data": {"mbrank": 7, "mbtype": 12}}, {"type": "icon", "data": {"value": "1", "icon_img": "http://n.sinaimg.cn/www/ea31a93f/20220213/feed_icon_BingDwenDwenShueyRhonRhon@2x.png", "title": "微博实现一墩一融", "url": "https://s.weibo.com/weibo?q=%23为中国冬奥健儿加油%23"}}, {"type": "icon", "data": {"value": "1", "icon_img": "https://h5.sinaimg.cn/upload/106/1683/2022/03/18/feed_icon_chuntian_default.png", "title": "你好春天", "url": "https://s.weibo.com/weibo/%23%E4%BD%A0%E5%A5%BD%E6%98%A5%E5%A4%A9%23"}}], "can_edit": false, "textLength": 310, "source": "微博 weibo.com", "favorited": false, "cardid": "star_1439", "pic_ids": [], "geo": null, "pic_num": 0, "is_paid": false, "mblog_vip_type": 0, "comments_count": 3, "attitudes_count": 9, "attitudes_status": 0, "isLongText": true, "mlevel": 0, "content_auth": 0, "is_show_bulletin": 2, "mblogtype": 0, "showFeedRepost": false, "showFeedComment": false, "pictureViewerSign": false, "showPictureViewer": false, "repost_type": null, "share_repost_type": 0, "text": "#亚马逊85亿美元收购米高梅#【亚马逊缘何斥巨资收购米高梅？或在影视行业复制电商模式】亚马逊近日完成了对米高梅84.5亿美元的收购，并宣布将这家电影公司并入其Prime vidoe和Amazon Studios部门。但许多问题也随之而来。科技巨头与传媒巨擘为何会在此时成功联姻？为什么是亚马逊和米高梅？ ​​​"}, "children": [{"mid": "4749431863772747", "mblogid": "LkJWOfPsL", "uid": 1826671977, "name": "一只油饼猫", "data": {"visible_type": 0, "visible_list_id": 0, "time": "2022-03-21 12:17:38", "profile_image_url": "https://tvax4.sinaimg.cn/crop.12.0.725.725.50/6ce0cd69ly8fin7az8knxj20ku0k5wfl.jpg?KID=imgbed,tva&Expires=1647889049&ssig=7DDrQpMg5K", "profile_url": "/u/1826671977", "verified": false, "verified_type": 220, "domain": "yhx21", "weihao": "80905457", "verified_type_ext": null, "avatar_large": "https://tvax4.sinaimg.cn/crop.12.0.725.725.180/6ce0cd69ly8fin7az8knxj20ku0k5wfl.jpg?KID=imgbed,tva&Expires=1647889049&ssig=DMI0YtrVJv", "avatar_hd": "https://tvax4.sinaimg.cn/crop.12.0.725.725.1024/6ce0cd69ly8fin7az8knxj20ku0k5wfl.jpg?KID=imgbed,tva&Expires=1647889049&ssig=QFgq4mI73o", "follow_me": false, "following": false, "mbrank": 5, "mbtype": 2, "planet_video": true, "icon_list": [{"type": "icon", "data": {"value": "1", "icon_img": "https://h5.sinaimg.cn/upload/106/1683/2022/03/18/feed_icon_chuntian_default.png", "title": "你好春天", "url": "https://s.weibo.com/weibo/%23%E4%BD%A0%E5%A5%BD%E6%98%A5%E5%A4%A9%23"}}], "can_edit": false, "textLength": null, "source": "iPhone客户端", "favorited": false, "cardid": null, "pic_ids": [], "geo": null, "pic_num": 0, "is_paid": false, "mblog_vip_type": 0, "comments_count": 0, "attitudes_count": 0, "attitudes_status": 0, "isLongText": false, "mlevel": 0, "content_auth": 0, "is_show_bulletin": 2, "mblogtype": 0, "showFeedRepost": false, "showFeedComment": false, "pictureViewerSign": false, "showPictureViewer": false, "repost_type": 1, "share_repost_type": 0, "text": "转发微博"}, "pid": "4749431607397716"}, {"mid": "4749435756614240", "mblogid": "LkK35rKFi", "uid": 1745729411, "name": "查纪萍", "data": {"visible_type": 0, "visible_list_id": 0, "time": "2022-03-21 12:33:07", "profile_image_url": "https://tva2.sinaimg.cn/crop.252.235.1228.1228.50/680db783gw1eln7cxfpqjj21kw16ohdt.jpg?KID=imgbed,tva&Expires=1647889049&ssig=J96%2Bt1J5DO", "profile_url": "/u/1745729411", "verified": false, "verified_type": -1, "domain": "", "weihao": "", "verified_type_ext": null, "avatar_large": "https://tva2.sinaimg.cn/crop.252.235.1228.1228.180/680db783gw1eln7cxfpqjj21kw16ohdt.jpg?KID=imgbed,tva&Expires=1647889049&ssig=lcTxE%2B%2BxDz", "avatar_hd": "https://tva2.sinaimg.cn/crop.252.235.1228.1228.1024/680db783gw1eln7cxfpqjj21kw16ohdt.jpg?KID=imgbed,tva&Expires=1647889049&ssig=RMbr4Hy9bn", "follow_me": false, "following": false, "mbrank": 0, "mbtype": 0, "planet_video": true, "icon_list": [], "can_edit": false, "textLength": null, "source": "HUAWEI Mate 20 Pro", "favorited": false, "cardid": null, "pic_ids": [], "geo": null, "pic_num": 0, "is_paid": false, "mblog_vip_type": 0, "comments_count": 0, "attitudes_count": 0, "attitudes_status": 0, "isLongText": false, "mlevel": 0, "content_auth": 0, "is_show_bulletin": 2, "mblogtype": 0, "showFeedRepost": false, "showFeedComment": false, "pictureViewerSign": false, "showPictureViewer": false, "repost_type": 2, "share_repost_type": 0, "text": "快转微博"}, "pid": "4749431607397716"}, {"mid": "4749436666255364", "mblogid": "LkK4yqfiY", "uid": 7139343592, "name": "少年派77559", "data": {"visible_type": 0, "visible_list_id": 0, "time": "2022-03-21 12:36:44", "profile_image_url": "https://tvax3.sinaimg.cn/crop.0.0.996.996.50/007N9Xp6ly8gtqj2ntq4jj30ro0roq5e.jpg?KID=imgbed,tva&Expires=1647889049&ssig=xhtTZ19NYx", "profile_url": "/u/7139343592", "verified": true, "verified_type": 0, "domain": "", "weihao": "", "verified_type_ext": 0, "avatar_large": "https://tvax3.sinaimg.cn/crop.0.0.996.996.180/007N9Xp6ly8gtqj2ntq4jj30ro0roq5e.jpg?KID=imgbed,tva&Expires=1647889049&ssig=w4g4yyjri%2F", "avatar_hd": "https://tvax3.sinaimg.cn/crop.0.0.996.996.1024/007N9Xp6ly8gtqj2ntq4jj30ro0roq5e.jpg?KID=imgbed,tva&Expires=1647889049&ssig=5ZTtlhX%2BeP", "follow_me": false, "following": false, "mbrank": 5, "mbtype": 2, "planet_video": false, "icon_list": [], "can_edit": false, "textLength": null, "source": "微博国际版", "favorited": false, "cardid": null, "pic_ids": [], "geo": null, "pic_num": 0, "is_paid": false, "mblog_vip_type": 0, "comments_count": 0, "attitudes_count": 0, "attitudes_status": 0, "isLongText": false, "mlevel": 0, "content_auth": 0, "is_show_bulletin": 2, "mblogtype": 0, "showFeedRepost": false, "showFeedComment": false, "pictureViewerSign": false, "showPictureViewer": false, "repost_type": 1, "share_repost_type": 0, "text": "转发微博"}, "pid": "4749431607397716"}, {"mid": "4749436939669723", "mblogid": "LkK4ZEzxh", "uid": 6138339822, "name": "卜艾天空", "data": {"visible_type": 0, "visible_list_id": 0, "time": "2022-03-21 12:37:49", "profile_image_url": "https://tvax1.sinaimg.cn/default/images/default_avatar_male_50.gif?KID=imgbed,tva&Expires=1647889049&ssig=fNryL1Hlev", "profile_url": "/u/6138339822", "verified": false, "verified_type": -1, "domain": "", "weihao": "", "verified_type_ext": null, "avatar_large": "https://tvax1.sinaimg.cn/default/images/default_avatar_male_180.gif?KID=imgbed,tva&Expires=1647889049&ssig=z56enFIOHG", "avatar_hd": "https://tvax1.sinaimg.cn/default/images/default_avatar_male_180.gif?KID=imgbed,tva&Expires=1647889049&ssig=z56enFIOHG", "follow_me": false, "following": false, "mbrank": 0, "mbtype": 0, "planet_video": true, "icon_list": [], "can_edit": false, "textLength": null, "source": "OPPO Reno", "favorited": false, "cardid": null, "pic_ids": [], "geo": null, "pic_num": 0, "is_paid": false, "mblog_vip_type": 0, "comments_count": 0, "attitudes_count": 0, "attitudes_status": 0, "isLongText": false, "mlevel": 0, "content_auth": 0, "is_show_bulletin": 2, "mblogtype": 0, "showFeedRepost": false, "showFeedComment": false, "pictureViewerSign": false, "showPictureViewer": false, "repost_type": 2, "share_repost_type": 0, "text": "快转微博"}, "pid": "4749431607397716"}, {"mid": "4749451110908165", "mblogid": "LkKrR3OfP", "uid": 1483092372, "name": "laolu", "data": {"visible_type": 0, "visible_list_id": 0, "time": "2022-03-21 13:34:07", "profile_image_url": "https://tva1.sinaimg.cn/crop.0.0.180.180.50/58663194jw1e8qgp5bmzyj2050050aa8.jpg?KID=imgbed,tva&Expires=1647889049&ssig=f1n8pYKAuB", "profile_url": "/u/1483092372", "verified": true, "verified_type": 0, "domain": "laolu2066", "weihao": "", "verified_type_ext": 0, "avatar_large": "https://tva1.sinaimg.cn/crop.0.0.180.180.180/58663194jw1e8qgp5bmzyj2050050aa8.jpg?KID=imgbed,tva&Expires=1647889049&ssig=W6b2tPiwOb", "avatar_hd": "https://tva1.sinaimg.cn/crop.0.0.180.180.1024/58663194jw1e8qgp5bmzyj2050050aa8.jpg?KID=imgbed,tva&Expires=1647889049&ssig=PZCrLHGjfU", "follow_me": false, "following": false, "mbrank": 0, "mbtype": 0, "planet_video": true, "icon_list": [], "can_edit": false, "textLength": null, "source": "微博国际版", "favorited": false, "cardid": null, "pic_ids": [], "geo": null, "pic_num": 0, "is_paid": false, "mblog_vip_type": 0, "comments_count": 0, "attitudes_count": 1, "attitudes_status": 0, "isLongText": false, "mlevel": 0, "content_auth": 0, "is_show_bulletin": 2, "mblogtype": 0, "showFeedRepost": false, "showFeedComment": false, "pictureViewerSign": false, "showPictureViewer": false, "repost_type": 1, "share_repost_type": 0, "text": "转发微博"}, "pid": "4749431607397716"}, {"mid": "4749457910400388", "mblogid": "LkKCP1G9S", "uid": 1156136977, "name": "柔沢十", "data": {"visible_type": 0, "visible_list_id": 0, "time": "2022-03-21 14:01:09", "profile_image_url": "https://tva2.sinaimg.cn/crop.0.0.159.159.50/44e94011jw1eb2dj3o4r7j204g04gglt.jpg?KID=imgbed,tva&Expires=1647889049&ssig=hBDgw7tdx%2B", "profile_url": "/u/1156136977", "verified": true, "verified_type": 0, "domain": "ukyou", "weihao": "315338777", "verified_type_ext": 0, "avatar_large": "https://tva2.sinaimg.cn/crop.0.0.159.159.180/44e94011jw1eb2dj3o4r7j204g04gglt.jpg?KID=imgbed,tva&Expires=1647889049&ssig=19GiFCoplX", "avatar_hd": "https://tva2.sinaimg.cn/crop.0.0.159.159.1024/44e94011jw1eb2dj3o4r7j204g04gglt.jpg?KID=imgbed,tva&Expires=1647889049&ssig=JzLc7vJH7E", "follow_me": false, "following": false, "mbrank": 1, "mbtype": 2, "planet_video": false, "icon_list": [], "can_edit": false, "textLength": null, "source": "三星Galaxy S22 Ultra", "favorited": false, "cardid": "star_1389", "pic_ids": [], "geo": null, "pic_num": 0, "is_paid": false, "mblog_vip_type": 0, "comments_count": 0, "attitudes_count": 0, "attitudes_status": 0, "isLongText": false, "mlevel": 0, "content_auth": 0, "is_show_bulletin": 2, "mblogtype": 0, "showFeedRepost": false, "showFeedComment": false, "pictureViewerSign": false, "showPictureViewer": false, "repost_type": 1, "share_repost_type": 0, "text": "转发微博"}, "pid": "4749431607397716"}, {"mid": "4749492412485005", "mblogid": "LkLwtaqsJ", "uid": 1720843303, "name": "小倩0932", "data": {"visible_type": 0, "visible_list_id": 0, "time": "2022-03-21 16:18:15", "profile_image_url": "https://tva2.sinaimg.cn/crop.0.0.180.180.50/6691fc27jw1e8qgp5bmzyj2050050aa8.jpg?KID=imgbed,tva&Expires=1647889049&ssig=%2B5CZobN298", "profile_url": "/u/1720843303", "verified": false, "verified_type": -1, "domain": "cici430", "weihao": "", "verified_type_ext": null, "avatar_large": "https://tva2.sinaimg.cn/crop.0.0.180.180.180/6691fc27jw1e8qgp5bmzyj2050050aa8.jpg?KID=imgbed,tva&Expires=1647889049&ssig=OLehU9IzfG", "avatar_hd": "https://tva2.sinaimg.cn/crop.0.0.180.180.1024/6691fc27jw1e8qgp5bmzyj2050050aa8.jpg?KID=imgbed,tva&Expires=1647889049&ssig=xuIOHB9a9P", "follow_me": false, "following": false, "mbrank": 7, "mbtype": 12, "planet_video": false, "icon_list": [{"type": "vip", "data": {"mbrank": 7, "mbtype": 12}}], "can_edit": false, "textLength": null, "source": "微博 weibo.com", "favorited": false, "cardid": "star_1542", "pic_ids": [], "geo": null, "pic_num": 0, "is_paid": false, "mblog_vip_type": 0, "comments_count": 0, "attitudes_count": 0, "attitudes_status": 0, "isLongText": false, "mlevel": 0, "content_auth": 0, "is_show_bulletin": 2, "mblogtype": 0, "showFeedRepost": false, "showFeedComment": false, "pictureViewerSign": false, "showPictureViewer": false, "repost_type": 1, "share_repost_type": 0, "text": "转发微博"}, "pid": "4749431607397716"}, {"mid": "4749545815147204", "mblogid": "LkMUBlB1q", "uid": 1810959730, "name": "KB0918", "data": {"visible_type": 0, "visible_list_id": 0, "time": "2022-03-21 19:50:26", "profile_image_url": "https://tva3.sinaimg.cn/crop.1.0.509.509.50/6bf10d72jw8f6t75dlqfaj20e80e5ab3.jpg?KID=imgbed,tva&Expires=1647889049&ssig=gGlxS%2FWmG8", "profile_url": "/u/1810959730", "verified": false, "verified_type": -1, "domain": "", "weihao": "", "verified_type_ext": null, "avatar_large": "https://tva3.sinaimg.cn/crop.1.0.509.509.180/6bf10d72jw8f6t75dlqfaj20e80e5ab3.jpg?KID=imgbed,tva&Expires=1647889049&ssig=%2FbsCoQMR8b", "avatar_hd": "https://tva3.sinaimg.cn/crop.1.0.509.509.1024/6bf10d72jw8f6t75dlqfaj20e80e5ab3.jpg?KID=imgbed,tva&Expires=1647889049&ssig=VTsaloVR4Y", "follow_me": false, "following": false, "mbrank": 1, "mbtype": 2, "planet_video": false, "icon_list": [], "can_edit": false, "textLength": null, "source": "iPad air", "favorited": false, "cardid": null, "pic_ids": [], "geo": null, "pic_num": 0, "is_paid": false, "mblog_vip_type": 0, "comments_count": 0, "attitudes_count": 0, "attitudes_status": 0, "isLongText": false, "mlevel": 0, "content_auth": 0, "is_show_bulletin": 2, "mblogtype": 0, "showFeedRepost": false, "showFeedComment": false, "pictureViewerSign": false, "showPictureViewer": false, "repost_type": 2, "share_repost_type": 0, "text": "快转微博"}, "pid": "4749431607397716"}]}