{"mid": "4749458657513032", "mblogid": "LkKE1vwtW", "uid": 5737049482, "name": "归了君的日常", "data": {"visible_type": 0, "visible_list_id": 0, "time": "2022-03-21 14:04:07", "profile_image_url": "https://tvax4.sinaimg.cn/crop.0.0.512.512.50/006gg4Ealy8g4mw5qrinhj30e80e8t9b.jpg?KID=imgbed,tva&Expires=1647871850&ssig=F6lUkfKeg%2F", "profile_url": "/u/5737049482", "verified": true, "verified_type": 0, "domain": "", "weihao": "", "verified_type_ext": 1, "avatar_large": "https://tvax4.sinaimg.cn/crop.0.0.512.512.180/006gg4Ealy8g4mw5qrinhj30e80e8t9b.jpg?KID=imgbed,tva&Expires=1647871850&ssig=ff9i2D9I%2Bh", "avatar_hd": "https://tvax4.sinaimg.cn/crop.0.0.512.512.1024/006gg4Ealy8g4mw5qrinhj30e80e8t9b.jpg?KID=imgbed,tva&Expires=1647871850&ssig=wxG%2BGmyEi%2F", "follow_me": false, "following": false, "mbrank": 7, "mbtype": 12, "planet_video": false, "icon_list": [{"type": "vip", "data": {"mbrank": 7, "mbtype": 12}}, {"type": "icon", "data": {"value": "1", "icon_img": "http://n.sinaimg.cn/www/ea31a93f/20220213/feed_icon_BingDwenDwenShueyRhonRhon@2x.png", "title": "微博实现一墩一融", "url": "https://s.weibo.com/weibo?q=%23为中国冬奥健儿加油%23"}}], "can_edit": false, "textLength": 34, "source": "漫威超话", "favorited": false, "cardid": "star_324", "pic_ids": ["006gg4Eagy1h0hgwikp8gj30zo16l7fl"], "geo": null, "pic_num": 1, "is_paid": false, "mblog_vip_type": 0, "comments_count": 22, "attitudes_count": 265, "attitudes_status": 0, "isLongText": false, "mlevel": 0, "content_auth": 0, "is_show_bulletin": 3, "mblogtype": 0, "showFeedRepost": false, "showFeedComment": false, "pictureViewerSign": false, "showPictureViewer": false, "repost_type": null, "share_repost_type": 0, "text": "Snapchat上娃娃脸版的漫威角色[doge] ​​​"}, "children": [{"mid": "4749505934658424", "mblogid": "LkLShjxRS", "uid": 7477900769, "name": "饶冷吉", "data": {"visible_type": 0, "visible_list_id": 0, "time": "2022-03-21 17:11:58", "profile_image_url": "https://tvax1.sinaimg.cn/default/images/default_avatar_female_50.gif?KID=imgbed,tva&Expires=1647871850&ssig=Mu7pMm1AJD", "profile_url": "/u/7477900769", "verified": false, "verified_type": -1, "domain": "", "weihao": "", "verified_type_ext": null, "avatar_large": "https://tvax1.sinaimg.cn/default/images/default_avatar_female_180.gif?KID=imgbed,tva&Expires=1647871850&ssig=AkVVU%2BEv%2F9", "avatar_hd": "https://tvax1.sinaimg.cn/default/images/default_avatar_female_180.gif?KID=imgbed,tva&Expires=1647871850&ssig=AkVVU%2BEv%2F9", "follow_me": false, "following": false, "mbrank": 0, "mbtype": 0, "planet_video": true, "icon_list": [], "can_edit": false, "textLength": null, "source": "微博 HTML5 版", "favorited": false, "cardid": null, "pic_ids": [], "geo": null, "pic_num": 0, "is_paid": false, "mblog_vip_type": 0, "comments_count": 0, "attitudes_count": 0, "attitudes_status": 0, "isLongText": false, "mlevel": 0, "content_auth": 0, "is_show_bulletin": 2, "mblogtype": 0, "showFeedRepost": false, "showFeedComment": false, "pictureViewerSign": false, "showPictureViewer": false, "repost_type": 3, "share_repost_type": 0, "text": "转发微博"}, "pid": "4749458657513032"}]}