{"mid": "4749469977678364", "mblogid": "LkKWhwduA", "uid": 7258536407, "name": "叨哥胡侃", "data": {"visible_type": 0, "visible_list_id": 0, "time": "2022-03-21 14:49:06", "profile_image_url": "https://tvax1.sinaimg.cn/crop.40.78.221.221.50/007Ve4TRly8gjvsye213wj308c08cad0.jpg?KID=imgbed,tva&Expires=1647889175&ssig=OlNsv2lxf2", "profile_url": "/u/7258536407", "verified": true, "verified_type": 0, "domain": "", "weihao": "", "verified_type_ext": 1, "avatar_large": "https://tvax1.sinaimg.cn/crop.40.78.221.221.180/007Ve4TRly8gjvsye213wj308c08cad0.jpg?KID=imgbed,tva&Expires=1647889175&ssig=vruGX5FZb6", "avatar_hd": "https://tvax1.sinaimg.cn/crop.40.78.221.221.1024/007Ve4TRly8gjvsye213wj308c08cad0.jpg?KID=imgbed,tva&Expires=1647889175&ssig=txCvylDopU", "follow_me": false, "following": false, "mbrank": 6, "mbtype": 11, "planet_video": false, "icon_list": [{"type": "vip", "data": {"mbrank": 6, "mbtype": 11}}], "can_edit": false, "textLength": 176, "source": "iPhone 12", "favorited": false, "cardid": null, "pic_ids": ["007Ve4TRgy1h0hi5xvwnxj30wi1yc7kn"], "geo": null, "pic_num": 1, "is_paid": false, "mblog_vip_type": 0, "comments_count": 64, "attitudes_count": 324, "attitudes_status": 0, "isLongText": false, "mlevel": 0, "content_auth": 0, "is_show_bulletin": 2, "mblogtype": 0, "showFeedRepost": false, "showFeedComment": false, "pictureViewerSign": false, "showPictureViewer": false, "repost_type": null, "share_repost_type": 0, "text": "#罗永浩最早下个月还完债务#罗永浩又辟谣了[吃瓜]其实，最终需要偿还的债务比初始的6.7亿，多出了1个多亿，总计将近8个亿。如果真的短短3年还完，不得不佩服罗永浩的人品，还有赚钱的能力。 ​​​"}, "children": [{"mid": "4749470308761707", "mblogid": "LkKWOALjR", "uid": 3200528902, "name": "土坡坡上不去", "data": {"visible_type": 0, "visible_list_id": 0, "time": "2022-03-21 14:50:24", "profile_image_url": "https://tvax1.sinaimg.cn/crop.0.0.996.996.50/bec43206ly8g0s696ahn2j20ro0ro0v5.jpg?KID=imgbed,tva&Expires=1647889208&ssig=m%2BC3bNE4eh", "profile_url": "/u/3200528902", "verified": false, "verified_type": -1, "domain": "", "weihao": "", "verified_type_ext": null, "avatar_large": "https://tvax1.sinaimg.cn/crop.0.0.996.996.180/bec43206ly8g0s696ahn2j20ro0ro0v5.jpg?KID=imgbed,tva&Expires=1647889208&ssig=V0AdibuTtd", "avatar_hd": "https://tvax1.sinaimg.cn/crop.0.0.996.996.1024/bec43206ly8g0s696ahn2j20ro0ro0v5.jpg?KID=imgbed,tva&Expires=1647889208&ssig=7suub%2Bin10", "follow_me": false, "following": false, "mbrank": 0, "mbtype": 0, "planet_video": false, "icon_list": [{"type": "icon", "data": {"value": "1", "icon_img": "http://n.sinaimg.cn/www/ea31a93f/20220213/feed_icon_BingDwenDwenShueyRhonRhon@2x.png", "title": "微博实现一墩一融", "url": "https://s.weibo.com/weibo?q=%23为中国冬奥健儿加油%23"}}], "can_edit": false, "textLength": null, "source": "荣耀V20 4800万3D相机", "favorited": false, "cardid": null, "pic_ids": [], "geo": null, "pic_num": 0, "is_paid": false, "mblog_vip_type": 0, "comments_count": 0, "attitudes_count": 0, "attitudes_status": 0, "isLongText": false, "mlevel": 0, "content_auth": 0, "is_show_bulletin": 2, "mblogtype": 0, "showFeedRepost": false, "showFeedComment": false, "pictureViewerSign": false, "showPictureViewer": false, "repost_type": 4, "share_repost_type": 0, "text": "这赚钱能力太强了"}, "pid": "4749469977678364"}, {"mid": "4749470338384077", "mblogid": "LkKWRzb53", "uid": 3318410220, "name": "蓝色的忧郁一", "data": {"visible_type": 0, "visible_list_id": 0, "time": "2022-03-21 14:50:31", "profile_image_url": "https://tvax1.sinaimg.cn/crop.0.0.996.996.50/c5caebecly8gybtcglwopj20ro0romyk.jpg?KID=imgbed,tva&Expires=1647889208&ssig=TopFqKVcwx", "profile_url": "/u/3318410220", "verified": false, "verified_type": -1, "domain": "", "weihao": "", "verified_type_ext": null, "avatar_large": "https://tvax1.sinaimg.cn/crop.0.0.996.996.180/c5caebecly8gybtcglwopj20ro0romyk.jpg?KID=imgbed,tva&Expires=1647889208&ssig=r0M2lZ2%2BsU", "avatar_hd": "https://tvax1.sinaimg.cn/crop.0.0.996.996.1024/c5caebecly8gybtcglwopj20ro0romyk.jpg?KID=imgbed,tva&Expires=1647889208&ssig=iuxLkJp%2B48", "follow_me": false, "following": false, "mbrank": 1, "mbtype": 2, "planet_video": true, "icon_list": [{"type": "icon", "data": {"value": "1", "icon_img": "https://h5.sinaimg.cn/upload/106/1683/2022/03/18/feed_icon_chuntian_default.png", "title": "你好春天", "url": "https://s.weibo.com/weibo/%23%E4%BD%A0%E5%A5%BD%E6%98%A5%E5%A4%A9%23"}}], "can_edit": false, "textLength": null, "source": "HUAWEI Mate 8", "favorited": false, "cardid": null, "pic_ids": [], "geo": null, "pic_num": 0, "is_paid": false, "mblog_vip_type": 0, "comments_count": 0, "attitudes_count": 0, "attitudes_status": 0, "isLongText": false, "mlevel": 0, "content_auth": 0, "is_show_bulletin": 2, "mblogtype": 0, "showFeedRepost": false, "showFeedComment": false, "pictureViewerSign": false, "showPictureViewer": false, "repost_type": 4, "share_repost_type": 0, "text": "真的非常爷们"}, "pid": "4749469977678364"}, {"mid": "4749470337863594", "mblogid": "LkKWRwZGa", "uid": 6440704552, "name": "慧慧真a", "data": {"visible_type": 0, "visible_list_id": 0, "time": "2022-03-21 14:50:32", "profile_image_url": "https://tvax3.sinaimg.cn/crop.0.0.1080.1080.50/0071Sxtuly8gxp4tzmkr4j30u00u0goa.jpg?KID=imgbed,tva&Expires=1647889208&ssig=srYRxGKUkR", "profile_url": "/u/6440704552", "verified": false, "verified_type": -1, "domain": "", "weihao": "", "verified_type_ext": null, "avatar_large": "https://tvax3.sinaimg.cn/crop.0.0.1080.1080.180/0071Sxtuly8gxp4tzmkr4j30u00u0goa.jpg?KID=imgbed,tva&Expires=1647889208&ssig=xrsF28FeLW", "avatar_hd": "https://tvax3.sinaimg.cn/crop.0.0.1080.1080.1024/0071Sxtuly8gxp4tzmkr4j30u00u0goa.jpg?KID=imgbed,tva&Expires=1647889208&ssig=sK%2BzuyGGl4", "follow_me": false, "following": false, "mbrank": 1, "mbtype": 2, "planet_video": true, "icon_list": [{"type": "icon", "data": {"value": "1", "icon_img": "https://h5.sinaimg.cn/upload/106/1683/2022/03/18/feed_icon_chuntian_default.png", "title": "你好春天", "url": "https://s.weibo.com/weibo/%23%E4%BD%A0%E5%A5%BD%E6%98%A5%E5%A4%A9%23"}}], "can_edit": false, "textLength": null, "source": "iPhone客户端", "favorited": false, "cardid": null, "pic_ids": [], "geo": null, "pic_num": 0, "is_paid": false, "mblog_vip_type": 0, "comments_count": 0, "attitudes_count": 0, "attitudes_status": 0, "isLongText": false, "mlevel": 0, "content_auth": 0, "is_show_bulletin": 2, "mblogtype": 0, "showFeedRepost": false, "showFeedComment": false, "pictureViewerSign": false, "showPictureViewer": false, "repost_type": 4, "share_repost_type": 0, "text": "太牛了，三年8个亿"}, "pid": "4749469977678364"}, {"mid": "4749470396319853", "mblogid": "LkKWXqw57", "uid": 1612921454, "name": "个粒粒", "data": {"visible_type": 0, "visible_list_id": 0, "time": "2022-03-21 14:50:45", "profile_image_url": "https://tvax1.sinaimg.cn/crop.0.0.996.996.50/60233a6ely8gzpxpaso23j20ro0ro0tq.jpg?KID=imgbed,tva&Expires=1647889208&ssig=BZrKk7wfqF", "profile_url": "/u/1612921454", "verified": true, "verified_type": 0, "domain": "", "weihao": "", "verified_type_ext": 0, "avatar_large": "https://tvax1.sinaimg.cn/crop.0.0.996.996.180/60233a6ely8gzpxpaso23j20ro0ro0tq.jpg?KID=imgbed,tva&Expires=1647889208&ssig=UeNeAin%2Fqw", "avatar_hd": "https://tvax1.sinaimg.cn/crop.0.0.996.996.1024/60233a6ely8gzpxpaso23j20ro0ro0tq.jpg?KID=imgbed,tva&Expires=1647889208&ssig=BN4PXfWhBM", "follow_me": false, "following": false, "mbrank": 0, "mbtype": 0, "planet_video": true, "icon_list": [], "can_edit": false, "textLength": null, "source": "华为P9手机摄影再突破", "favorited": false, "cardid": null, "pic_ids": [], "geo": null, "pic_num": 0, "is_paid": false, "mblog_vip_type": 0, "comments_count": 0, "attitudes_count": 0, "attitudes_status": 0, "isLongText": false, "mlevel": 0, "content_auth": 0, "is_show_bulletin": 2, "mblogtype": 0, "showFeedRepost": false, "showFeedComment": false, "pictureViewerSign": false, "showPictureViewer": false, "repost_type": 4, "share_repost_type": 0, "text": "太佩服了"}, "pid": "4749469977678364"}, {"mid": "4749470430398382", "mblogid": "LkKX11FDw", "uid": 3260328801, "name": "爱抓鱼的樵夫", "data": {"visible_type": 0, "visible_list_id": 0, "time": "2022-03-21 14:50:53", "profile_image_url": "https://tvax1.sinaimg.cn/crop.0.0.996.996.50/c254ab61ly8gyb1r6jmedj20ro0rodkq.jpg?KID=imgbed,tva&Expires=1647889208&ssig=UHSzkysEOf", "profile_url": "/u/3260328801", "verified": false, "verified_type": -1, "domain": "", "weihao": "", "verified_type_ext": null, "avatar_large": "https://tvax1.sinaimg.cn/crop.0.0.996.996.180/c254ab61ly8gyb1r6jmedj20ro0rodkq.jpg?KID=imgbed,tva&Expires=1647889208&ssig=sJJzyfYpS7", "avatar_hd": "https://tvax1.sinaimg.cn/crop.0.0.996.996.1024/c254ab61ly8gyb1r6jmedj20ro0rodkq.jpg?KID=imgbed,tva&Expires=1647889208&ssig=W%2BYLQMuHbp", "follow_me": false, "following": false, "mbrank": 1, "mbtype": 2, "planet_video": true, "icon_list": [{"type": "icon", "data": {"value": "1", "icon_img": "https://h5.sinaimg.cn/upload/106/1683/2022/03/18/feed_icon_chuntian_default.png", "title": "你好春天", "url": "https://s.weibo.com/weibo/%23%E4%BD%A0%E5%A5%BD%E6%98%A5%E5%A4%A9%23"}}], "can_edit": false, "textLength": null, "source": "华为P9手机摄影再突破", "favorited": false, "cardid": null, "pic_ids": [], "geo": null, "pic_num": 0, "is_paid": false, "mblog_vip_type": 0, "comments_count": 0, "attitudes_count": 0, "attitudes_status": 0, "isLongText": false, "mlevel": 0, "content_auth": 0, "is_show_bulletin": 2, "mblogtype": 0, "showFeedRepost": false, "showFeedComment": false, "pictureViewerSign": false, "showPictureViewer": false, "repost_type": 4, "share_repost_type": 0, "text": "厉害厉害"}, "pid": "4749469977678364"}, {"mid": "4749470438525181", "mblogid": "LkKX1zLMV", "uid": 1016110001, "name": "吐司脏脏包", "data": {"visible_type": 0, "visible_list_id": 0, "time": "2022-03-21 14:50:56", "profile_image_url": "https://tvax2.sinaimg.cn/crop.0.0.440.440.50/3c909bb1ly8gy89ln78rxj20c80c8wem.jpg?KID=imgbed,tva&Expires=1647889208&ssig=4ZknW807QG", "profile_url": "/u/1016110001", "verified": true, "verified_type": 0, "domain": "", "weihao": "", "verified_type_ext": 0, "avatar_large": "https://tvax2.sinaimg.cn/crop.0.0.440.440.180/3c909bb1ly8gy89ln78rxj20c80c8wem.jpg?KID=imgbed,tva&Expires=1647889208&ssig=PWLY6%2BteUs", "avatar_hd": "https://tvax2.sinaimg.cn/crop.0.0.440.440.1024/3c909bb1ly8gy89ln78rxj20c80c8wem.jpg?KID=imgbed,tva&Expires=1647889208&ssig=it0vNMZraS", "follow_me": false, "following": false, "mbrank": 1, "mbtype": 2, "planet_video": false, "icon_list": [{"type": "icon", "data": {"value": "1", "icon_img": "http://n.sinaimg.cn/www/ea31a93f/20220213/feed_icon_BingDwenDwenShueyRhonRhon@2x.png", "title": "微博实现一墩一融", "url": "https://s.weibo.com/weibo?q=%23为中国冬奥健儿加油%23"}}, {"type": "icon", "data": {"value": "1", "icon_img": "https://h5.sinaimg.cn/upload/106/1683/2022/03/18/feed_icon_chuntian_default.png", "title": "你好春天", "url": "https://s.weibo.com/weibo/%23%E4%BD%A0%E5%A5%BD%E6%98%A5%E5%A4%A9%23"}}], "can_edit": false, "textLength": null, "source": "OPPO智能手机", "favorited": false, "cardid": "star_1518", "pic_ids": [], "geo": null, "pic_num": 0, "is_paid": false, "mblog_vip_type": 0, "comments_count": 0, "attitudes_count": 0, "attitudes_status": 0, "isLongText": false, "mlevel": 0, "content_auth": 0, "is_show_bulletin": 2, "mblogtype": 0, "showFeedRepost": false, "showFeedComment": false, "pictureViewerSign": false, "showPictureViewer": false, "repost_type": 4, "share_repost_type": 0, "text": "不管别人的闲事[微风]"}, "pid": "4749469977678364"}, {"mid": "4749470455828243", "mblogid": "LkKX3osbV", "uid": 2644726874, "name": "爱踢球的男人zhangm19", "data": {"visible_type": 0, "visible_list_id": 0, "time": "2022-03-21 14:51:00", "profile_image_url": "https://tvax2.sinaimg.cn/crop.0.0.996.996.50/9da3545aly8gzvqlf5c89j20ro0rodje.jpg?KID=imgbed,tva&Expires=1647889196&ssig=baLURLLpr5", "profile_url": "/u/2644726874", "verified": true, "verified_type": 0, "domain": "", "weihao": "", "verified_type_ext": 0, "avatar_large": "https://tvax2.sinaimg.cn/crop.0.0.996.996.180/9da3545aly8gzvqlf5c89j20ro0rodje.jpg?KID=imgbed,tva&Expires=1647889196&ssig=VeGo0VnAEy", "avatar_hd": "https://tvax2.sinaimg.cn/crop.0.0.996.996.1024/9da3545aly8gzvqlf5c89j20ro0rodje.jpg?KID=imgbed,tva&Expires=1647889196&ssig=LLrzqQ3Wz%2F", "follow_me": false, "following": false, "mbrank": 0, "mbtype": 0, "planet_video": true, "icon_list": [], "can_edit": false, "textLength": null, "source": "华为P9手机摄影再突破", "favorited": false, "cardid": null, "pic_ids": [], "geo": null, "pic_num": 0, "is_paid": false, "mblog_vip_type": 0, "comments_count": 0, "attitudes_count": 0, "attitudes_status": 0, "isLongText": false, "mlevel": 0, "content_auth": 0, "is_show_bulletin": 2, "mblogtype": 0, "showFeedRepost": false, "showFeedComment": false, "pictureViewerSign": false, "showPictureViewer": false, "repost_type": 3, "share_repost_type": 0, "text": "能有几个人像他似的"}, "pid": "4749469977678364"}, {"mid": "4749470463953215", "mblogid": "LkKX4gApx", "uid": 6519992130, "name": "欢乐少不了", "data": {"visible_type": 0, "visible_list_id": 0, "time": "2022-03-21 14:51:02", "profile_image_url": "https://tvax4.sinaimg.cn/crop.0.0.664.664.50/0077fdNoly8gemkngvk8hj30ig0ig0u7.jpg?KID=imgbed,tva&Expires=1647889196&ssig=aRmQap%2FvwA", "profile_url": "/u/6519992130", "verified": true, "verified_type": 0, "domain": "", "weihao": "", "verified_type_ext": 0, "avatar_large": "https://tvax4.sinaimg.cn/crop.0.0.664.664.180/0077fdNoly8gemkngvk8hj30ig0ig0u7.jpg?KID=imgbed,tva&Expires=1647889196&ssig=QvQjelwCTW", "avatar_hd": "https://tvax4.sinaimg.cn/crop.0.0.664.664.1024/0077fdNoly8gemkngvk8hj30ig0ig0u7.jpg?KID=imgbed,tva&Expires=1647889196&ssig=0AyksAS8gX", "follow_me": false, "following": false, "mbrank": 6, "mbtype": 12, "planet_video": false, "icon_list": [{"type": "vip", "data": {"mbrank": 6, "mbtype": 12}}, {"type": "icon", "data": {"value": "1", "icon_img": "http://n.sinaimg.cn/www/ea31a93f/20220213/feed_icon_BingDwenDwenShueyRhonRhon@2x.png", "title": "微博实现一墩一融", "url": "https://s.weibo.com/weibo?q=%23为中国冬奥健儿加油%23"}}], "can_edit": false, "textLength": null, "source": "OPPO Reno5 Pro 5G", "favorited": false, "cardid": "star_1522", "pic_ids": [], "geo": null, "pic_num": 0, "is_paid": false, "mblog_vip_type": 0, "comments_count": 0, "attitudes_count": 0, "attitudes_status": 0, "isLongText": false, "mlevel": 0, "content_auth": 0, "is_show_bulletin": 2, "mblogtype": 0, "showFeedRepost": false, "showFeedComment": false, "pictureViewerSign": false, "showPictureViewer": false, "repost_type": 4, "share_repost_type": 0, "text": "这赚钱能力也太强了。"}, "pid": "4749469977678364"}, {"mid": "4749470472079894", "mblogid": "LkKX58J4G", "uid": 5026762193, "name": "小宝呼话是啊", "data": {"visible_type": 0, "visible_list_id": 0, "time": "2022-03-21 14:51:04", "profile_image_url": "https://tvax3.sinaimg.cn/crop.0.0.360.360.50/005ubMtzly8h070j6tuynj30a00a0jrt.jpg?KID=imgbed,tva&Expires=1647889196&ssig=%2FOCrSK%2BdNg", "profile_url": "/u/5026762193", "verified": true, "verified_type": 0, "domain": "", "weihao": "", "verified_type_ext": 0, "avatar_large": "https://tvax3.sinaimg.cn/crop.0.0.360.360.180/005ubMtzly8h070j6tuynj30a00a0jrt.jpg?KID=imgbed,tva&Expires=1647889196&ssig=V6LtRihlq0", "avatar_hd": "https://tvax3.sinaimg.cn/crop.0.0.360.360.1024/005ubMtzly8h070j6tuynj30a00a0jrt.jpg?KID=imgbed,tva&Expires=1647889196&ssig=mCdLGiXTYp", "follow_me": false, "following": false, "mbrank": 0, "mbtype": 0, "planet_video": true, "icon_list": [], "can_edit": false, "textLength": null, "source": "华为P9手机摄影再突破", "favorited": false, "cardid": null, "pic_ids": [], "geo": null, "pic_num": 0, "is_paid": false, "mblog_vip_type": 0, "comments_count": 0, "attitudes_count": 0, "attitudes_status": 0, "isLongText": false, "mlevel": 0, "content_auth": 0, "is_show_bulletin": 2, "mblogtype": 0, "showFeedRepost": false, "showFeedComment": false, "pictureViewerSign": false, "showPictureViewer": false, "repost_type": 4, "share_repost_type": 0, "text": "罗永浩真的是可爱。"}, "pid": "4749469977678364"}, {"mid": "4749470531850412", "mblogid": "LkKXb7Lnm", "uid": 3943142657, "name": "凉橙没往y", "data": {"visible_type": 0, "visible_list_id": 0, "time": "2022-03-21 14:51:18", "profile_image_url": "https://tvax4.sinaimg.cn/crop.0.0.996.996.50/eb079501ly8ff9nwg3gpgj20ro0ro77p.jpg?KID=imgbed,tva&Expires=1647889196&ssig=N5RpYtQ%2Fur", "profile_url": "/u/3943142657", "verified": true, "verified_type": 0, "domain": "", "weihao": "", "verified_type_ext": 0, "avatar_large": "https://tvax4.sinaimg.cn/crop.0.0.996.996.180/eb079501ly8ff9nwg3gpgj20ro0ro77p.jpg?KID=imgbed,tva&Expires=1647889196&ssig=ETZkxBdscv", "avatar_hd": "https://tvax4.sinaimg.cn/crop.0.0.996.996.1024/eb079501ly8ff9nwg3gpgj20ro0ro77p.jpg?KID=imgbed,tva&Expires=1647889196&ssig=dhEJHu%2BvnA", "follow_me": false, "following": false, "mbrank": 1, "mbtype": 2, "planet_video": true, "icon_list": [{"type": "icon", "data": {"value": "1", "icon_img": "https://h5.sinaimg.cn/upload/106/1683/2022/03/18/feed_icon_chuntian_default.png", "title": "你好春天", "url": "https://s.weibo.com/weibo/%23%E4%BD%A0%E5%A5%BD%E6%98%A5%E5%A4%A9%23"}}], "can_edit": false, "textLength": null, "source": "三星Galaxy Note7", "favorited": false, "cardid": null, "pic_ids": [], "geo": null, "pic_num": 0, "is_paid": false, "mblog_vip_type": 0, "comments_count": 0, "attitudes_count": 0, "attitudes_status": 0, "isLongText": false, "mlevel": 0, "content_auth": 0, "is_show_bulletin": 2, "mblogtype": 0, "showFeedRepost": false, "showFeedComment": false, "pictureViewerSign": false, "showPictureViewer": false, "repost_type": 4, "share_repost_type": 0, "text": "真的非常优秀"}, "pid": "4749469977678364"}, {"mid": "4749470544431956", "mblogid": "LkKXciAXa", "uid": 5728180067, "name": "Mobey陈", "data": {"visible_type": 0, "visible_list_id": 0, "time": "2022-03-21 14:51:20", "profile_image_url": "https://tvax1.sinaimg.cn/crop.0.0.150.150.50/006fERj5ly8gr0tras7mgj3046046weo.jpg?KID=imgbed,tva&Expires=1647889196&ssig=fiNS5Nf%2FJq", "profile_url": "/u/5728180067", "verified": true, "verified_type": 0, "domain": "", "weihao": "", "verified_type_ext": 0, "avatar_large": "https://tvax1.sinaimg.cn/crop.0.0.150.150.180/006fERj5ly8gr0tras7mgj3046046weo.jpg?KID=imgbed,tva&Expires=1647889196&ssig=i%2BuVrQhDvg", "avatar_hd": "https://tvax1.sinaimg.cn/crop.0.0.150.150.1024/006fERj5ly8gr0tras7mgj3046046weo.jpg?KID=imgbed,tva&Expires=1647889196&ssig=9sRy%2FQhFsO", "follow_me": false, "following": false, "mbrank": 1, "mbtype": 2, "planet_video": true, "icon_list": [{"type": "icon", "data": {"value": "1", "icon_img": "https://h5.sinaimg.cn/upload/106/1683/2022/03/18/feed_icon_chuntian_default.png", "title": "你好春天", "url": "https://s.weibo.com/weibo/%23%E4%BD%A0%E5%A5%BD%E6%98%A5%E5%A4%A9%23"}}], "can_edit": false, "textLength": null, "source": "华为P9手机摄影再突破", "favorited": false, "cardid": null, "pic_ids": [], "geo": null, "pic_num": 0, "is_paid": false, "mblog_vip_type": 0, "comments_count": 0, "attitudes_count": 0, "attitudes_status": 0, "isLongText": false, "mlevel": 0, "content_auth": 0, "is_show_bulletin": 2, "mblogtype": 0, "showFeedRepost": false, "showFeedComment": false, "pictureViewerSign": false, "showPictureViewer": false, "repost_type": 4, "share_repost_type": 0, "text": "真羡慕你啊"}, "pid": "4749469977678364"}, {"mid": "4749470561208841", "mblogid": "LkKXe54tr", "uid": 6374462215, "name": "有个爱你的八戒", "data": {"visible_type": 0, "visible_list_id": 0, "time": "2022-03-21 14:51:24", "profile_image_url": "https://tvax1.sinaimg.cn/crop.0.0.996.996.50/006XoAOHly8gx1nbafhn4j30ro0roju4.jpg?KID=imgbed,tva&Expires=1647889196&ssig=RGsfmSmw0D", "profile_url": "/u/6374462215", "verified": false, "verified_type": -1, "domain": "", "weihao": "", "verified_type_ext": null, "avatar_large": "https://tvax1.sinaimg.cn/crop.0.0.996.996.180/006XoAOHly8gx1nbafhn4j30ro0roju4.jpg?KID=imgbed,tva&Expires=1647889196&ssig=xCYF8IwR8V", "avatar_hd": "https://tvax1.sinaimg.cn/crop.0.0.996.996.1024/006XoAOHly8gx1nbafhn4j30ro0roju4.jpg?KID=imgbed,tva&Expires=1647889196&ssig=cLHL4qCRqk", "follow_me": false, "following": false, "mbrank": 1, "mbtype": 2, "planet_video": true, "icon_list": [{"type": "icon", "data": {"value": "1", "icon_img": "https://h5.sinaimg.cn/upload/106/1683/2022/03/18/feed_icon_chuntian_default.png", "title": "你好春天", "url": "https://s.weibo.com/weibo/%23%E4%BD%A0%E5%A5%BD%E6%98%A5%E5%A4%A9%23"}}], "can_edit": false, "textLength": null, "source": "华为P9手机摄影再突破", "favorited": false, "cardid": null, "pic_ids": [], "geo": null, "pic_num": 0, "is_paid": false, "mblog_vip_type": 0, "comments_count": 0, "attitudes_count": 0, "attitudes_status": 0, "isLongText": false, "mlevel": 0, "content_auth": 0, "is_show_bulletin": 2, "mblogtype": 0, "showFeedRepost": false, "showFeedComment": false, "pictureViewerSign": false, "showPictureViewer": false, "repost_type": 4, "share_repost_type": 0, "text": "默默的吃瓜"}, "pid": "4749469977678364"}, {"mid": "4749470559900510", "mblogid": "LkKXdFxzE", "uid": 2240215480, "name": "随意哈屯", "data": {"visible_type": 0, "visible_list_id": 0, "time": "2022-03-21 14:51:25", "profile_image_url": "https://tvax2.sinaimg.cn/crop.0.0.1080.1080.50/8586f9b8ly8gzkzdqw6bwj20u00u040f.jpg?KID=imgbed,tva&Expires=1647889196&ssig=VaUm0ae6AC", "profile_url": "/u/2240215480", "verified": true, "verified_type": 0, "domain": "", "weihao": "", "verified_type_ext": 0, "avatar_large": "https://tvax2.sinaimg.cn/crop.0.0.1080.1080.180/8586f9b8ly8gzkzdqw6bwj20u00u040f.jpg?KID=imgbed,tva&Expires=1647889196&ssig=1WZQLSbUUs", "avatar_hd": "https://tvax2.sinaimg.cn/crop.0.0.1080.1080.1024/8586f9b8ly8gzkzdqw6bwj20u00u040f.jpg?KID=imgbed,tva&Expires=1647889196&ssig=6XQ3OesV10", "follow_me": false, "following": false, "mbrank": 0, "mbtype": 0, "planet_video": true, "icon_list": [], "can_edit": false, "textLength": null, "source": "前后2000万 OPPO R11", "favorited": false, "cardid": null, "pic_ids": [], "geo": null, "pic_num": 0, "is_paid": false, "mblog_vip_type": 0, "comments_count": 0, "attitudes_count": 0, "attitudes_status": 0, "isLongText": false, "mlevel": 0, "content_auth": 0, "is_show_bulletin": 2, "mblogtype": 0, "showFeedRepost": false, "showFeedComment": false, "pictureViewerSign": false, "showPictureViewer": false, "repost_type": 3, "share_repost_type": 0, "text": "终于要还清了！"}, "pid": "4749469977678364"}, {"mid": "4749470582178155", "mblogid": "LkKXg98Dx", "uid": 5850105183, "name": "可可可乐雪碧", "data": {"visible_type": 0, "visible_list_id": 0, "time": "2022-03-21 14:51:29", "profile_image_url": "https://tvax3.sinaimg.cn/crop.0.0.50.50.50/006nUrBdly8gqr311xo2dj3046046mxg.jpg?KID=imgbed,tva&Expires=1647889196&ssig=LzKnTjT5bJ", "profile_url": "/u/5850105183", "verified": true, "verified_type": 0, "domain": "", "weihao": "", "verified_type_ext": 0, "avatar_large": "https://tvax3.sinaimg.cn/crop.0.0.50.50.180/006nUrBdly8gqr311xo2dj3046046mxg.jpg?KID=imgbed,tva&Expires=1647889196&ssig=7efo%2F1RdyE", "avatar_hd": "https://tvax3.sinaimg.cn/crop.0.0.50.50.1024/006nUrBdly8gqr311xo2dj3046046mxg.jpg?KID=imgbed,tva&Expires=1647889196&ssig=7WS8EFWFS%2B", "follow_me": false, "following": false, "mbrank": 0, "mbtype": 0, "planet_video": true, "icon_list": [], "can_edit": false, "textLength": null, "source": "前后2000万 OPPO R11", "favorited": false, "cardid": null, "pic_ids": [], "geo": null, "pic_num": 0, "is_paid": false, "mblog_vip_type": 0, "comments_count": 0, "attitudes_count": 0, "attitudes_status": 0, "isLongText": false, "mlevel": 0, "content_auth": 0, "is_show_bulletin": 2, "mblogtype": 0, "showFeedRepost": false, "showFeedComment": false, "pictureViewerSign": false, "showPictureViewer": false, "repost_type": 1, "share_repost_type": 0, "text": "很厉害。"}, "pid": "4749469977678364"}, {"mid": "4749470586112712", "mblogid": "LkKXgpEc8", "uid": 2112277664, "name": "083月光", "data": {"visible_type": 0, "visible_list_id": 0, "time": "2022-03-21 14:51:31", "profile_image_url": "https://tvax4.sinaimg.cn/crop.0.0.180.180.50/7de6cca0ly8grl3f1tpzqj2050050dfn.jpg?KID=imgbed,tva&Expires=1647889196&ssig=YgRlsvNLlE", "profile_url": "/u/2112277664", "verified": true, "verified_type": 0, "domain": "", "weihao": "", "verified_type_ext": 0, "avatar_large": "https://tvax4.sinaimg.cn/crop.0.0.180.180.180/7de6cca0ly8grl3f1tpzqj2050050dfn.jpg?KID=imgbed,tva&Expires=1647889196&ssig=9XvMqiH%2Bqx", "avatar_hd": "https://tvax4.sinaimg.cn/crop.0.0.180.180.1024/7de6cca0ly8grl3f1tpzqj2050050dfn.jpg?KID=imgbed,tva&Expires=1647889196&ssig=sugSYYAYVI", "follow_me": false, "following": false, "mbrank": 0, "mbtype": 0, "planet_video": true, "icon_list": [{"type": "icon", "data": {"value": "1", "icon_img": "https://h5.sinaimg.cn/upload/106/1683/2022/03/18/feed_icon_chuntian_default.png", "title": "你好春天", "url": "https://s.weibo.com/weibo/%23%E4%BD%A0%E5%A5%BD%E6%98%A5%E5%A4%A9%23"}}], "can_edit": false, "textLength": null, "source": "华为P9手机摄影再突破", "favorited": false, "cardid": null, "pic_ids": [], "geo": null, "pic_num": 0, "is_paid": false, "mblog_vip_type": 0, "comments_count": 0, "attitudes_count": 0, "attitudes_status": 0, "isLongText": false, "mlevel": 0, "content_auth": 0, "is_show_bulletin": 2, "mblogtype": 0, "showFeedRepost": false, "showFeedComment": false, "pictureViewerSign": false, "showPictureViewer": false, "repost_type": 4, "share_repost_type": 0, "text": "默默关注着"}, "pid": "4749469977678364"}, {"mid": "4749470614683994", "mblogid": "LkKXjjEwi", "uid": 1266674507, "name": "走咯婆婆", "data": {"visible_type": 0, "visible_list_id": 0, "time": "2022-03-21 14:51:37", "profile_image_url": "https://tvax4.sinaimg.cn/crop.0.0.1080.1080.50/4b7feb4bly8gzkzfjbjuzj20u00u0ac3.jpg?KID=imgbed,tva&Expires=1647889196&ssig=Xxi5Pt7wv6", "profile_url": "/u/1266674507", "verified": true, "verified_type": 0, "domain": "", "weihao": "", "verified_type_ext": 0, "avatar_large": "https://tvax4.sinaimg.cn/crop.0.0.1080.1080.180/4b7feb4bly8gzkzfjbjuzj20u00u0ac3.jpg?KID=imgbed,tva&Expires=1647889196&ssig=w%2FmG4%2FKbvu", "avatar_hd": "https://tvax4.sinaimg.cn/crop.0.0.1080.1080.1024/4b7feb4bly8gzkzfjbjuzj20u00u0ac3.jpg?KID=imgbed,tva&Expires=1647889196&ssig=wR565cE9Zx", "follow_me": false, "following": false, "mbrank": 0, "mbtype": 0, "planet_video": true, "icon_list": [], "can_edit": false, "textLength": null, "source": "前后2000万 OPPO R11", "favorited": false, "cardid": null, "pic_ids": [], "geo": null, "pic_num": 0, "is_paid": false, "mblog_vip_type": 0, "comments_count": 0, "attitudes_count": 0, "attitudes_status": 0, "isLongText": false, "mlevel": 0, "content_auth": 0, "is_show_bulletin": 2, "mblogtype": 0, "showFeedRepost": false, "showFeedComment": false, "pictureViewerSign": false, "showPictureViewer": false, "repost_type": 1, "share_repost_type": 0, "text": "这也太会赚钱了吧。"}, "pid": "4749469977678364"}, {"mid": "4749470628055499", "mblogid": "LkKXkxNBp", "uid": 5837317287, "name": "私奔到月球j2", "data": {"visible_type": 0, "visible_list_id": 0, "time": "2022-03-21 14:51:40", "profile_image_url": "https://tvax3.sinaimg.cn/crop.0.0.50.50.50/006n2MSPly8gqs7cj0dt8j30460463yl.jpg?KID=imgbed,tva&Expires=1647889196&ssig=fGhODI7SMk", "profile_url": "/u/5837317287", "verified": true, "verified_type": 0, "domain": "", "weihao": "", "verified_type_ext": 0, "avatar_large": "https://tvax3.sinaimg.cn/crop.0.0.50.50.180/006n2MSPly8gqs7cj0dt8j30460463yl.jpg?KID=imgbed,tva&Expires=1647889196&ssig=QgQ1FzAfMl", "avatar_hd": "https://tvax3.sinaimg.cn/crop.0.0.50.50.1024/006n2MSPly8gqs7cj0dt8j30460463yl.jpg?KID=imgbed,tva&Expires=1647889196&ssig=c4QO4yOy%2Bp", "follow_me": false, "following": false, "mbrank": 0, "mbtype": 0, "planet_video": true, "icon_list": [{"type": "icon", "data": {"value": "1", "icon_img": "https://h5.sinaimg.cn/upload/106/1683/2022/03/18/feed_icon_chuntian_default.png", "title": "你好春天", "url": "https://s.weibo.com/weibo/%23%E4%BD%A0%E5%A5%BD%E6%98%A5%E5%A4%A9%23"}}], "can_edit": false, "textLength": null, "source": "华为P9手机摄影再突破", "favorited": false, "cardid": null, "pic_ids": [], "geo": null, "pic_num": 0, "is_paid": false, "mblog_vip_type": 0, "comments_count": 0, "attitudes_count": 0, "attitudes_status": 0, "isLongText": false, "mlevel": 0, "content_auth": 0, "is_show_bulletin": 2, "mblogtype": 0, "showFeedRepost": false, "showFeedComment": false, "pictureViewerSign": false, "showPictureViewer": false, "repost_type": 4, "share_repost_type": 0, "text": "好好加油吧"}, "pid": "4749469977678364"}, {"mid": "4749470627007428", "mblogid": "LkKXktoX2", "uid": 2750172280, "name": "小猪仔吃饱了", "data": {"visible_type": 0, "visible_list_id": 0, "time": "2022-03-21 14:51:41", "profile_image_url": "https://tvax2.sinaimg.cn/crop.0.0.1080.1080.50/a3ec4c78ly8gzkzc3vooyj20u00u0add.jpg?KID=imgbed,tva&Expires=1647889196&ssig=bql7H2hms%2F", "profile_url": "/u/2750172280", "verified": true, "verified_type": 0, "domain": "", "weihao": "", "verified_type_ext": 0, "avatar_large": "https://tvax2.sinaimg.cn/crop.0.0.1080.1080.180/a3ec4c78ly8gzkzc3vooyj20u00u0add.jpg?KID=imgbed,tva&Expires=1647889196&ssig=%2F%2Fvbs8VURQ", "avatar_hd": "https://tvax2.sinaimg.cn/crop.0.0.1080.1080.1024/a3ec4c78ly8gzkzc3vooyj20u00u0add.jpg?KID=imgbed,tva&Expires=1647889196&ssig=0%2BPaAkJy0F", "follow_me": false, "following": false, "mbrank": 0, "mbtype": 0, "planet_video": true, "icon_list": [], "can_edit": false, "textLength": null, "source": "前后2000万 OPPO R11", "favorited": false, "cardid": null, "pic_ids": [], "geo": null, "pic_num": 0, "is_paid": false, "mblog_vip_type": 0, "comments_count": 0, "attitudes_count": 0, "attitudes_status": 0, "isLongText": false, "mlevel": 0, "content_auth": 0, "is_show_bulletin": 2, "mblogtype": 0, "showFeedRepost": false, "showFeedComment": false, "pictureViewerSign": false, "showPictureViewer": false, "repost_type": 3, "share_repost_type": 0, "text": "罗永浩也太厉害了吧。"}, "pid": "4749469977678364"}, {"mid": "4749470644833131", "mblogid": "LkKXmkhjJ", "uid": 2381706547, "name": "步惊雨天堂", "data": {"visible_type": 0, "visible_list_id": 0, "time": "2022-03-21 14:51:45", "profile_image_url": "https://tva1.sinaimg.cn/crop.0.0.180.180.50/8df5f533jw8f8phkiiajbj2050050jrb.jpg?KID=imgbed,tva&Expires=1647889196&ssig=Pz%2B5ngjpNc", "profile_url": "/u/2381706547", "verified": true, "verified_type": 0, "domain": "", "weihao": "", "verified_type_ext": 0, "avatar_large": "https://tva1.sinaimg.cn/crop.0.0.180.180.180/8df5f533jw8f8phkiiajbj2050050jrb.jpg?KID=imgbed,tva&Expires=1647889196&ssig=K7%2B4wYGT%2Bc", "avatar_hd": "https://tva1.sinaimg.cn/crop.0.0.180.180.1024/8df5f533jw8f8phkiiajbj2050050jrb.jpg?KID=imgbed,tva&Expires=1647889196&ssig=RQNGjbrTJt", "follow_me": false, "following": false, "mbrank": 0, "mbtype": 0, "planet_video": true, "icon_list": [{"type": "icon", "data": {"value": "1", "icon_img": "https://h5.sinaimg.cn/upload/106/1683/2022/03/18/feed_icon_chuntian_default.png", "title": "你好春天", "url": "https://s.weibo.com/weibo/%23%E4%BD%A0%E5%A5%BD%E6%98%A5%E5%A4%A9%23"}}], "can_edit": false, "textLength": null, "source": "华为P9手机摄影再突破", "favorited": false, "cardid": null, "pic_ids": [], "geo": null, "pic_num": 0, "is_paid": false, "mblog_vip_type": 0, "comments_count": 0, "attitudes_count": 0, "attitudes_status": 0, "isLongText": false, "mlevel": 0, "content_auth": 0, "is_show_bulletin": 2, "mblogtype": 0, "showFeedRepost": false, "showFeedComment": false, "pictureViewerSign": false, "showPictureViewer": false, "repost_type": 4, "share_repost_type": 0, "text": "太厉害了吧？"}, "pid": "4749469977678364"}, {"mid": "4749470656365263", "mblogid": "LkKXnqHTx", "uid": 1358726984, "name": "神话不是传说在吗", "data": {"visible_type": 0, "visible_list_id": 0, "time": "2022-03-21 14:51:47", "profile_image_url": "https://tvax3.sinaimg.cn/crop.0.0.1080.1080.50/50fc8748ly8gzkzghlj7pj20u00u0jwe.jpg?KID=imgbed,tva&Expires=1647889196&ssig=AdU6yVg58U", "profile_url": "/u/1358726984", "verified": true, "verified_type": 0, "domain": "", "weihao": "", "verified_type_ext": 0, "avatar_large": "https://tvax3.sinaimg.cn/crop.0.0.1080.1080.180/50fc8748ly8gzkzghlj7pj20u00u0jwe.jpg?KID=imgbed,tva&Expires=1647889196&ssig=5SqTOTdyYZ", "avatar_hd": "https://tvax3.sinaimg.cn/crop.0.0.1080.1080.1024/50fc8748ly8gzkzghlj7pj20u00u0jwe.jpg?KID=imgbed,tva&Expires=1647889196&ssig=Wt3jTCacfK", "follow_me": false, "following": false, "mbrank": 0, "mbtype": 0, "planet_video": true, "icon_list": [{"type": "icon", "data": {"value": "1", "icon_img": "https://h5.sinaimg.cn/upload/106/1683/2022/03/18/feed_icon_chuntian_default.png", "title": "你好春天", "url": "https://s.weibo.com/weibo/%23%E4%BD%A0%E5%A5%BD%E6%98%A5%E5%A4%A9%23"}}], "can_edit": false, "textLength": null, "source": "前后2000万 OPPO R11", "favorited": false, "cardid": null, "pic_ids": [], "geo": null, "pic_num": 0, "is_paid": false, "mblog_vip_type": 0, "comments_count": 0, "attitudes_count": 0, "attitudes_status": 0, "isLongText": false, "mlevel": 0, "content_auth": 0, "is_show_bulletin": 2, "mblogtype": 0, "showFeedRepost": false, "showFeedComment": false, "pictureViewerSign": false, "showPictureViewer": false, "repost_type": 1, "share_repost_type": 0, "text": "实在是佩服呀，快要还清了。"}, "pid": "4749469977678364"}, {"mid": "4749470670261516", "mblogid": "LkKXp1620", "uid": 7438195965, "name": "几摆纸逃", "data": {"visible_type": 0, "visible_list_id": 0, "time": "2022-03-21 14:51:51", "profile_image_url": "https://tvax2.sinaimg.cn/crop.0.0.1002.1002.50/0087nUyFly8gzr3bp7yykj30ru0rugon.jpg?KID=imgbed,tva&Expires=1647889196&ssig=KjXCq0ddEv", "profile_url": "/u/7438195965", "verified": true, "verified_type": 0, "domain": "", "weihao": "", "verified_type_ext": 0, "avatar_large": "https://tvax2.sinaimg.cn/crop.0.0.1002.1002.180/0087nUyFly8gzr3bp7yykj30ru0rugon.jpg?KID=imgbed,tva&Expires=1647889196&ssig=OnRj%2BpliEs", "avatar_hd": "https://tvax2.sinaimg.cn/crop.0.0.1002.1002.1024/0087nUyFly8gzr3bp7yykj30ru0rugon.jpg?KID=imgbed,tva&Expires=1647889196&ssig=L18lZ%2FgFud", "follow_me": false, "following": false, "mbrank": 0, "mbtype": 0, "planet_video": true, "icon_list": [{"type": "icon", "data": {"value": "1", "icon_img": "https://h5.sinaimg.cn/upload/106/1683/2022/03/18/feed_icon_chuntian_default.png", "title": "你好春天", "url": "https://s.weibo.com/weibo/%23%E4%BD%A0%E5%A5%BD%E6%98%A5%E5%A4%A9%23"}}], "can_edit": false, "textLength": null, "source": "小米Note 3 拍人更美", "favorited": false, "cardid": null, "pic_ids": [], "geo": null, "pic_num": 0, "is_paid": false, "mblog_vip_type": 0, "comments_count": 0, "attitudes_count": 0, "attitudes_status": 0, "isLongText": false, "mlevel": 0, "content_auth": 0, "is_show_bulletin": 2, "mblogtype": 0, "showFeedRepost": false, "showFeedComment": false, "pictureViewerSign": false, "showPictureViewer": false, "repost_type": 4, "share_repost_type": 0, "text": "真的太厉害了"}, "pid": "4749469977678364"}, {"mid": "4749470694378449", "mblogid": "LkKXrin29", "uid": 1943236647, "name": "小宝嘿吖啊", "data": {"visible_type": 0, "visible_list_id": 0, "time": "2022-03-21 14:51:57", "profile_image_url": "https://tva2.sinaimg.cn/crop.0.0.180.180.50/73d37027jw8f8ozymw71vj2050050jrg.jpg?KID=imgbed,tva&Expires=1647889196&ssig=FbRZWejcnh", "profile_url": "/u/1943236647", "verified": true, "verified_type": 0, "domain": "", "weihao": "", "verified_type_ext": 0, "avatar_large": "https://tva2.sinaimg.cn/crop.0.0.180.180.180/73d37027jw8f8ozymw71vj2050050jrg.jpg?KID=imgbed,tva&Expires=1647889196&ssig=wHGp3xVrik", "avatar_hd": "https://tva2.sinaimg.cn/crop.0.0.180.180.1024/73d37027jw8f8ozymw71vj2050050jrg.jpg?KID=imgbed,tva&Expires=1647889196&ssig=BS8kSO9JM2", "follow_me": false, "following": false, "mbrank": 0, "mbtype": 0, "planet_video": true, "icon_list": [], "can_edit": false, "textLength": null, "source": "华为P9手机摄影再突破", "favorited": false, "cardid": null, "pic_ids": [], "geo": null, "pic_num": 0, "is_paid": false, "mblog_vip_type": 0, "comments_count": 0, "attitudes_count": 0, "attitudes_status": 0, "isLongText": false, "mlevel": 0, "content_auth": 0, "is_show_bulletin": 2, "mblogtype": 0, "showFeedRepost": false, "showFeedComment": false, "pictureViewerSign": false, "showPictureViewer": false, "repost_type": 4, "share_repost_type": 0, "text": "真的很厉害"}, "pid": "4749469977678364"}, {"mid": "4749470703813984", "mblogid": "LkKXsg0bS", "uid": 1211158684, "name": "玲珑塔主玲珑塔", "data": {"visible_type": 0, "visible_list_id": 0, "time": "2022-03-21 14:51:58", "profile_image_url": "https://tvax1.sinaimg.cn/crop.0.0.1080.1080.50/4830d09cly8gzpxn2e6wtj20u00u0q4x.jpg?KID=imgbed,tva&Expires=1647889196&ssig=uZgwR1aFU%2F", "profile_url": "/u/1211158684", "verified": true, "verified_type": 0, "domain": "", "weihao": "", "verified_type_ext": 0, "avatar_large": "https://tvax1.sinaimg.cn/crop.0.0.1080.1080.180/4830d09cly8gzpxn2e6wtj20u00u0q4x.jpg?KID=imgbed,tva&Expires=1647889196&ssig=%2BgxpRfUd7o", "avatar_hd": "https://tvax1.sinaimg.cn/crop.0.0.1080.1080.1024/4830d09cly8gzpxn2e6wtj20u00u0q4x.jpg?KID=imgbed,tva&Expires=1647889196&ssig=8%2FVTVA7XiZ", "follow_me": false, "following": false, "mbrank": 0, "mbtype": 0, "planet_video": true, "icon_list": [{"type": "icon", "data": {"value": "1", "icon_img": "https://h5.sinaimg.cn/upload/106/1683/2022/03/18/feed_icon_chuntian_default.png", "title": "你好春天", "url": "https://s.weibo.com/weibo/%23%E4%BD%A0%E5%A5%BD%E6%98%A5%E5%A4%A9%23"}}], "can_edit": false, "textLength": null, "source": "华为P9手机摄影再突破", "favorited": false, "cardid": null, "pic_ids": [], "geo": null, "pic_num": 0, "is_paid": false, "mblog_vip_type": 0, "comments_count": 0, "attitudes_count": 0, "attitudes_status": 0, "isLongText": false, "mlevel": 0, "content_auth": 0, "is_show_bulletin": 2, "mblogtype": 0, "showFeedRepost": false, "showFeedComment": false, "pictureViewerSign": false, "showPictureViewer": false, "repost_type": 4, "share_repost_type": 0, "text": "他怎么做到的"}, "pid": "4749469977678364"}, {"mid": "4749470753100006", "mblogid": "LkKXxd0s6", "uid": 3074210032, "name": "掷猪矽狙蜘", "data": {"visible_type": 0, "visible_list_id": 0, "time": "2022-03-21 14:52:11", "profile_image_url": "https://tvax3.sinaimg.cn/crop.0.0.1080.1080.50/b73cb8f0ly8h0aci6at5mj20u00u0dmp.jpg?KID=imgbed,tva&Expires=1647889196&ssig=%2Bhhq%2Fm5J9m", "profile_url": "/u/3074210032", "verified": true, "verified_type": 0, "domain": "", "weihao": "", "verified_type_ext": 0, "avatar_large": "https://tvax3.sinaimg.cn/crop.0.0.1080.1080.180/b73cb8f0ly8h0aci6at5mj20u00u0dmp.jpg?KID=imgbed,tva&Expires=1647889196&ssig=LcAPdIulZC", "avatar_hd": "https://tvax3.sinaimg.cn/crop.0.0.1080.1080.1024/b73cb8f0ly8h0aci6at5mj20u00u0dmp.jpg?KID=imgbed,tva&Expires=1647889196&ssig=a24Bdeg22Z", "follow_me": false, "following": false, "mbrank": 0, "mbtype": 0, "planet_video": true, "icon_list": [], "can_edit": false, "textLength": null, "source": "华为P9手机摄影再突破", "favorited": false, "cardid": null, "pic_ids": [], "geo": null, "pic_num": 0, "is_paid": false, "mblog_vip_type": 0, "comments_count": 0, "attitudes_count": 0, "attitudes_status": 0, "isLongText": false, "mlevel": 0, "content_auth": 0, "is_show_bulletin": 2, "mblogtype": 0, "showFeedRepost": false, "showFeedComment": false, "pictureViewerSign": false, "showPictureViewer": false, "repost_type": 4, "share_repost_type": 0, "text": "很优秀啊！"}, "pid": "4749469977678364"}, {"mid": "4749470757295238", "mblogid": "LkKXxuBP8", "uid": 5090014292, "name": "城堡与小宝啊", "data": {"visible_type": 0, "visible_list_id": 0, "time": "2022-03-21 14:52:12", "profile_image_url": "https://tva2.sinaimg.cn/crop.0.0.690.690.50/005ytbeIjw8f0bke9wlitj30j60j6goj.jpg?KID=imgbed,tva&Expires=1647889196&ssig=Z741dDMYwl", "profile_url": "/u/5090014292", "verified": true, "verified_type": 0, "domain": "", "weihao": "", "verified_type_ext": 0, "avatar_large": "https://tva2.sinaimg.cn/crop.0.0.690.690.180/005ytbeIjw8f0bke9wlitj30j60j6goj.jpg?KID=imgbed,tva&Expires=1647889196&ssig=9GdsXLNaEG", "avatar_hd": "https://tva2.sinaimg.cn/crop.0.0.690.690.1024/005ytbeIjw8f0bke9wlitj30j60j6goj.jpg?KID=imgbed,tva&Expires=1647889196&ssig=RGZlqiX2Yl", "follow_me": false, "following": false, "mbrank": 0, "mbtype": 0, "planet_video": true, "icon_list": [], "can_edit": false, "textLength": null, "source": "华为P9手机摄影再突破", "favorited": false, "cardid": null, "pic_ids": [], "geo": null, "pic_num": 0, "is_paid": false, "mblog_vip_type": 0, "comments_count": 0, "attitudes_count": 0, "attitudes_status": 0, "isLongText": false, "mlevel": 0, "content_auth": 0, "is_show_bulletin": 2, "mblogtype": 0, "showFeedRepost": false, "showFeedComment": false, "pictureViewerSign": false, "showPictureViewer": false, "repost_type": 4, "share_repost_type": 0, "text": "默默的关注"}, "pid": "4749469977678364"}, {"mid": "4749470766467122", "mblogid": "LkKXyr8oq", "uid": 5858995453, "name": "咔咔呀哈哈", "data": {"visible_type": 0, "visible_list_id": 0, "time": "2022-03-21 14:52:14", "profile_image_url": "https://tvax1.sinaimg.cn/crop.0.0.498.498.50/006ovKmFly8gubml8ca63j60du0duaai02.jpg?KID=imgbed,tva&Expires=1647889196&ssig=x0c%2B2Z%2BQbM", "profile_url": "/u/5858995453", "verified": true, "verified_type": 0, "domain": "", "weihao": "", "verified_type_ext": 0, "avatar_large": "https://tvax1.sinaimg.cn/crop.0.0.498.498.180/006ovKmFly8gubml8ca63j60du0duaai02.jpg?KID=imgbed,tva&Expires=1647889196&ssig=vd9Qsz8MiW", "avatar_hd": "https://tvax1.sinaimg.cn/crop.0.0.498.498.1024/006ovKmFly8gubml8ca63j60du0duaai02.jpg?KID=imgbed,tva&Expires=1647889196&ssig=NwNMrX46fI", "follow_me": false, "following": false, "mbrank": 0, "mbtype": 0, "planet_video": true, "icon_list": [{"type": "icon", "data": {"value": "1", "icon_img": "https://h5.sinaimg.cn/upload/106/1683/2022/03/18/feed_icon_chuntian_default.png", "title": "你好春天", "url": "https://s.weibo.com/weibo/%23%E4%BD%A0%E5%A5%BD%E6%98%A5%E5%A4%A9%23"}}], "can_edit": false, "textLength": null, "source": "华为P9手机摄影再突破", "favorited": false, "cardid": null, "pic_ids": [], "geo": null, "pic_num": 0, "is_paid": false, "mblog_vip_type": 0, "comments_count": 0, "attitudes_count": 0, "attitudes_status": 0, "isLongText": false, "mlevel": 0, "content_auth": 0, "is_show_bulletin": 2, "mblogtype": 0, "showFeedRepost": false, "showFeedComment": false, "pictureViewerSign": false, "showPictureViewer": false, "repost_type": 4, "share_repost_type": 0, "text": "真的太厉害了"}, "pid": "4749469977678364"}, {"mid": "4749470798972913", "mblogid": "LkKXBBEgp", "uid": 7388944511, "name": "郝稍途", "data": {"visible_type": 0, "visible_list_id": 0, "time": "2022-03-21 14:52:21", "profile_image_url": "https://tvax2.sinaimg.cn/crop.0.0.996.996.50/00843g0nly8gzrw8hrzzpj30ro0ron04.jpg?KID=imgbed,tva&Expires=1647889175&ssig=EMceHgWe5M", "profile_url": "/u/7388944511", "verified": true, "verified_type": 0, "domain": "", "weihao": "", "verified_type_ext": 0, "avatar_large": "https://tvax2.sinaimg.cn/crop.0.0.996.996.180/00843g0nly8gzrw8hrzzpj30ro0ron04.jpg?KID=imgbed,tva&Expires=1647889175&ssig=fV1dacihS3", "avatar_hd": "https://tvax2.sinaimg.cn/crop.0.0.996.996.1024/00843g0nly8gzrw8hrzzpj30ro0ron04.jpg?KID=imgbed,tva&Expires=1647889175&ssig=u0ahLB5bge", "follow_me": false, "following": false, "mbrank": 1, "mbtype": 11, "planet_video": true, "icon_list": [{"type": "vip", "data": {"mbrank": 1, "mbtype": 11}}], "can_edit": false, "textLength": null, "source": "华为P9手机摄影再突破", "favorited": false, "cardid": null, "pic_ids": [], "geo": null, "pic_num": 0, "is_paid": false, "mblog_vip_type": 0, "comments_count": 0, "attitudes_count": 0, "attitudes_status": 0, "isLongText": false, "mlevel": 0, "content_auth": 0, "is_show_bulletin": 2, "mblogtype": 0, "showFeedRepost": false, "showFeedComment": false, "pictureViewerSign": false, "showPictureViewer": false, "repost_type": 4, "share_repost_type": 0, "text": "真的好厉害啊"}, "pid": "4749469977678364"}, {"mid": "4749470866344491", "mblogid": "LkKXIqCuv", "uid": 5858689593, "name": "贪吃且美女", "data": {"visible_type": 0, "visible_list_id": 0, "time": "2022-03-21 14:52:37", "profile_image_url": "https://tvax4.sinaimg.cn/crop.0.0.498.498.50/006ousNrly8gubml8cqyyj60du0du0ta02.jpg?KID=imgbed,tva&Expires=1647889175&ssig=79TEwbY7rx", "profile_url": "/u/5858689593", "verified": true, "verified_type": 0, "domain": "", "weihao": "", "verified_type_ext": 0, "avatar_large": "https://tvax4.sinaimg.cn/crop.0.0.498.498.180/006ousNrly8gubml8cqyyj60du0du0ta02.jpg?KID=imgbed,tva&Expires=1647889175&ssig=dmDIYK7sKr", "avatar_hd": "https://tvax4.sinaimg.cn/crop.0.0.498.498.1024/006ousNrly8gubml8cqyyj60du0du0ta02.jpg?KID=imgbed,tva&Expires=1647889175&ssig=bOHjNzWhOj", "follow_me": false, "following": false, "mbrank": 0, "mbtype": 0, "planet_video": true, "icon_list": [], "can_edit": false, "textLength": null, "source": "华为P9手机摄影再突破", "favorited": false, "cardid": null, "pic_ids": [], "geo": null, "pic_num": 0, "is_paid": false, "mblog_vip_type": 0, "comments_count": 0, "attitudes_count": 0, "attitudes_status": 0, "isLongText": false, "mlevel": 0, "content_auth": 0, "is_show_bulletin": 2, "mblogtype": 0, "showFeedRepost": false, "showFeedComment": false, "pictureViewerSign": false, "showPictureViewer": false, "repost_type": 4, "share_repost_type": 0, "text": "这也太厉害了吧"}, "pid": "4749469977678364"}, {"mid": "4749506158274300", "mblogid": "LkLSDyIws", "uid": 3784379984, "name": "有一小刀", "data": {"visible_type": 0, "visible_list_id": 0, "time": "2022-03-21 17:12:52", "profile_image_url": "https://tvax1.sinaimg.cn/crop.0.0.996.996.50/e1910e50ly8gnhciyp695j20ro0rojvu.jpg?KID=imgbed,tva&Expires=1647889175&ssig=rEIUWwVVjv", "profile_url": "/u/3784379984", "verified": false, "verified_type": -1, "domain": "", "weihao": "", "verified_type_ext": null, "avatar_large": "https://tvax1.sinaimg.cn/crop.0.0.996.996.180/e1910e50ly8gnhciyp695j20ro0rojvu.jpg?KID=imgbed,tva&Expires=1647889175&ssig=fOxf719k%2Fu", "avatar_hd": "https://tvax1.sinaimg.cn/crop.0.0.996.996.1024/e1910e50ly8gnhciyp695j20ro0rojvu.jpg?KID=imgbed,tva&Expires=1647889175&ssig=M1tfHpN7Ue", "follow_me": false, "following": false, "mbrank": 0, "mbtype": 0, "planet_video": false, "icon_list": [], "can_edit": false, "textLength": null, "source": "荣耀X10Max 5G", "favorited": false, "cardid": null, "pic_ids": [], "geo": null, "pic_num": 0, "is_paid": false, "mblog_vip_type": 0, "comments_count": 0, "attitudes_count": 0, "attitudes_status": 0, "isLongText": false, "mlevel": 0, "content_auth": 0, "is_show_bulletin": 2, "mblogtype": 0, "showFeedRepost": false, "showFeedComment": false, "pictureViewerSign": false, "showPictureViewer": false, "repost_type": 1, "share_repost_type": 0, "text": "转发微博"}, "pid": "4749469977678364"}, {"mid": "4749520769910064", "mblogid": "LkMgcFA3K", "uid": 1867466544, "name": "向日葵pingshengli", "data": {"visible_type": 0, "visible_list_id": 0, "time": "2022-03-21 18:10:55", "profile_image_url": "https://tvax2.sinaimg.cn/crop.0.0.1080.1080.50/6f4f4730ly8gzr7pyoy9cj20u00u078q.jpg?KID=imgbed,tva&Expires=1647889175&ssig=DXdxKzDO4g", "profile_url": "/u/1867466544", "verified": true, "verified_type": 0, "domain": "", "weihao": "", "verified_type_ext": 0, "avatar_large": "https://tvax2.sinaimg.cn/crop.0.0.1080.1080.180/6f4f4730ly8gzr7pyoy9cj20u00u078q.jpg?KID=imgbed,tva&Expires=1647889175&ssig=lEa2G6iAkb", "avatar_hd": "https://tvax2.sinaimg.cn/crop.0.0.1080.1080.1024/6f4f4730ly8gzr7pyoy9cj20u00u078q.jpg?KID=imgbed,tva&Expires=1647889175&ssig=MlxMGv1XqK", "follow_me": false, "following": false, "mbrank": 3, "mbtype": 11, "planet_video": false, "icon_list": [{"type": "vip", "data": {"mbrank": 3, "mbtype": 11}}], "can_edit": false, "textLength": null, "source": "iPhone XS Max", "favorited": false, "cardid": "star_030", "pic_ids": [], "geo": null, "pic_num": 0, "is_paid": false, "mblog_vip_type": 0, "comments_count": 0, "attitudes_count": 0, "attitudes_status": 0, "isLongText": false, "mlevel": 0, "content_auth": 0, "is_show_bulletin": 2, "mblogtype": 0, "showFeedRepost": false, "showFeedComment": false, "pictureViewerSign": false, "showPictureViewer": false, "repost_type": 5, "share_repost_type": 0, "text": "这个真还传值得一看"}, "pid": "4749469977678364"}, {"mid": "4749520770964785", "mblogid": "LkMgd42Z3", "uid": 1648073104, "name": "开心20140101", "data": {"visible_type": 0, "visible_list_id": 0, "time": "2022-03-21 18:10:56", "profile_image_url": "https://tvax1.sinaimg.cn/crop.0.0.480.480.50/623b9990ly8fu74xoiyjdj20dc0dc758.jpg?KID=imgbed,tva&Expires=1647889175&ssig=FtMQ2KxCqW", "profile_url": "/u/1648073104", "verified": true, "verified_type": 0, "domain": "", "weihao": "", "verified_type_ext": 0, "avatar_large": "https://tvax1.sinaimg.cn/crop.0.0.480.480.180/623b9990ly8fu74xoiyjdj20dc0dc758.jpg?KID=imgbed,tva&Expires=1647889175&ssig=xO%2Fqy7v1rH", "avatar_hd": "https://tvax1.sinaimg.cn/crop.0.0.480.480.1024/623b9990ly8fu74xoiyjdj20dc0dc758.jpg?KID=imgbed,tva&Expires=1647889175&ssig=ZTcGJLhCEV", "follow_me": false, "following": false, "mbrank": 0, "mbtype": 0, "planet_video": false, "icon_list": [{"type": "icon", "data": {"value": "1", "icon_img": "http://n.sinaimg.cn/www/ea31a93f/20220213/feed_icon_BingDwenDwenShueyRhonRhon@2x.png", "title": "微博实现一墩一融", "url": "https://s.weibo.com/weibo?q=%23为中国冬奥健儿加油%23"}}, {"type": "icon", "data": {"value": "1", "icon_img": "https://h5.sinaimg.cn/upload/106/1683/2022/03/18/feed_icon_chuntian_default.png", "title": "你好春天", "url": "https://s.weibo.com/weibo/%23%E4%BD%A0%E5%A5%BD%E6%98%A5%E5%A4%A9%23"}}], "can_edit": false, "textLength": null, "source": "前置双摄vivo X9", "favorited": false, "cardid": null, "pic_ids": [], "geo": null, "pic_num": 0, "is_paid": false, "mblog_vip_type": 0, "comments_count": 0, "attitudes_count": 0, "attitudes_status": 0, "isLongText": false, "mlevel": 0, "content_auth": 0, "is_show_bulletin": 2, "mblogtype": 0, "showFeedRepost": false, "showFeedComment": false, "pictureViewerSign": false, "showPictureViewer": false, "repost_type": 5, "share_repost_type": 0, "text": "默默关注着"}, "pid": "4749469977678364"}, {"mid": "4749520841476250", "mblogid": "LkMgk6c2u", "uid": 1872767732, "name": "Louis--Qin_831_340", "data": {"visible_type": 0, "visible_list_id": 0, "time": "2022-03-21 18:11:13", "profile_image_url": "https://tva2.sinaimg.cn/crop.0.0.180.180.50/6fa02af4jw1e8qgp5bmzyj2050050aa8.jpg?KID=imgbed,tva&Expires=1647889175&ssig=GDyXyzBv%2Fx", "profile_url": "/u/1872767732", "verified": true, "verified_type": 0, "domain": "lukasqin", "weihao": "", "verified_type_ext": 0, "avatar_large": "https://tva2.sinaimg.cn/crop.0.0.180.180.180/6fa02af4jw1e8qgp5bmzyj2050050aa8.jpg?KID=imgbed,tva&Expires=1647889175&ssig=%2FVcraHc6T8", "avatar_hd": "https://tva2.sinaimg.cn/crop.0.0.180.180.1024/6fa02af4jw1e8qgp5bmzyj2050050aa8.jpg?KID=imgbed,tva&Expires=1647889175&ssig=rmGjmcl75v", "follow_me": false, "following": false, "mbrank": 0, "mbtype": 0, "planet_video": true, "icon_list": [], "can_edit": false, "textLength": null, "source": "nova8SE 和你瞬间来电", "favorited": false, "cardid": null, "pic_ids": [], "geo": null, "pic_num": 0, "is_paid": false, "mblog_vip_type": 0, "comments_count": 0, "attitudes_count": 0, "attitudes_status": 0, "isLongText": false, "mlevel": 0, "content_auth": 0, "is_show_bulletin": 2, "mblogtype": 0, "showFeedRepost": false, "showFeedComment": false, "pictureViewerSign": false, "showPictureViewer": false, "repost_type": 4, "share_repost_type": 0, "text": "真的太厉害了，太牛了"}, "pid": "4749469977678364"}, {"mid": "4749520866902362", "mblogid": "LkMgmsXCq", "uid": 3759491817, "name": "逍遥剑客啊", "data": {"visible_type": 0, "visible_list_id": 0, "time": "2022-03-21 18:11:18", "profile_image_url": "https://tva2.sinaimg.cn/crop.26.19.432.432.50/e0154ae9tw1ebuqovtfk7j20dn0d4401.jpg?KID=imgbed,tva&Expires=1647889175&ssig=PamJJblzv6", "profile_url": "/u/3759491817", "verified": true, "verified_type": 0, "domain": "", "weihao": "", "verified_type_ext": 0, "avatar_large": "https://tva2.sinaimg.cn/crop.26.19.432.432.180/e0154ae9tw1ebuqovtfk7j20dn0d4401.jpg?KID=imgbed,tva&Expires=1647889175&ssig=zPkmDEwcZh", "avatar_hd": "https://tva2.sinaimg.cn/crop.26.19.432.432.1024/e0154ae9tw1ebuqovtfk7j20dn0d4401.jpg?KID=imgbed,tva&Expires=1647889175&ssig=Sx7hXUVnQQ", "follow_me": false, "following": false, "mbrank": 1, "mbtype": 11, "planet_video": true, "icon_list": [{"type": "vip", "data": {"mbrank": 1, "mbtype": 11}}], "can_edit": false, "textLength": null, "source": "荣耀手机 勇敢做自己", "favorited": false, "cardid": null, "pic_ids": [], "geo": null, "pic_num": 0, "is_paid": false, "mblog_vip_type": 0, "comments_count": 0, "attitudes_count": 0, "attitudes_status": 0, "isLongText": false, "mlevel": 0, "content_auth": 0, "is_show_bulletin": 2, "mblogtype": 0, "showFeedRepost": false, "showFeedComment": false, "pictureViewerSign": false, "showPictureViewer": false, "repost_type": 4, "share_repost_type": 0, "text": "罗老师真的是好厉害"}, "pid": "4749469977678364"}, {"mid": "4749520875820121", "mblogid": "LkMgnoq4V", "uid": 6424734836, "name": "mm秋风落叶黄", "data": {"visible_type": 0, "visible_list_id": 0, "time": "2022-03-21 18:11:21", "profile_image_url": "https://tvax1.sinaimg.cn/crop.0.0.996.996.50/0070Nx1qly8gw4gwwkkl0j30ro0rogql.jpg?KID=imgbed,tva&Expires=1647889175&ssig=PzHCZyqocn", "profile_url": "/u/6424734836", "verified": false, "verified_type": -1, "domain": "", "weihao": "", "verified_type_ext": null, "avatar_large": "https://tvax1.sinaimg.cn/crop.0.0.996.996.180/0070Nx1qly8gw4gwwkkl0j30ro0rogql.jpg?KID=imgbed,tva&Expires=1647889175&ssig=k0ekYDAsOU", "avatar_hd": "https://tvax1.sinaimg.cn/crop.0.0.996.996.1024/0070Nx1qly8gw4gwwkkl0j30ro0rogql.jpg?KID=imgbed,tva&Expires=1647889175&ssig=EQ4gB%2FrZPb", "follow_me": false, "following": false, "mbrank": 2, "mbtype": 2, "planet_video": false, "icon_list": [], "can_edit": false, "textLength": null, "source": "vivo 全新水滴屏手机", "favorited": false, "cardid": null, "pic_ids": [], "geo": null, "pic_num": 0, "is_paid": false, "mblog_vip_type": 0, "comments_count": 0, "attitudes_count": 0, "attitudes_status": 0, "isLongText": false, "mlevel": 0, "content_auth": 0, "is_show_bulletin": 2, "mblogtype": 0, "showFeedRepost": false, "showFeedComment": false, "pictureViewerSign": false, "showPictureViewer": false, "repost_type": 1, "share_repost_type": 0, "text": "罗永浩又辟谣了"}, "pid": "4749469977678364"}, {"mid": "4749520892598375", "mblogid": "LkMgpaTXh", "uid": 3536959052, "name": "爽爽大姐姐", "data": {"visible_type": 0, "visible_list_id": 0, "time": "2022-03-21 18:11:25", "profile_image_url": "https://tva4.sinaimg.cn/crop.0.0.374.374.50/d2d1b64cjw8eli2dtcwk4j20ae0ae3ys.jpg?KID=imgbed,tva&Expires=1647889175&ssig=zSFgVeKPSs", "profile_url": "/u/3536959052", "verified": true, "verified_type": 0, "domain": "", "weihao": "", "verified_type_ext": 0, "avatar_large": "https://tva4.sinaimg.cn/crop.0.0.374.374.180/d2d1b64cjw8eli2dtcwk4j20ae0ae3ys.jpg?KID=imgbed,tva&Expires=1647889175&ssig=tH24bMLpDi", "avatar_hd": "https://tva4.sinaimg.cn/crop.0.0.374.374.1024/d2d1b64cjw8eli2dtcwk4j20ae0ae3ys.jpg?KID=imgbed,tva&Expires=1647889175&ssig=%2BgDbfavmRk", "follow_me": false, "following": false, "mbrank": 0, "mbtype": 0, "planet_video": true, "icon_list": [], "can_edit": false, "textLength": null, "source": "荣耀手机 勇敢做自己", "favorited": false, "cardid": null, "pic_ids": [], "geo": null, "pic_num": 0, "is_paid": false, "mblog_vip_type": 0, "comments_count": 0, "attitudes_count": 0, "attitudes_status": 0, "isLongText": false, "mlevel": 0, "content_auth": 0, "is_show_bulletin": 2, "mblogtype": 0, "showFeedRepost": false, "showFeedComment": false, "pictureViewerSign": false, "showPictureViewer": false, "repost_type": 4, "share_repost_type": 0, "text": "罗永浩真的是人生巅峰"}, "pid": "4749469977678364"}, {"mid": "4749520912521891", "mblogid": "LkMgraA3F", "uid": 2572371512, "name": "甛甛锝悅寶儿", "data": {"visible_type": 0, "visible_list_id": 0, "time": "2022-03-21 18:11:30", "profile_image_url": "https://tva4.sinaimg.cn/crop.0.0.200.200.50/99534638jw1eybw5dr27wj205k05kjr6.jpg?KID=imgbed,tva&Expires=1647889175&ssig=ymtLgOVLUr", "profile_url": "/u/2572371512", "verified": true, "verified_type": 0, "domain": "", "weihao": "", "verified_type_ext": 0, "avatar_large": "https://tva4.sinaimg.cn/crop.0.0.200.200.180/99534638jw1eybw5dr27wj205k05kjr6.jpg?KID=imgbed,tva&Expires=1647889175&ssig=ynxOhgQGv2", "avatar_hd": "https://tva4.sinaimg.cn/crop.0.0.200.200.1024/99534638jw1eybw5dr27wj205k05kjr6.jpg?KID=imgbed,tva&Expires=1647889175&ssig=3c4h6CeuIE", "follow_me": false, "following": false, "mbrank": 0, "mbtype": 0, "planet_video": false, "icon_list": [{"type": "icon", "data": {"value": "1", "icon_img": "https://h5.sinaimg.cn/upload/106/1683/2022/03/18/feed_icon_chuntian_default.png", "title": "你好春天", "url": "https://s.weibo.com/weibo/%23%E4%BD%A0%E5%A5%BD%E6%98%A5%E5%A4%A9%23"}}], "can_edit": false, "textLength": null, "source": "HUAWEI Mate30 Pro 5G", "favorited": false, "cardid": null, "pic_ids": [], "geo": null, "pic_num": 0, "is_paid": false, "mblog_vip_type": 0, "comments_count": 0, "attitudes_count": 0, "attitudes_status": 0, "isLongText": false, "mlevel": 0, "content_auth": 0, "is_show_bulletin": 2, "mblogtype": 0, "showFeedRepost": false, "showFeedComment": false, "pictureViewerSign": false, "showPictureViewer": false, "repost_type": 3, "share_repost_type": 0, "text": "静静地当一枚吃瓜群众吧[打call]"}, "pid": "4749469977678364"}, {"mid": "4749521034675873", "mblogid": "LkMgDjCpj", "uid": 1918173472, "name": "我是晶胞", "data": {"visible_type": 0, "visible_list_id": 0, "time": "2022-03-21 18:11:58", "profile_image_url": "https://tva4.sinaimg.cn/crop.0.0.180.180.50/72550120jw8f6ek4v6fi0j205005074d.jpg?KID=imgbed,tva&Expires=1647889175&ssig=%2FBvFC8U2Hc", "profile_url": "/u/1918173472", "verified": true, "verified_type": 0, "domain": "", "weihao": "", "verified_type_ext": 0, "avatar_large": "https://tva4.sinaimg.cn/crop.0.0.180.180.180/72550120jw8f6ek4v6fi0j205005074d.jpg?KID=imgbed,tva&Expires=1647889175&ssig=sDEJlPF7Kv", "avatar_hd": "https://tva4.sinaimg.cn/crop.0.0.180.180.1024/72550120jw8f6ek4v6fi0j205005074d.jpg?KID=imgbed,tva&Expires=1647889175&ssig=Jv0%2F82xCNZ", "follow_me": false, "following": false, "mbrank": 0, "mbtype": 0, "planet_video": true, "icon_list": [], "can_edit": false, "textLength": null, "source": "荣耀手机 勇敢做自己", "favorited": false, "cardid": null, "pic_ids": [], "geo": null, "pic_num": 0, "is_paid": false, "mblog_vip_type": 0, "comments_count": 0, "attitudes_count": 0, "attitudes_status": 0, "isLongText": false, "mlevel": 0, "content_auth": 0, "is_show_bulletin": 2, "mblogtype": 0, "showFeedRepost": false, "showFeedComment": false, "pictureViewerSign": false, "showPictureViewer": false, "repost_type": 4, "share_repost_type": 0, "text": "罗老师真的是太厉害了"}, "pid": "4749469977678364"}, {"mid": "4749521425273779", "mblogid": "LkMhgm7WX", "uid": 2695751041, "name": "光圈岁月", "data": {"visible_type": 0, "visible_list_id": 0, "time": "2022-03-21 18:13:32", "profile_image_url": "https://tva4.sinaimg.cn/crop.0.0.180.180.50/a0ade581jw1e8qgp5bmzyj2050050aa8.jpg?KID=imgbed,tva&Expires=1647889175&ssig=0uQSbwx%2Fvx", "profile_url": "/u/2695751041", "verified": true, "verified_type": 0, "domain": "", "weihao": "", "verified_type_ext": 0, "avatar_large": "https://tva4.sinaimg.cn/crop.0.0.180.180.180/a0ade581jw1e8qgp5bmzyj2050050aa8.jpg?KID=imgbed,tva&Expires=1647889175&ssig=J8j3Sc6yXo", "avatar_hd": "https://tva4.sinaimg.cn/crop.0.0.180.180.1024/a0ade581jw1e8qgp5bmzyj2050050aa8.jpg?KID=imgbed,tva&Expires=1647889175&ssig=zKu5RVLacv", "follow_me": false, "following": false, "mbrank": 1, "mbtype": 11, "planet_video": false, "icon_list": [{"type": "vip", "data": {"mbrank": 1, "mbtype": 11}}, {"type": "icon", "data": {"value": "1", "icon_img": "https://h5.sinaimg.cn/upload/106/1683/2022/03/18/feed_icon_chuntian_default.png", "title": "你好春天", "url": "https://s.weibo.com/weibo/%23%E4%BD%A0%E5%A5%BD%E6%98%A5%E5%A4%A9%23"}}], "can_edit": false, "textLength": null, "source": "华为手机 畅享玩不停", "favorited": false, "cardid": null, "pic_ids": [], "geo": null, "pic_num": 0, "is_paid": false, "mblog_vip_type": 0, "comments_count": 0, "attitudes_count": 0, "attitudes_status": 0, "isLongText": false, "mlevel": 0, "content_auth": 0, "is_show_bulletin": 2, "mblogtype": 0, "showFeedRepost": false, "showFeedComment": false, "pictureViewerSign": false, "showPictureViewer": false, "repost_type": 4, "share_repost_type": 0, "text": "罗老师真的好很厉害"}, "pid": "4749469977678364"}, {"mid": "4749593932468102", "mblogid": "LkOadam46", "uid": 6423615654, "name": "草莓芋泥啵啵乳", "data": {"visible_type": 0, "visible_list_id": 0, "time": "2022-03-21 23:01:39", "profile_image_url": "https://tvax1.sinaimg.cn/crop.0.0.132.132.50/0070IPS6ly8fnn5xcz24dj303o03o744.jpg?KID=imgbed,tva&Expires=1647889175&ssig=Mj8LIReVp6", "profile_url": "/u/6423615654", "verified": false, "verified_type": -1, "domain": "", "weihao": "", "verified_type_ext": null, "avatar_large": "https://tvax1.sinaimg.cn/crop.0.0.132.132.180/0070IPS6ly8fnn5xcz24dj303o03o744.jpg?KID=imgbed,tva&Expires=1647889175&ssig=Q3wq6f0LvH", "avatar_hd": "https://tvax1.sinaimg.cn/crop.0.0.132.132.1024/0070IPS6ly8fnn5xcz24dj303o03o744.jpg?KID=imgbed,tva&Expires=1647889175&ssig=gWjixOp7hG", "follow_me": false, "following": false, "mbrank": 0, "mbtype": 0, "planet_video": false, "icon_list": [], "can_edit": false, "textLength": null, "source": "iPhone客户端", "favorited": false, "cardid": null, "pic_ids": [], "geo": null, "pic_num": 0, "is_paid": false, "mblog_vip_type": 0, "comments_count": 0, "attitudes_count": 0, "attitudes_status": 0, "isLongText": false, "mlevel": 0, "content_auth": 0, "is_show_bulletin": 2, "mblogtype": 0, "showFeedRepost": false, "showFeedComment": false, "pictureViewerSign": false, "showPictureViewer": false, "repost_type": 1, "share_repost_type": 0, "text": "转发微博"}, "pid": "4749469977678364"}, {"mid": "4749594561610641", "mblogid": "LkObe6L05", "uid": 7468543128, "name": "宋树立哈哈哈哈哈", "data": {"visible_type": 0, "visible_list_id": 0, "time": "2022-03-21 23:04:08", "profile_image_url": "https://tvax1.sinaimg.cn/crop.0.0.1080.1080.50/0089rff2ly8gzj6o5e8vfj30u00u0go1.jpg?KID=imgbed,tva&Expires=1647889175&ssig=EwoZkqOvXq", "profile_url": "/u/7468543128", "verified": false, "verified_type": -1, "domain": "", "weihao": "", "verified_type_ext": null, "avatar_large": "https://tvax1.sinaimg.cn/crop.0.0.1080.1080.180/0089rff2ly8gzj6o5e8vfj30u00u0go1.jpg?KID=imgbed,tva&Expires=1647889175&ssig=7T9yteLSRg", "avatar_hd": "https://tvax1.sinaimg.cn/crop.0.0.1080.1080.1024/0089rff2ly8gzj6o5e8vfj30u00u0go1.jpg?KID=imgbed,tva&Expires=1647889175&ssig=Z4cdS6aLKC", "follow_me": false, "following": false, "mbrank": 0, "mbtype": 0, "planet_video": false, "icon_list": [{"type": "icon", "data": {"value": "1", "icon_img": "http://n.sinaimg.cn/www/ea31a93f/20220213/feed_icon_BingDwenDwenShueyRhonRhon@2x.png", "title": "微博实现一墩一融", "url": "https://s.weibo.com/weibo?q=%23为中国冬奥健儿加油%23"}}], "can_edit": false, "textLength": null, "source": "nova5 人像超级夜景", "favorited": false, "cardid": null, "pic_ids": [], "geo": null, "pic_num": 0, "is_paid": false, "mblog_vip_type": 0, "comments_count": 0, "attitudes_count": 0, "attitudes_status": 0, "isLongText": false, "mlevel": 0, "content_auth": 0, "is_show_bulletin": 2, "mblogtype": 0, "showFeedRepost": false, "showFeedComment": false, "pictureViewerSign": false, "showPictureViewer": false, "repost_type": 2, "share_repost_type": 0, "text": "快转微博"}, "pid": "4749469977678364"}, {"mid": "4749595522107727", "mblogid": "LkOcM8QjB", "uid": 7471989889, "name": "怼怼dd1", "data": {"visible_type": 0, "visible_list_id": 0, "time": "2022-03-21 23:07:58", "profile_image_url": "https://tvax2.sinaimg.cn/crop.0.0.900.900.50/0089FHTXly8gzqs3nep4fj30p00p0myn.jpg?KID=imgbed,tva&Expires=1647889175&ssig=u3x7saVGgS", "profile_url": "/u/7471989889", "verified": false, "verified_type": -1, "domain": "", "weihao": "", "verified_type_ext": null, "avatar_large": "https://tvax2.sinaimg.cn/crop.0.0.900.900.180/0089FHTXly8gzqs3nep4fj30p00p0myn.jpg?KID=imgbed,tva&Expires=1647889175&ssig=jM7YebNssl", "avatar_hd": "https://tvax2.sinaimg.cn/crop.0.0.900.900.1024/0089FHTXly8gzqs3nep4fj30p00p0myn.jpg?KID=imgbed,tva&Expires=1647889175&ssig=QWB0ebpAKz", "follow_me": false, "following": false, "mbrank": 0, "mbtype": 0, "planet_video": false, "icon_list": [], "can_edit": false, "textLength": null, "source": "HarmonyOS设备", "favorited": false, "cardid": null, "pic_ids": [], "geo": null, "pic_num": 0, "is_paid": false, "mblog_vip_type": 0, "comments_count": 0, "attitudes_count": 0, "attitudes_status": 0, "isLongText": false, "mlevel": 0, "content_auth": 0, "is_show_bulletin": 2, "mblogtype": 0, "showFeedRepost": false, "showFeedComment": false, "pictureViewerSign": false, "showPictureViewer": false, "repost_type": 2, "share_repost_type": 0, "text": "快转微博"}, "pid": "4749469977678364"}]}