{"mid": "4749495671719745", "mblogid": "LkLBJ7dnP", "uid": 5311807563, "name": "收视率研究所", "data": {"visible_type": 0, "visible_list_id": 0, "time": "2022-03-21 16:31:12", "profile_image_url": "https://tvax3.sinaimg.cn/crop.0.0.996.996.50/005NtNNxly8gxmk8y6c1kj30ro0ro3zr.jpg?KID=imgbed,tva&Expires=1647863989&ssig=2NvK3ZrGqw", "profile_url": "/u/5311807563", "verified": true, "verified_type": 0, "domain": "", "weihao": "", "verified_type_ext": 0, "avatar_large": "https://tvax3.sinaimg.cn/crop.0.0.996.996.180/005NtNNxly8gxmk8y6c1kj30ro0ro3zr.jpg?KID=imgbed,tva&Expires=1647863989&ssig=gAso3WeF0e", "avatar_hd": "https://tvax3.sinaimg.cn/crop.0.0.996.996.1024/005NtNNxly8gxmk8y6c1kj30ro0ro3zr.jpg?KID=imgbed,tva&Expires=1647863989&ssig=W2%2B%2BTpxG%2BW", "follow_me": false, "following": false, "mbrank": 6, "mbtype": 12, "planet_video": false, "icon_list": [{"type": "vip", "data": {"mbrank": 6, "mbtype": 12}}], "can_edit": false, "textLength": 133, "source": "麻花特开心超话", "favorited": false, "cardid": null, "pic_ids": ["005NtNNxly1h0hl2r4dokj305002k744", "005NtNNxly1h0hl2tom1dj305002kwec"], "geo": null, "pic_num": 2, "is_paid": false, "mblog_vip_type": 0, "comments_count": 111, "attitudes_count": 505, "attitudes_status": 0, "isLongText": false, "mlevel": 0, "content_auth": 0, "is_show_bulletin": 3, "mblogtype": 0, "showFeedRepost": false, "showFeedComment": false, "pictureViewerSign": false, "showPictureViewer": false, "repost_type": null, "share_repost_type": 0, "text": "#开心麻花# \n九敏，沈腾好搞笑\n替柚子委屈\n哈哈哈哈哈哈哈哈哈\n真的是太有综艺感了吧\n任何一个人不看这一期\n我都会伤心的\n🆗？\n#麻花特开心# ​​​"}, "children": [{"mid": "4749496465228771", "mblogid": "LkLD0lWf1", "uid": 7032934364, "name": "茂锋95603", "data": {"visible_type": 0, "visible_list_id": 0, "time": "2022-03-21 16:34:20", "profile_image_url": "https://tvax1.sinaimg.cn/default/images/default_avatar_male_50.gif?KID=imgbed,tva&Expires=1647864023&ssig=cEBNryC01k", "profile_url": "/u/7032934364", "verified": false, "verified_type": -1, "domain": "", "weihao": "", "verified_type_ext": null, "avatar_large": "https://tvax1.sinaimg.cn/default/images/default_avatar_male_180.gif?KID=imgbed,tva&Expires=1647864023&ssig=69At3Uzitf", "avatar_hd": "https://tvax1.sinaimg.cn/default/images/default_avatar_male_180.gif?KID=imgbed,tva&Expires=1647864023&ssig=69At3Uzitf", "follow_me": false, "following": false, "mbrank": 0, "mbtype": 0, "planet_video": true, "icon_list": [], "can_edit": false, "textLength": null, "source": "OPPO Find X2", "favorited": false, "cardid": null, "pic_ids": [], "geo": null, "pic_num": 0, "is_paid": false, "mblog_vip_type": 0, "comments_count": 0, "attitudes_count": 0, "attitudes_status": 0, "isLongText": false, "mlevel": 0, "content_auth": 0, "is_show_bulletin": 2, "mblogtype": 0, "showFeedRepost": false, "showFeedComment": false, "pictureViewerSign": false, "showPictureViewer": false, "repost_type": 3, "share_repost_type": 0, "text": "终于营业了[憧憬]等好久了呢"}, "pid": "4749495671719745"}, {"mid": "4749496464971326", "mblogid": "LkLD0kRgG", "uid": 6205181914, "name": "小凡祺祺", "data": {"visible_type": 0, "visible_list_id": 0, "time": "2022-03-21 16:34:21", "profile_image_url": "https://tvax4.sinaimg.cn/crop.0.0.996.996.50/006LWjhgly8gywmvbp4cwj30ro0ro3zf.jpg?KID=imgbed,tva&Expires=1647864023&ssig=4BCs76%2B8yK", "profile_url": "/u/6205181914", "verified": false, "verified_type": -1, "domain": "", "weihao": "", "verified_type_ext": null, "avatar_large": "https://tvax4.sinaimg.cn/crop.0.0.996.996.180/006LWjhgly8gywmvbp4cwj30ro0ro3zf.jpg?KID=imgbed,tva&Expires=1647864023&ssig=QomHUdhiDd", "avatar_hd": "https://tvax4.sinaimg.cn/crop.0.0.996.996.1024/006LWjhgly8gywmvbp4cwj30ro0ro3zf.jpg?KID=imgbed,tva&Expires=1647864023&ssig=5OmwrTk3Bn", "follow_me": false, "following": false, "mbrank": 0, "mbtype": 0, "planet_video": true, "icon_list": [], "can_edit": false, "textLength": null, "source": "OPPO Find X2", "favorited": false, "cardid": null, "pic_ids": [], "geo": null, "pic_num": 0, "is_paid": false, "mblog_vip_type": 0, "comments_count": 0, "attitudes_count": 0, "attitudes_status": 0, "isLongText": false, "mlevel": 0, "content_auth": 0, "is_show_bulletin": 2, "mblogtype": 0, "showFeedRepost": false, "showFeedComment": false, "pictureViewerSign": false, "showPictureViewer": false, "repost_type": 3, "share_repost_type": 0, "text": "你是暴雨 我撑伞爱你[打call][打call]"}, "pid": "4749495671719745"}, {"mid": "4749496469428160", "mblogid": "LkLD0DyH6", "uid": 6318808224, "name": "Rightofimperialworld83341", "data": {"visible_type": 0, "visible_list_id": 0, "time": "2022-03-21 16:34:22", "profile_image_url": "https://tvax1.sinaimg.cn/default/images/default_avatar_male_50.gif?KID=imgbed,tva&Expires=1647864023&ssig=cEBNryC01k", "profile_url": "/u/6318808224", "verified": false, "verified_type": -1, "domain": "", "weihao": "", "verified_type_ext": null, "avatar_large": "https://tvax1.sinaimg.cn/default/images/default_avatar_male_180.gif?KID=imgbed,tva&Expires=1647864023&ssig=69At3Uzitf", "avatar_hd": "https://tvax1.sinaimg.cn/default/images/default_avatar_male_180.gif?KID=imgbed,tva&Expires=1647864023&ssig=69At3Uzitf", "follow_me": false, "following": false, "mbrank": 0, "mbtype": 0, "planet_video": true, "icon_list": [], "can_edit": false, "textLength": null, "source": "OPPO Find X2", "favorited": false, "cardid": null, "pic_ids": [], "geo": null, "pic_num": 0, "is_paid": false, "mblog_vip_type": 0, "comments_count": 0, "attitudes_count": 0, "attitudes_status": 0, "isLongText": false, "mlevel": 0, "content_auth": 0, "is_show_bulletin": 2, "mblogtype": 0, "showFeedRepost": false, "showFeedComment": false, "pictureViewerSign": false, "showPictureViewer": false, "repost_type": 3, "share_repost_type": 0, "text": "超级有内容的呢，喜欢看"}, "pid": "4749495671719745"}, {"mid": "4749496482006564", "mblogid": "LkLD28pZW", "uid": 6484369360, "name": "果子狸1986", "data": {"visible_type": 0, "visible_list_id": 0, "time": "2022-03-21 16:34:24", "profile_image_url": "https://tvax1.sinaimg.cn/default/images/default_avatar_male_50.gif?KID=imgbed,tva&Expires=1647864002&ssig=VNovPBvBbb", "profile_url": "/u/6484369360", "verified": false, "verified_type": -1, "domain": "", "weihao": "", "verified_type_ext": null, "avatar_large": "https://tvax1.sinaimg.cn/default/images/default_avatar_male_180.gif?KID=imgbed,tva&Expires=1647864002&ssig=X9DZ8HJhoR", "avatar_hd": "https://tvax1.sinaimg.cn/default/images/default_avatar_male_180.gif?KID=imgbed,tva&Expires=1647864002&ssig=X9DZ8HJhoR", "follow_me": false, "following": false, "mbrank": 0, "mbtype": 0, "planet_video": true, "icon_list": [], "can_edit": false, "textLength": null, "source": "OPPO Find X2", "favorited": false, "cardid": null, "pic_ids": [], "geo": null, "pic_num": 0, "is_paid": false, "mblog_vip_type": 0, "comments_count": 0, "attitudes_count": 0, "attitudes_status": 0, "isLongText": false, "mlevel": 0, "content_auth": 0, "is_show_bulletin": 2, "mblogtype": 0, "showFeedRepost": false, "showFeedComment": false, "pictureViewerSign": false, "showPictureViewer": false, "repost_type": 3, "share_repost_type": 0, "text": "这个挺好的，长期关注"}, "pid": "4749495671719745"}, {"mid": "4749496480960951", "mblogid": "LkLD241Zd", "uid": 3080570125, "name": "知足常乐爱我吧88", "data": {"visible_type": 0, "visible_list_id": 0, "time": "2022-03-21 16:34:25", "profile_image_url": "https://tvax1.sinaimg.cn/default/images/default_avatar_male_50.gif?KID=imgbed,tva&Expires=1647864002&ssig=VNovPBvBbb", "profile_url": "/u/3080570125", "verified": false, "verified_type": -1, "domain": "", "weihao": "", "verified_type_ext": null, "avatar_large": "https://tvax1.sinaimg.cn/default/images/default_avatar_male_180.gif?KID=imgbed,tva&Expires=1647864002&ssig=X9DZ8HJhoR", "avatar_hd": "https://tvax1.sinaimg.cn/default/images/default_avatar_male_180.gif?KID=imgbed,tva&Expires=1647864002&ssig=X9DZ8HJhoR", "follow_me": false, "following": false, "mbrank": 0, "mbtype": 0, "planet_video": true, "icon_list": [], "can_edit": false, "textLength": null, "source": "OPPO Find X2", "favorited": false, "cardid": null, "pic_ids": [], "geo": null, "pic_num": 0, "is_paid": false, "mblog_vip_type": 0, "comments_count": 0, "attitudes_count": 0, "attitudes_status": 0, "isLongText": false, "mlevel": 0, "content_auth": 0, "is_show_bulletin": 2, "mblogtype": 0, "showFeedRepost": false, "showFeedComment": false, "pictureViewerSign": false, "showPictureViewer": false, "repost_type": 3, "share_repost_type": 0, "text": "发现宝藏博主一枚！真的很棒！"}, "pid": "4749495671719745"}, {"mid": "4749496486200542", "mblogid": "LkLD2q12K", "uid": 6094289271, "name": "失败的分手96179", "data": {"visible_type": 0, "visible_list_id": 0, "time": "2022-03-21 16:34:25", "profile_image_url": "https://tva1.sinaimg.cn/crop.0.0.640.640.50/006Er12fjw8fb4465vbi8j30hs0hswfc.jpg?KID=imgbed,tva&Expires=1647863992&ssig=BEQe%2F80wjC", "profile_url": "/u/6094289271", "verified": false, "verified_type": -1, "domain": "", "weihao": "", "verified_type_ext": null, "avatar_large": "https://tva1.sinaimg.cn/crop.0.0.640.640.180/006Er12fjw8fb4465vbi8j30hs0hswfc.jpg?KID=imgbed,tva&Expires=1647863992&ssig=MyJs5bklET", "avatar_hd": "https://tva1.sinaimg.cn/crop.0.0.640.640.1024/006Er12fjw8fb4465vbi8j30hs0hswfc.jpg?KID=imgbed,tva&Expires=1647863992&ssig=M9%2BJ4JIDKI", "follow_me": false, "following": false, "mbrank": 0, "mbtype": 0, "planet_video": true, "icon_list": [], "can_edit": false, "textLength": null, "source": "OPPO Find X2", "favorited": false, "cardid": null, "pic_ids": [], "geo": null, "pic_num": 0, "is_paid": false, "mblog_vip_type": 0, "comments_count": 0, "attitudes_count": 0, "attitudes_status": 0, "isLongText": false, "mlevel": 0, "content_auth": 0, "is_show_bulletin": 2, "mblogtype": 0, "showFeedRepost": false, "showFeedComment": false, "pictureViewerSign": false, "showPictureViewer": false, "repost_type": 3, "share_repost_type": 0, "text": "这个挺好的，长期关注"}, "pid": "4749495671719745"}, {"mid": "4749496485156945", "mblogid": "LkLD2lDyx", "uid": 5447034952, "name": "爱世间温柔万物", "data": {"visible_type": 0, "visible_list_id": 0, "time": "2022-03-21 16:34:26", "profile_image_url": "https://tvax1.sinaimg.cn/crop.0.0.664.664.50/005WDcCsly8fezpmhn081j30ig0igwfh.jpg?KID=imgbed,tva&Expires=1647864002&ssig=IGtBG8tJ8R", "profile_url": "/u/5447034952", "verified": false, "verified_type": -1, "domain": "", "weihao": "", "verified_type_ext": null, "avatar_large": "https://tvax1.sinaimg.cn/crop.0.0.664.664.180/005WDcCsly8fezpmhn081j30ig0igwfh.jpg?KID=imgbed,tva&Expires=1647864002&ssig=0soD0BMpNW", "avatar_hd": "https://tvax1.sinaimg.cn/crop.0.0.664.664.1024/005WDcCsly8fezpmhn081j30ig0igwfh.jpg?KID=imgbed,tva&Expires=1647864002&ssig=QSSBDTiVR%2F", "follow_me": false, "following": false, "mbrank": 1, "mbtype": 2, "planet_video": true, "icon_list": [], "can_edit": false, "textLength": null, "source": "OPPO Find X2", "favorited": false, "cardid": null, "pic_ids": [], "geo": null, "pic_num": 0, "is_paid": false, "mblog_vip_type": 0, "comments_count": 0, "attitudes_count": 0, "attitudes_status": 0, "isLongText": false, "mlevel": 0, "content_auth": 0, "is_show_bulletin": 2, "mblogtype": 0, "showFeedRepost": false, "showFeedComment": false, "pictureViewerSign": false, "showPictureViewer": false, "repost_type": 3, "share_repost_type": 0, "text": "这也太好了呢"}, "pid": "4749495671719745"}, {"mid": "4749496485942937", "mblogid": "LkLD2oW1P", "uid": 5265732872, "name": "LHHHHAA", "data": {"visible_type": 0, "visible_list_id": 0, "time": "2022-03-21 16:34:26", "profile_image_url": "https://tvax4.sinaimg.cn/crop.0.0.1242.1242.50/005KmtFmly8fs51vxkw9yj30yi0yigoa.jpg?KID=imgbed,tva&Expires=1647863992&ssig=RIe1LEID4v", "profile_url": "/u/5265732872", "verified": false, "verified_type": -1, "domain": "", "weihao": "", "verified_type_ext": null, "avatar_large": "https://tvax4.sinaimg.cn/crop.0.0.1242.1242.180/005KmtFmly8fs51vxkw9yj30yi0yigoa.jpg?KID=imgbed,tva&Expires=1647863992&ssig=K1xF%2BWNDNc", "avatar_hd": "https://tvax4.sinaimg.cn/crop.0.0.1242.1242.1024/005KmtFmly8fs51vxkw9yj30yi0yigoa.jpg?KID=imgbed,tva&Expires=1647863992&ssig=O4A3xHYEQU", "follow_me": false, "following": false, "mbrank": 0, "mbtype": 0, "planet_video": true, "icon_list": [], "can_edit": false, "textLength": null, "source": "OPPO Find X2", "favorited": false, "cardid": null, "pic_ids": [], "geo": null, "pic_num": 0, "is_paid": false, "mblog_vip_type": 0, "comments_count": 0, "attitudes_count": 0, "attitudes_status": 0, "isLongText": false, "mlevel": 0, "content_auth": 0, "is_show_bulletin": 2, "mblogtype": 0, "showFeedRepost": false, "showFeedComment": false, "pictureViewerSign": false, "showPictureViewer": false, "repost_type": 3, "share_repost_type": 0, "text": "终于营业了[憧憬]等好久了呢"}, "pid": "4749495671719745"}, {"mid": "4749496489084198", "mblogid": "LkLD2C7dk", "uid": 6413171623, "name": "炫舞烈火", "data": {"visible_type": 0, "visible_list_id": 0, "time": "2022-03-21 16:34:26", "profile_image_url": "https://tvax2.sinaimg.cn/crop.0.0.570.570.50/007010TZly8gy9lz0f148j30fu0fu0tc.jpg?KID=imgbed,tva&Expires=1647863992&ssig=LRJdT2BQkK", "profile_url": "/u/6413171623", "verified": false, "verified_type": -1, "domain": "", "weihao": "", "verified_type_ext": null, "avatar_large": "https://tvax2.sinaimg.cn/crop.0.0.570.570.180/007010TZly8gy9lz0f148j30fu0fu0tc.jpg?KID=imgbed,tva&Expires=1647863992&ssig=GJ3zGfKm8f", "avatar_hd": "https://tvax2.sinaimg.cn/crop.0.0.570.570.1024/007010TZly8gy9lz0f148j30fu0fu0tc.jpg?KID=imgbed,tva&Expires=1647863992&ssig=1zY%2FaEpxVT", "follow_me": false, "following": false, "mbrank": 0, "mbtype": 0, "planet_video": true, "icon_list": [], "can_edit": false, "textLength": null, "source": "OPPO Find X2", "favorited": false, "cardid": null, "pic_ids": [], "geo": null, "pic_num": 0, "is_paid": false, "mblog_vip_type": 0, "comments_count": 0, "attitudes_count": 0, "attitudes_status": 0, "isLongText": false, "mlevel": 0, "content_auth": 0, "is_show_bulletin": 2, "mblogtype": 0, "showFeedRepost": false, "showFeedComment": false, "pictureViewerSign": false, "showPictureViewer": false, "repost_type": 3, "share_repost_type": 0, "text": "写尽千山落笔是你，行尽万水尽头是你。"}, "pid": "4749495671719745"}, {"mid": "4749496489610211", "mblogid": "LkLD2Ek3p", "uid": 5772134236, "name": "七月的我是狮子座", "data": {"visible_type": 0, "visible_list_id": 0, "time": "2022-03-21 16:34:27", "profile_image_url": "https://tvax4.sinaimg.cn/crop.0.0.996.996.50/006iDhNily8gdm2mapz0yj30ro0romy4.jpg?KID=imgbed,tva&Expires=1647863992&ssig=zC779zI9D%2F", "profile_url": "/u/5772134236", "verified": false, "verified_type": -1, "domain": "", "weihao": "", "verified_type_ext": null, "avatar_large": "https://tvax4.sinaimg.cn/crop.0.0.996.996.180/006iDhNily8gdm2mapz0yj30ro0romy4.jpg?KID=imgbed,tva&Expires=1647863992&ssig=oYULjsYfk2", "avatar_hd": "https://tvax4.sinaimg.cn/crop.0.0.996.996.1024/006iDhNily8gdm2mapz0yj30ro0romy4.jpg?KID=imgbed,tva&Expires=1647863992&ssig=UJSvnkZFjZ", "follow_me": false, "following": false, "mbrank": 0, "mbtype": 0, "planet_video": true, "icon_list": [], "can_edit": false, "textLength": null, "source": "OPPO Find X2", "favorited": false, "cardid": null, "pic_ids": [], "geo": null, "pic_num": 0, "is_paid": false, "mblog_vip_type": 0, "comments_count": 0, "attitudes_count": 0, "attitudes_status": 0, "isLongText": false, "mlevel": 0, "content_auth": 0, "is_show_bulletin": 2, "mblogtype": 0, "showFeedRepost": false, "showFeedComment": false, "pictureViewerSign": false, "showPictureViewer": false, "repost_type": 3, "share_repost_type": 0, "text": "继续加油哦，支持你"}, "pid": "4749495671719745"}, {"mid": "4749496497473854", "mblogid": "LkLD3vmi2", "uid": 5999901389, "name": "白子轩wcj", "data": {"visible_type": 0, "visible_list_id": 0, "time": "2022-03-21 16:34:28", "profile_image_url": "https://tvax3.sinaimg.cn/crop.0.0.1080.1080.50/006y2Yr3ly8g13krqo1uwj30u00u0tg7.jpg?KID=imgbed,tva&Expires=1647863990&ssig=ZvPhdMfRM9", "profile_url": "/u/5999901389", "verified": false, "verified_type": -1, "domain": "", "weihao": "", "verified_type_ext": null, "avatar_large": "https://tvax3.sinaimg.cn/crop.0.0.1080.1080.180/006y2Yr3ly8g13krqo1uwj30u00u0tg7.jpg?KID=imgbed,tva&Expires=1647863990&ssig=mAq8KgrLjn", "avatar_hd": "https://tvax3.sinaimg.cn/crop.0.0.1080.1080.1024/006y2Yr3ly8g13krqo1uwj30u00u0tg7.jpg?KID=imgbed,tva&Expires=1647863990&ssig=zhfD%2FZqoR1", "follow_me": false, "following": false, "mbrank": 0, "mbtype": 0, "planet_video": true, "icon_list": [], "can_edit": false, "textLength": null, "source": "OPPO Find X2", "favorited": false, "cardid": null, "pic_ids": [], "geo": null, "pic_num": 0, "is_paid": false, "mblog_vip_type": 0, "comments_count": 0, "attitudes_count": 0, "attitudes_status": 0, "isLongText": false, "mlevel": 0, "content_auth": 0, "is_show_bulletin": 2, "mblogtype": 0, "showFeedRepost": false, "showFeedComment": false, "pictureViewerSign": false, "showPictureViewer": false, "repost_type": 3, "share_repost_type": 0, "text": "积极转发评论哦，求博主翻我"}, "pid": "4749495671719745"}, {"mid": "4749496498258992", "mblogid": "LkLD3yExy", "uid": 6988242604, "name": "数学狂热爱好者", "data": {"visible_type": 0, "visible_list_id": 0, "time": "2022-03-21 16:34:28", "profile_image_url": "https://tvax3.sinaimg.cn/crop.0.0.996.996.50/007CVX8oly8gq6hwz5dohj30ro0rp75z.jpg?KID=imgbed,tva&Expires=1647863990&ssig=w88jqcDExb", "profile_url": "/u/6988242604", "verified": false, "verified_type": -1, "domain": "", "weihao": "", "verified_type_ext": null, "avatar_large": "https://tvax3.sinaimg.cn/crop.0.0.996.996.180/007CVX8oly8gq6hwz5dohj30ro0rp75z.jpg?KID=imgbed,tva&Expires=1647863990&ssig=byZZOCT4bo", "avatar_hd": "https://tvax3.sinaimg.cn/crop.0.0.996.996.1024/007CVX8oly8gq6hwz5dohj30ro0rp75z.jpg?KID=imgbed,tva&Expires=1647863990&ssig=hXknzqqyU9", "follow_me": false, "following": false, "mbrank": 0, "mbtype": 0, "planet_video": true, "icon_list": [], "can_edit": false, "textLength": null, "source": "OPPO Find X2", "favorited": false, "cardid": null, "pic_ids": [], "geo": null, "pic_num": 0, "is_paid": false, "mblog_vip_type": 0, "comments_count": 0, "attitudes_count": 0, "attitudes_status": 0, "isLongText": false, "mlevel": 0, "content_auth": 0, "is_show_bulletin": 2, "mblogtype": 0, "showFeedRepost": false, "showFeedComment": false, "pictureViewerSign": false, "showPictureViewer": false, "repost_type": 3, "share_repost_type": 0, "text": "博主请多营业"}, "pid": "4749495671719745"}, {"mid": "4749496506651945", "mblogid": "LkLD4rUtr", "uid": 6988242604, "name": "数学狂热爱好者", "data": {"visible_type": 0, "visible_list_id": 0, "time": "2022-03-21 16:34:31", "profile_image_url": "https://tvax3.sinaimg.cn/crop.0.0.996.996.50/007CVX8oly8gq6hwz5dohj30ro0rp75z.jpg?KID=imgbed,tva&Expires=1647863990&ssig=w88jqcDExb", "profile_url": "/u/6988242604", "verified": false, "verified_type": -1, "domain": "", "weihao": "", "verified_type_ext": null, "avatar_large": "https://tvax3.sinaimg.cn/crop.0.0.996.996.180/007CVX8oly8gq6hwz5dohj30ro0rp75z.jpg?KID=imgbed,tva&Expires=1647863990&ssig=byZZOCT4bo", "avatar_hd": "https://tvax3.sinaimg.cn/crop.0.0.996.996.1024/007CVX8oly8gq6hwz5dohj30ro0rp75z.jpg?KID=imgbed,tva&Expires=1647863990&ssig=hXknzqqyU9", "follow_me": false, "following": false, "mbrank": 0, "mbtype": 0, "planet_video": true, "icon_list": [], "can_edit": false, "textLength": null, "source": "OPPO Find X2", "favorited": false, "cardid": null, "pic_ids": [], "geo": null, "pic_num": 0, "is_paid": false, "mblog_vip_type": 0, "comments_count": 0, "attitudes_count": 0, "attitudes_status": 0, "isLongText": false, "mlevel": 0, "content_auth": 0, "is_show_bulletin": 2, "mblogtype": 0, "showFeedRepost": false, "showFeedComment": false, "pictureViewerSign": false, "showPictureViewer": false, "repost_type": 3, "share_repost_type": 0, "text": "大家帮我点个赞呀，我想去前头"}, "pid": "4749495671719745"}, {"mid": "4749496519491701", "mblogid": "LkLD5DPdX", "uid": 6361533635, "name": "心态至关重要", "data": {"visible_type": 0, "visible_list_id": 0, "time": "2022-03-21 16:34:33", "profile_image_url": "https://tvax3.sinaimg.cn/crop.0.0.996.996.50/006Wwlvdly8fk73lr2tvsj30ro0rpdie.jpg?KID=imgbed,tva&Expires=1647863990&ssig=yhNTyAhCFT", "profile_url": "/u/6361533635", "verified": false, "verified_type": -1, "domain": "", "weihao": "", "verified_type_ext": null, "avatar_large": "https://tvax3.sinaimg.cn/crop.0.0.996.996.180/006Wwlvdly8fk73lr2tvsj30ro0rpdie.jpg?KID=imgbed,tva&Expires=1647863990&ssig=4txm3eG9Q2", "avatar_hd": "https://tvax3.sinaimg.cn/crop.0.0.996.996.1024/006Wwlvdly8fk73lr2tvsj30ro0rpdie.jpg?KID=imgbed,tva&Expires=1647863990&ssig=jqRzW2HVfx", "follow_me": false, "following": false, "mbrank": 0, "mbtype": 0, "planet_video": true, "icon_list": [], "can_edit": false, "textLength": null, "source": "OPPO Find X2", "favorited": false, "cardid": null, "pic_ids": [], "geo": null, "pic_num": 0, "is_paid": false, "mblog_vip_type": 0, "comments_count": 0, "attitudes_count": 0, "attitudes_status": 0, "isLongText": false, "mlevel": 0, "content_auth": 0, "is_show_bulletin": 2, "mblogtype": 0, "showFeedRepost": false, "showFeedComment": false, "pictureViewerSign": false, "showPictureViewer": false, "repost_type": 3, "share_repost_type": 0, "text": "我也这么觉得呢，挺有内涵的啊"}, "pid": "4749495671719745"}, {"mid": "4749496543871693", "mblogid": "LkLD8gfcF", "uid": 6057358292, "name": "太阳阿酥", "data": {"visible_type": 0, "visible_list_id": 0, "time": "2022-03-21 16:34:39", "profile_image_url": "https://tvax4.sinaimg.cn/crop.0.0.1002.1002.50/006BW3Bily8fuwooy3jppj30ru0ru0u9.jpg?KID=imgbed,tva&Expires=1647863989&ssig=OPUdJ1aNSF", "profile_url": "/u/6057358292", "verified": false, "verified_type": -1, "domain": "", "weihao": "", "verified_type_ext": null, "avatar_large": "https://tvax4.sinaimg.cn/crop.0.0.1002.1002.180/006BW3Bily8fuwooy3jppj30ru0ru0u9.jpg?KID=imgbed,tva&Expires=1647863989&ssig=DU2Qs5GloO", "avatar_hd": "https://tvax4.sinaimg.cn/crop.0.0.1002.1002.1024/006BW3Bily8fuwooy3jppj30ru0ru0u9.jpg?KID=imgbed,tva&Expires=1647863989&ssig=V4KSdEOToK", "follow_me": false, "following": false, "mbrank": 0, "mbtype": 0, "planet_video": true, "icon_list": [], "can_edit": false, "textLength": null, "source": "OPPO Find X2", "favorited": false, "cardid": null, "pic_ids": [], "geo": null, "pic_num": 0, "is_paid": false, "mblog_vip_type": 0, "comments_count": 0, "attitudes_count": 0, "attitudes_status": 0, "isLongText": false, "mlevel": 0, "content_auth": 0, "is_show_bulletin": 2, "mblogtype": 0, "showFeedRepost": false, "showFeedComment": false, "pictureViewerSign": false, "showPictureViewer": false, "repost_type": 3, "share_repost_type": 0, "text": "就是喜欢这个类型"}, "pid": "4749495671719745"}, {"mid": "4749496543615838", "mblogid": "LkLD8faDY", "uid": 6026839747, "name": "终归无缘si", "data": {"visible_type": 0, "visible_list_id": 0, "time": "2022-03-21 16:34:40", "profile_image_url": "https://tva4.sinaimg.cn/crop.0.0.749.749.50/006zS0kHjw8fckb293oktj30ku0ktt9r.jpg?KID=imgbed,tva&Expires=1647863989&ssig=L5OQLwhWMT", "profile_url": "/u/6026839747", "verified": false, "verified_type": -1, "domain": "", "weihao": "", "verified_type_ext": null, "avatar_large": "https://tva4.sinaimg.cn/crop.0.0.749.749.180/006zS0kHjw8fckb293oktj30ku0ktt9r.jpg?KID=imgbed,tva&Expires=1647863989&ssig=pfAgo02wlw", "avatar_hd": "https://tva4.sinaimg.cn/crop.0.0.749.749.1024/006zS0kHjw8fckb293oktj30ku0ktt9r.jpg?KID=imgbed,tva&Expires=1647863989&ssig=UeWgm7tulU", "follow_me": false, "following": false, "mbrank": 0, "mbtype": 0, "planet_video": true, "icon_list": [], "can_edit": false, "textLength": null, "source": "OPPO Find X2", "favorited": false, "cardid": null, "pic_ids": [], "geo": null, "pic_num": 0, "is_paid": false, "mblog_vip_type": 0, "comments_count": 0, "attitudes_count": 0, "attitudes_status": 0, "isLongText": false, "mlevel": 0, "content_auth": 0, "is_show_bulletin": 2, "mblogtype": 0, "showFeedRepost": false, "showFeedComment": false, "pictureViewerSign": false, "showPictureViewer": false, "repost_type": 3, "share_repost_type": 0, "text": "支持是一种态度，但也确实挺喜欢"}, "pid": "4749495671719745"}, {"mid": "4749496548331450", "mblogid": "LkLD8yXoe", "uid": 7223177855, "name": "傻小子98898", "data": {"visible_type": 0, "visible_list_id": 0, "time": "2022-03-21 16:34:41", "profile_image_url": "https://tvax1.sinaimg.cn/default/images/default_avatar_male_50.gif?KID=imgbed,tva&Expires=1647863989&ssig=3SnRHZaSR0", "profile_url": "/u/7223177855", "verified": false, "verified_type": -1, "domain": "", "weihao": "", "verified_type_ext": null, "avatar_large": "https://tvax1.sinaimg.cn/default/images/default_avatar_male_180.gif?KID=imgbed,tva&Expires=1647863989&ssig=Ksn6U2acHP", "avatar_hd": "https://tvax1.sinaimg.cn/default/images/default_avatar_male_180.gif?KID=imgbed,tva&Expires=1647863989&ssig=Ksn6U2acHP", "follow_me": false, "following": false, "mbrank": 0, "mbtype": 0, "planet_video": true, "icon_list": [], "can_edit": false, "textLength": null, "source": "OPPO Find X2", "favorited": false, "cardid": null, "pic_ids": [], "geo": null, "pic_num": 0, "is_paid": false, "mblog_vip_type": 0, "comments_count": 0, "attitudes_count": 0, "attitudes_status": 0, "isLongText": false, "mlevel": 0, "content_auth": 0, "is_show_bulletin": 2, "mblogtype": 0, "showFeedRepost": false, "showFeedComment": false, "pictureViewerSign": false, "showPictureViewer": false, "repost_type": 3, "share_repost_type": 0, "text": "[赞啊]"}, "pid": "4749495671719745"}, {"mid": "4749496549119545", "mblogid": "LkLD8Cgpr", "uid": 5856848768, "name": "Hichgo", "data": {"visible_type": 0, "visible_list_id": 0, "time": "2022-03-21 16:34:41", "profile_image_url": "https://tvax4.sinaimg.cn/crop.0.0.996.996.50/006omJUIly8gt7101i5gbj30ro0rptbg.jpg?KID=imgbed,tva&Expires=1647863989&ssig=hdyOUU4%2F6V", "profile_url": "/u/5856848768", "verified": false, "verified_type": -1, "domain": "", "weihao": "", "verified_type_ext": null, "avatar_large": "https://tvax4.sinaimg.cn/crop.0.0.996.996.180/006omJUIly8gt7101i5gbj30ro0rptbg.jpg?KID=imgbed,tva&Expires=1647863989&ssig=%2FjxtWOEKgL", "avatar_hd": "https://tvax4.sinaimg.cn/crop.0.0.996.996.1024/006omJUIly8gt7101i5gbj30ro0rptbg.jpg?KID=imgbed,tva&Expires=1647863989&ssig=L%2BMXOQwwwx", "follow_me": false, "following": false, "mbrank": 0, "mbtype": 0, "planet_video": true, "icon_list": [], "can_edit": false, "textLength": null, "source": "OPPO Find X2", "favorited": false, "cardid": null, "pic_ids": [], "geo": null, "pic_num": 0, "is_paid": false, "mblog_vip_type": 0, "comments_count": 0, "attitudes_count": 0, "attitudes_status": 0, "isLongText": false, "mlevel": 0, "content_auth": 0, "is_show_bulletin": 2, "mblogtype": 0, "showFeedRepost": false, "showFeedComment": false, "pictureViewerSign": false, "showPictureViewer": false, "repost_type": 3, "share_repost_type": 0, "text": "你觉得呢[污]"}, "pid": "4749495671719745"}, {"mid": "4749496556980821", "mblogid": "LkLD9ti1T", "uid": 5505972087, "name": "LMM武大郎", "data": {"visible_type": 0, "visible_list_id": 0, "time": "2022-03-21 16:34:42", "profile_image_url": "https://tvax4.sinaimg.cn/crop.0.0.996.996.50/0060CuRply8ftzxft7p56j30ro0rojve.jpg?KID=imgbed,tva&Expires=1647863989&ssig=Y%2FRJ64TKg%2F", "profile_url": "/u/5505972087", "verified": false, "verified_type": -1, "domain": "", "weihao": "", "verified_type_ext": null, "avatar_large": "https://tvax4.sinaimg.cn/crop.0.0.996.996.180/0060CuRply8ftzxft7p56j30ro0rojve.jpg?KID=imgbed,tva&Expires=1647863989&ssig=yaWw%2BxHFqB", "avatar_hd": "https://tvax4.sinaimg.cn/crop.0.0.996.996.1024/0060CuRply8ftzxft7p56j30ro0rojve.jpg?KID=imgbed,tva&Expires=1647863989&ssig=uOEahUIk3e", "follow_me": false, "following": false, "mbrank": 0, "mbtype": 0, "planet_video": true, "icon_list": [], "can_edit": false, "textLength": null, "source": "OPPO Find X2", "favorited": false, "cardid": null, "pic_ids": [], "geo": null, "pic_num": 0, "is_paid": false, "mblog_vip_type": 0, "comments_count": 0, "attitudes_count": 0, "attitudes_status": 0, "isLongText": false, "mlevel": 0, "content_auth": 0, "is_show_bulletin": 2, "mblogtype": 0, "showFeedRepost": false, "showFeedComment": false, "pictureViewerSign": false, "showPictureViewer": false, "repost_type": 3, "share_repost_type": 0, "text": "通过互联网这条无形的线，让我们日日相见，真诚相待。"}, "pid": "4749495671719745"}, {"mid": "4749496569040941", "mblogid": "LkLDaBVXD", "uid": 6327979469, "name": "SslavEe-Cry", "data": {"visible_type": 0, "visible_list_id": 0, "time": "2022-03-21 16:34:46", "profile_image_url": "https://tvax3.sinaimg.cn/crop.0.0.512.512.50/006UfywZly8gzv9kbh2xrj30e80e8tau.jpg?KID=imgbed,tva&Expires=1647863989&ssig=2IM4VNDUM%2B", "profile_url": "/u/6327979469", "verified": false, "verified_type": -1, "domain": "", "weihao": "", "verified_type_ext": null, "avatar_large": "https://tvax3.sinaimg.cn/crop.0.0.512.512.180/006UfywZly8gzv9kbh2xrj30e80e8tau.jpg?KID=imgbed,tva&Expires=1647863989&ssig=7IK96FJV1R", "avatar_hd": "https://tvax3.sinaimg.cn/crop.0.0.512.512.1024/006UfywZly8gzv9kbh2xrj30e80e8tau.jpg?KID=imgbed,tva&Expires=1647863989&ssig=rwnWs7QU9d", "follow_me": false, "following": false, "mbrank": 0, "mbtype": 0, "planet_video": true, "icon_list": [], "can_edit": false, "textLength": null, "source": "OPPO Find X2", "favorited": false, "cardid": null, "pic_ids": [], "geo": null, "pic_num": 0, "is_paid": false, "mblog_vip_type": 0, "comments_count": 0, "attitudes_count": 0, "attitudes_status": 0, "isLongText": false, "mlevel": 0, "content_auth": 0, "is_show_bulletin": 2, "mblogtype": 0, "showFeedRepost": false, "showFeedComment": false, "pictureViewerSign": false, "showPictureViewer": false, "repost_type": 3, "share_repost_type": 0, "text": "很不错呀"}, "pid": "4749495671719745"}, {"mid": "4749496569826023", "mblogid": "LkLDaFecf", "uid": 5596087062, "name": "我就要平乐", "data": {"visible_type": 0, "visible_list_id": 0, "time": "2022-03-21 16:34:46", "profile_image_url": "https://tvax1.sinaimg.cn/crop.0.0.996.996.50/0066IBSKly8fuytia9td8j30ro0rowg9.jpg?KID=imgbed,tva&Expires=1647863989&ssig=uBzhIkBXtg", "profile_url": "/u/5596087062", "verified": false, "verified_type": -1, "domain": "", "weihao": "", "verified_type_ext": null, "avatar_large": "https://tvax1.sinaimg.cn/crop.0.0.996.996.180/0066IBSKly8fuytia9td8j30ro0rowg9.jpg?KID=imgbed,tva&Expires=1647863989&ssig=QDL%2B4pmVst", "avatar_hd": "https://tvax1.sinaimg.cn/crop.0.0.996.996.1024/0066IBSKly8fuytia9td8j30ro0rowg9.jpg?KID=imgbed,tva&Expires=1647863989&ssig=63cOs2AurI", "follow_me": false, "following": false, "mbrank": 0, "mbtype": 0, "planet_video": true, "icon_list": [], "can_edit": false, "textLength": null, "source": "OPPO Find X2", "favorited": false, "cardid": null, "pic_ids": [], "geo": null, "pic_num": 0, "is_paid": false, "mblog_vip_type": 0, "comments_count": 0, "attitudes_count": 0, "attitudes_status": 0, "isLongText": false, "mlevel": 0, "content_auth": 0, "is_show_bulletin": 2, "mblogtype": 0, "showFeedRepost": false, "showFeedComment": false, "pictureViewerSign": false, "showPictureViewer": false, "repost_type": 3, "share_repost_type": 0, "text": "必须支持推荐呀"}, "pid": "4749495671719745"}, {"mid": "4749496590540216", "mblogid": "LkLDd2gxa", "uid": 6472300648, "name": "尚小海6472300648", "data": {"visible_type": 0, "visible_list_id": 0, "time": "2022-03-21 16:34:51", "profile_image_url": "https://tvax1.sinaimg.cn/default/images/default_avatar_male_50.gif?KID=imgbed,tva&Expires=1647863989&ssig=3SnRHZaSR0", "profile_url": "/u/6472300648", "verified": false, "verified_type": -1, "domain": "", "weihao": "", "verified_type_ext": null, "avatar_large": "https://tvax1.sinaimg.cn/default/images/default_avatar_male_180.gif?KID=imgbed,tva&Expires=1647863989&ssig=Ksn6U2acHP", "avatar_hd": "https://tvax1.sinaimg.cn/default/images/default_avatar_male_180.gif?KID=imgbed,tva&Expires=1647863989&ssig=Ksn6U2acHP", "follow_me": false, "following": false, "mbrank": 0, "mbtype": 0, "planet_video": true, "icon_list": [], "can_edit": false, "textLength": null, "source": "OPPO Find X2", "favorited": false, "cardid": null, "pic_ids": [], "geo": null, "pic_num": 0, "is_paid": false, "mblog_vip_type": 0, "comments_count": 0, "attitudes_count": 0, "attitudes_status": 0, "isLongText": false, "mlevel": 0, "content_auth": 0, "is_show_bulletin": 2, "mblogtype": 0, "showFeedRepost": false, "showFeedComment": false, "pictureViewerSign": false, "showPictureViewer": false, "repost_type": 3, "share_repost_type": 0, "text": "自思少文心，却110得众粉亲。"}, "pid": "4749495671719745"}, {"mid": "4749496590800101", "mblogid": "LkLDd3m8R", "uid": 5362217867, "name": "H__筱天", "data": {"visible_type": 0, "visible_list_id": 0, "time": "2022-03-21 16:34:51", "profile_image_url": "https://tvax2.sinaimg.cn/crop.0.0.996.996.50/005QTjOXly8ftk8ijmbk8j30ro0roq6t.jpg?KID=imgbed,tva&Expires=1647863989&ssig=JsyJ0YlCsB", "profile_url": "/u/5362217867", "verified": false, "verified_type": -1, "domain": "", "weihao": "", "verified_type_ext": null, "avatar_large": "https://tvax2.sinaimg.cn/crop.0.0.996.996.180/005QTjOXly8ftk8ijmbk8j30ro0roq6t.jpg?KID=imgbed,tva&Expires=1647863989&ssig=0HrfjqJ4it", "avatar_hd": "https://tvax2.sinaimg.cn/crop.0.0.996.996.1024/005QTjOXly8ftk8ijmbk8j30ro0roq6t.jpg?KID=imgbed,tva&Expires=1647863989&ssig=ZXjWlV9Jqv", "follow_me": false, "following": false, "mbrank": 0, "mbtype": 0, "planet_video": true, "icon_list": [], "can_edit": false, "textLength": null, "source": "OPPO Find X2", "favorited": false, "cardid": null, "pic_ids": [], "geo": null, "pic_num": 0, "is_paid": false, "mblog_vip_type": 0, "comments_count": 0, "attitudes_count": 0, "attitudes_status": 0, "isLongText": false, "mlevel": 0, "content_auth": 0, "is_show_bulletin": 2, "mblogtype": 0, "showFeedRepost": false, "showFeedComment": false, "pictureViewerSign": false, "showPictureViewer": false, "repost_type": 3, "share_repost_type": 0, "text": "( ^_^ )不错嘛"}, "pid": "4749495671719745"}]}