{"mid": "4749493227225649", "mblogid": "LkLxMujIJ", "uid": 6872180539, "name": "牛家庄老张", "data": {"visible_type": 0, "visible_list_id": 0, "time": "2022-03-21 16:21:28", "profile_image_url": "https://tvax4.sinaimg.cn/crop.0.0.960.960.50/007v4Y5Bly8h0gn4nrwgkj30qo0qoq5d.jpg?KID=imgbed,tva&Expires=1647906000&ssig=sQci8QUajY", "profile_url": "/u/6872180539", "verified": true, "verified_type": 0, "domain": "", "weihao": "", "verified_type_ext": 0, "avatar_large": "https://tvax4.sinaimg.cn/crop.0.0.960.960.180/007v4Y5Bly8h0gn4nrwgkj30qo0qoq5d.jpg?KID=imgbed,tva&Expires=1647906000&ssig=FgrAVmV1MT", "avatar_hd": "https://tvax4.sinaimg.cn/crop.0.0.960.960.1024/007v4Y5Bly8h0gn4nrwgkj30qo0qoq5d.jpg?KID=imgbed,tva&Expires=1647906000&ssig=PQoqzJ0Ykp", "follow_me": false, "following": false, "mbrank": 5, "mbtype": 12, "planet_video": false, "icon_list": [{"type": "vip", "data": {"mbrank": 5, "mbtype": 12}}], "can_edit": false, "textLength": 451, "source": "", "favorited": false, "cardid": "star_005", "pic_ids": ["007v4Y5Bgy1h0hkvhb9hjj30rs5jukjl"], "geo": null, "pic_num": 1, "is_paid": false, "mblog_vip_type": 0, "comments_count": 0, "attitudes_count": 439, "attitudes_status": 0, "isLongText": true, "mlevel": 0, "content_auth": 0, "is_show_bulletin": 2, "mblogtype": 0, "showFeedRepost": false, "showFeedComment": false, "pictureViewerSign": false, "showPictureViewer": false, "repost_type": null, "share_repost_type": 0, "text": "03月21日收盘涨停分析\n\n今日共114股涨停，连板股总数36只，23股封板未遂，封板率为83%（不含ST股、退市股及未开板新股）。个股方面，医药连锁板块中国医药icon8天7板、合富中国3板，锂电股宋都股份8天7板、鞍重股份icon3板，绿色建筑概念股晶雪节能创业板3板、北玻股份5板，预制菜+旅游的岭南控股5板， ​​​"}}